BeSS #,Name,RA,Dec,Vmag,SpecType,Simbad classification,Catalog memberships,Literature classification,Reference,epsi,sepsi,BP-RP,Parallax,Parallax_err,Gflux,Gflux_corrected,Gflux_err,Gmag,Gmag_corrected,Gmag_err,PM,PM_dec,pmdec_error,PM_RA,PM_RA_err,rgeo,rpgeo,Fluxb,Fluxh,Fluxm,Fluxs,Fluxu,Fluxw,HRhm,HRhs,HRms,NHGal,S_N,2CXO,2SXPS,CR0,E_CR0,e_CR0,SwiftHR1,SwiftHR2,CR1,e_CR1,CR2,E_CR2,e_CR2,CR3,E_CR3,e_CR3,PcstS0,FPO0,FPU0,Gam1,E_Gam1,e_Gam1,4XMM,Flux1,e_Flux1,Flux2,e_Flux2,Flux3,e_Flux3,Flux4,e_Flux4,Flux5,e_Flux5,Flux8,e_Flux8,Flux9,e_Flux9,HR1,e_HR1,HR2,e_HR2,HR3,e_HR3,HR4,e_HR4,2MASS,Jmag,Hmag,Kmag,e_Jmag,e_Hmag,e_Kmag,WISE,W1mag,e_W1mag,W2mag,e_W2mag,W3mag,e_W3mag
52,RX J0049.7-7323,12.42495833,-73.38741944,14.98,B2Ve,HMXB,"Gaia, Chandra, XMM, Swift, WISE, 2MASS",Be/XRB,http://articles.adsabs.harvard.edu/pdf/2000A%26A...359..573H,0.09,2.317,0.185655,-0.0301,0.0199,22713.9,22713.9,63.6131,14.796638,14.796638,0.004103,1.32,-1.209,0.025,0.53,0.022,22524.3223,27205.6895,3.64e-14,2.82e-14,6.32e-15,1.99e-15,0.0,,0.30106,0.5484100000000001,0.29482,4.58,58.367,J004942.0-732314,23322.0,0.0461,0.0012,-0.0012,0.657,0.481,0.0017,-0.000259,0.0104,0.000545,-0.000545,0.0296,0.000914,-0.000914,0.00E+00,4.24e-12,4.66e-12,4.69E-01,9.08E-02,-9.26E-02,J004942.2-732314,9.756830000000002e-16,2.76931e-16,5.07373e-15,5.37789e-16,4.5532e-14,1.6183199999999998e-15,1.14009e-13,4.3317799999999996e-15,5.58527e-13,2.46015e-14,7.60512e-13,2.5123099999999998e-14,1.36572e-13,3.2881300000000004e-15,0.781369,0.0406216,0.672771,0.018266900000000003," 0.141023"," 1.67773e-02",-0.024442,0.0186957,00494199-7323147,14.550999999999998,14.482,14.303,0.039,0.062,0.07200000000000001,J004941.97-732314.9,13.699000000000002,0.018000000000000002,13.544,0.015,12.848,
60,DZ Tuc,12.68620833,-73.2681,15.44,Be,HMXB,"Gaia, Chandra, XMM, Swift, WISE, 2MASS",Be/Xray pulsar,https://ui.adsabs.harvard.edu/abs/2006Ap%26SS.305..133L/abstract,0.064,0.7221,0.054705,-0.0248,0.0245,13699.1,13699.1,29.6074,15.345635,15.345635,0.003619,1.4480000000000002,-1.278,0.031,0.679,0.028,23639.7656,10989.6455,4.05e-13,3.5600000000000005e-13,3.77e-14,1.5999999999999998e-14,2.64e-14,,0.52467,0.64085,0.17489000000000002,4.83,66.336,J005044.6-731605,24913.0,0.018000000000000002,0.000734,-0.000734,0.594,0.461,0.0007769999999999999,-0.000187,0.00434,0.00035,-0.00035,0.0122,0.000586,-0.000586,4.71E-02,1.51e-12,1.64e-12,4.51E-01,1.34E-01,-1.40E-01,J005044.7-731605,8.749620000000001e-16,1.88117e-16,1.2416500000000001e-14,6.040569999999999e-16,5.702569999999999e-14,1.31247e-15,2.0563699999999998e-13,4.15008e-15,6.956189999999999e-13,2.05574e-14,9.690370000000002e-13,2.1061099999999998e-14,1.94001e-13,2.83623e-15,0.850844,0.026942599999999997,0.628668,0.016180200000000002," 0.120864"," 1.47305e-02",-0.073112,0.017265400000000004,00504470-7316054,15.296,15.299,14.806,0.045,0.1,0.113,J005044.53-731605.3,14.454,0.013,14.279000000000002,0.014,12.763,
66,SMC 25,12.96670833,-73.1761,14.45,Be,HMXB,"Gaia, Chandra, XMM, Swift, WISE, 2MASS",Be/Xray pulsar,https://ui.adsabs.harvard.edu/abs/2006AJ....132..919S/abstract,0.11,5.039,0.022547,-0.0247,0.0178,34738.5,34738.5,23.3263,14.335338,14.335338,0.00285,1.375,-1.215,0.021,0.643,0.022,27128.6328,18071.3828,5.7e-13,4.4e-13,6.84e-14,7.17e-14,1.03e-12,,0.35228000000000004,0.19613,-0.1674,5.03,50.777,J005152.0-731034,46407.0,0.0701,0.0035,-0.0035,0.332,0.185,0.00985,-0.00129,0.0217,0.00183,-0.00183,0.0319,0.0022600000000000003,-0.0022600000000000003,2.94E-03,4.4e-12,4.57e-12,1.00E+00,1.37E-01,1.00E+00,J005152.0-731033,1.6782400000000002e-14,7.23706e-16,8.16662e-14,1.58246e-15,1.69244e-13,2.38365e-15,4.4780600000000005e-13,6.557940000000001e-15,1.16929e-12,2.3304e-14,1.8916e-12,2.45248e-14,5.78084e-13,5.1925100000000004e-15,0.664199,0.0130507,0.29775300000000005,0.01052,-0.034882," 9.86319e-03",-0.193246,0.0114051,00515203-7310340,14.432,14.448,14.171,0.033,0.051,0.07200000000000001,J005151.96-731034.0,13.723,0.028,13.532,0.027000000000000003,12.461,
67,2E 0050.1-7247,12.97154167,-72.53013889,14.87,Be,HMXB,"Gaia, Chandra, Swift, WISE, 2MASS",Be/XRB,https://ui.adsabs.harvard.edu/abs/1997ApJ...484L.141I/abstract,0.282,22.63,-0.250686,0.0078,0.031,21378.0,21378.0,100.924,14.86245,14.86245,0.005819,1.479,-1.332,0.036000000000000004,0.6409999999999999,0.038,13345.4316,11738.6992,2.8999999999999996e-14,2.3e-14,4.27e-15,2.1699999999999998e-15,0.0,,0.37102,0.37726,0.0,6.83,11.609000000000002,J005153.0-723148,16639.0,0.0597,0.00105,-0.00105,0.208,0.22,0.011000000000000001,-0.000459,0.017,0.000551,-0.000551,0.0276,0.0007160000000000001,-0.0007160000000000001,0.00E+00,3.72e-12,3.7300000000000005e-12,"          ","           ","           ",,,,,,,,,,,,,,,,,,,,,,,,00515317-7231487,14.468,14.259,14.258,0.032,0.04,0.064,J005153.13-723149.0,14.67,0.018000000000000002,14.669,0.02,12.921,
69,X SMC X-3,13.02404167,-72.43421944,14.91,O9IVe,,"XMM, Swift",unconfirmed,no mentions,,,,,,,,,,,,,,,,,,,,,,,,,,,,,,,5225.0,0.0623,0.0005679999999999999,-0.0005679999999999999,0.603,0.355,0.00433,-0.000154,0.018000000000000002,0.000302,-0.000302,0.0378,0.000437,-0.000437,0.00E+00,4.82e-12,5.18e-12,7.69E-01,2.94E-02,-2.86E-02,J005205.6-722603,3.79174e-15,3.47721e-16,2.35984e-14,8.29232e-16,8.916039999999999e-14,1.64998e-15,3.12127e-13,5.15895e-15,8.5105e-13,2.07977e-14,1.29055e-12,2.1561599999999998e-14,3.16614e-13,3.5490499999999996e-15,0.662555,0.00456602,0.442941,0.0032729,-0.007716," 3.12410e-03",-0.290036,0.0032895,,,,,,,,,,,,,,
71,2E 0050.4-7335,13.05829167,-73.3219,14.67,Be,HMXB,"Gaia, Chandra, Swift, WISE, 2MASS",Be/XRB pulsar,https://ui.adsabs.harvard.edu/abs/2018cosp...42E2127M/abstract,0.0,0.0,0.166074,-0.0646,0.017,27987.1,27987.1,44.5053,14.569972,14.569972,0.003252,1.358,-1.192,0.019,0.6509999999999999,0.021,38760.6641,32283.7773,7.58e-16,0.0,4.49e-16,6.3e-16,0.0,,0.34978000000000004,-0.08868999999999999,-0.41849,4.74,5.625,J005214.0-731918,34857.0,0.467,0.00365,-0.00365,0.645,0.156,0.0379,-0.00102,0.179,0.0024,-0.0024,0.253,0.0027600000000000003,-0.0027600000000000003,0.00E+00,2.93e-11,3.38e-11,1.39E+00,2.72E-02,-2.39E-02,,,,,,,,,,,,,,,,,,,,,,,,00521398-7319187,14.4,14.253,14.107,0.032,0.053,0.065,J005213.99-731918.6,13.553,0.012,13.486,0.01,12.41,0.365
82,CXOU J005323.8-722715,13.34958333,-72.4542,16.19,Be,HMXB,"Gaia, Chandra, XMM, Swift, WISE, 2MASS",Be/Xray pulsar,https://ui.adsabs.harvard.edu/abs/2006AJ....132..919S/abstract,0.037000000000000005,0.1174,-0.146399,0.0096,0.0332,6320.93,6320.93,8.803980000000003,16.185415,16.185415,0.003143,1.474,-1.3230000000000002,0.042,0.65,0.04,15631.5186,11711.7617,2.42e-13,2.07e-13,2.4e-14,1.17e-14,3.87e-15,,0.4822,0.58963,0.14741,6.98,33.424,J005323.8-722715,4024.0,0.0115,0.00024,-0.00024,0.622,0.34600000000000003,0.000735,-6.92e-05,0.00339,0.000127,-0.000127,0.007120000000000001,0.000184,-0.000184,4.94E-11,8.71e-13,9.62e-13,8.22E-01,6.17E-02,-6.61E-02,J005323.8-722715,2.46548e-15,2.4863299999999996e-16,1.70091e-14,5.83203e-16,5.76202e-14,1.07695e-15,1.91054e-13,3.28613e-15,4.565449999999999e-13,1.16496e-14,7.24506e-13,1.22374e-14,1.98842e-13,2.37208e-15,0.732062,0.023803099999999997,0.523565,0.0139716," 0.084874"," 1.24369e-02",-0.236643,0.0138488,00532381-7227152,16.274,15.802,16.502,0.107,0.159,,,15.66286646684155,,15.348839042870344,,,
92,Cl* NGC 330 ELS 065055,13.48058333,-72.44591667,14.72,B1IIIe,HMXB,"Gaia, Chandra, XMM, Swift, WISE, 2MASS",X-ray pulsar,https://ui.adsabs.harvard.edu/abs/2007ATel.1316....1S/abstract,0.104,3.471,0.025461,-0.0412,0.0191,25645.9,25645.9,31.1138,14.664824,14.664824,0.003054,1.408,-1.234,0.023,0.6779999999999999,0.024,25483.3027,22598.0684,6.7e-15,3.56e-15,1.5e-15,1.67e-15,0.0,,-0.034980000000000004,-0.30981,-0.27608,6.97,7.359,J005355.3-722645,3609.0,1.15,0.00937,-0.00937,0.527,0.34600000000000003,0.101,-0.00283,0.33,0.00499,-0.00499,0.679,0.00717,-0.00717,0.00E+00,9.04e-11,9.41e-11,7.14E-01,2.51E-02,-2.52E-02,J005355.5-722644,4.28066e-16,1.44298e-16,1.51625e-15,2.2385000000000003e-16,5.33826e-16,1.72027e-16,1.16369e-15,3.93096e-16,1.01401e-15,1.29417e-15,6.48374e-15,1.50648e-15,4.96288e-15,5.283140000000001e-16,0.726733,0.0227045,0.496659,0.0146179," 0.078942"," 1.33539e-02",-0.105014,0.0158068,00535518-7226448,14.413,14.214,13.998,0.036000000000000004,0.056,0.069,J005355.13-722644.9,13.454,0.013,13.402,0.012,,
117,Cl* NGC 330 ELS 016486,13.69341667,-72.42298889,15.58,B1IIIe,HMXB,"Gaia, Chandra, XMM, Swift, WISE, 2MASS",X-ray pulsar?,https://ui.adsabs.harvard.edu/abs/2010ATel.2998....1S/abstract,0.096,1.479,0.085011,-0.036000000000000004,0.0265,12077.7,12077.7,9.83213,15.482404999999998,15.482404999999998,0.0028940000000000003,1.43,-1.247,0.031,0.6990000000000001,0.031,18205.9082,24066.2871,2.42e-14,2.04e-14,3.4e-15,1.2e-15,0.0,,0.36227,0.61087,0.3148,6.98,11.22,J005446.3-722522,3157.0,0.00126,0.000118,-0.000118,0.158,0.402,0.000155,-6.159999999999999e-05,0.000333,6.05e-05,-6.05e-05,0.000789,8.6e-05,-8.6e-05,9.41E-11,1.5399999999999992e-13,1.55e-13,"          ","           ","           ",J005446.3-722523,1.1962999999999998e-16,8.4906e-17,7.24248e-16,1.63686e-16,2.52316e-15,2.6341799999999996e-16,1.80146e-14,1.0792e-15,5.46261e-14,5.4094e-15,8.009019999999999e-14,5.58216e-15,2.2547e-14,8.871909999999999e-16,0.835946,0.0831672,0.78198,0.027322199999999998," 0.195384"," 2.43039e-02"," 0.003597",0.0263563,00544633-7225228,15.293,15.205,14.84,0.059,0.093,0.12,J005446.31-722522.9,14.454,0.016,14.309,0.017,12.629,
164,2E 0054.4-7237,14.02170833,-72.3667,15.88,Be,,"XMM, Swift",Be/Xray pulsar,https://ui.adsabs.harvard.edu/abs/2006AJ....132..919S/abstract,,,,,,,,,,,,,,,,,,,,,,,,,,,,,,,5767.0,0.000505,0.000232,-0.000232,-0.078,0.321,0.0,0.0,0.000129,0.000113,-0.000113,0.000377,0.00015,-0.00015,8.00E-01,2.4e-14,3.05e-14,"          ","           ","           ",J005605.5-722159,8.21068e-17,1.20375e-16,2.14661e-16,1.74134e-16,3.18965e-15,4.1922199999999997e-16,9.714449999999999e-15,1.19583e-15,1.04863e-14,3.5144100000000002e-15,2.88835e-14,4.1236600000000004e-15,9.836459999999999e-15,8.97966e-16,0.42768999999999996,0.415311,0.881626,0.0800239," 0.055846"," 8.11863e-02",-0.489517,0.08269850000000001,,,,,,,,,,,,,,
217,gam Cas,14.17720833,60.71674167,2.47,B0IVpe,Em*,"Gaia, XMM, WISE, 2MASS",gamma Cas,https://ui.adsabs.harvard.edu/abs/1978ApJ...220..940P/abstract,2.042,2968.0,0.410735,,,2812640000.0,2812640000.0,15134900.0,2.0645830000000003,2.0645830000000003,0.006459,,,,,,,,,,,,,,,,,,,,,,,,,,,,,,,,,,,,,,,,J005642.4+604300,4.45948e-12,9.01023e-15,1.43329e-11,1.42089e-14,3.00362e-11,2.03239e-14,6.14234e-11,4.72037e-14,1.0651799999999999e-10,1.24426e-13,2.1733199999999998e-10,1.36272e-13,9.78278e-11,3.8981199999999994e-14,0.600852,0.000704471,0.361398,0.000515199,-0.124144," 4.98733e-04",-0.375511,0.0005877930000000001,00564251+6043002,2.039,1.993,1.756,0.238,0.182,0.23,J005642.59+604300.3,1.5172909947763602,,0.5660439377808224,,0.362,0.12
228,RX J0057.4-7325,14.3625,-73.42209722,15.67,Be,HMXB,"Gaia, Chandra, Swift, WISE, 2MASS",unclear,https://ui.adsabs.harvard.edu/abs/2000PASJ...52L..53Y/abstract,0.07200000000000001,0.7259,-0.050037,0.0293,0.0285,10590.4,10590.4,17.875,15.625085,15.625085,0.0033090000000000003,1.511,-1.286,0.032,0.7929999999999999,0.033,11827.8643,12084.1299,8.209999999999998e-13,7.09e-13,7.59e-14,4.85e-14,0.0,,0.4822,0.51343,0.03998,4.72,18.311,J005727.1-732519,150891.0,0.0133,0.0021100000000000003,-0.0021100000000000003,0.481,0.046,0.00155,-0.0007769999999999999,0.00533,0.00128,-0.00128,0.00581,0.00136,-0.00136,4.67E-02,7.24e-13,8.61e-13,1.48E+00,4.85E-01,-4.00E-01,,,,,,,,,,,,,,,,,,,,,,,,00572706-7325192,15.67,15.575,15.605,0.063,0.145,0.24,,15.170621999799573,,15.233432530410715,,,
248,[HP2004] 39,15.12579167,-72.3431,,Be,,"XMM, Swift",HMXB?,https://ui.adsabs.harvard.edu/abs/2003A%26A...403..901S/abstract,,,,,,,,,,,,,,,,,,,,,,,,,,,,,,,64205.0,0.00436,0.000508,-0.000508,0.5539999999999999,0.232,0.000286,-0.00019,0.00149,0.00029,-0.00029,0.00241,0.000367,-0.000367,0.00E+00,3.5e-13,3.64e-13,1.05E+00,2.97E-01,-2.68E-01,J010030.1-722033,3.3416099999999996e-16,9.38633e-17,7.644089999999999e-16,1.25976e-16,5.02643e-15,3.06277e-16,2.22788e-14,1.04241e-15,2.87973e-14,3.78458e-15,5.29741e-14,4.11516e-15,2.0034099999999998e-14,7.11119e-16,0.824425,0.020185599999999998,0.40335,0.0184967," 0.044962"," 1.66777e-02",-0.040202,0.020388299999999998,,,,,,,,,,,,,,
258,RX J0101.3-7211,15.33670833,-72.1886,15.49,Be,HMXB,"Gaia, Chandra, XMM, Swift, WISE, 2MASS",Be/XRB,https://ui.adsabs.harvard.edu/abs/2001A%26A...369L..29S/abstract,0.217,6.593,-0.188244,-0.0272,0.034,10938.8,10938.8,36.1312,15.589946,15.589946,0.004522,1.471,-1.24,0.036000000000000004,0.79,0.045,16972.9512,14967.6523,,,,,,0.0,,,,6.85,26.797,J010120.6-721118,51334.0,0.188,0.0271,-0.0271,0.287,0.511,0.0033200000000000005,-0.0033200000000000005,0.0368,0.0129,-0.0129,0.139,0.0215,-0.0215,0.00E+00,2.12e-11,2.31e-11,"          ","           ","           ",J010120.6-721119,1.75619e-15,1.61747e-16,7.56552e-15,2.99284e-16,2.7041000000000004e-14,5.76059e-16,1.0881600000000001e-13,1.94247e-15,3.89009e-13,9.94626e-15,5.36326e-13,1.0185e-14,1.0323499999999999e-13,1.31697e-15,0.666565,0.0236225,0.450191,0.0152172," 0.167650"," 1.23994e-02"," 0.058280",0.013706,01012065-7211192,15.393,15.300999999999998,15.088,0.055,0.111,0.13,J010120.61-721119.1,15.416,0.021,15.243,0.032,12.554,
271,RX J0105.5-7221,16.148,-72.36328056,15.15,Be,HMXB,"Gaia, Chandra, Swift, WISE, 2MASS",unconfirmed,no mentions,0.147,4.606,0.052005,0.0193,0.0252,16845.0,16845.0,21.4549,15.121189,15.121189,0.003083,1.491,-1.272,0.029,0.778,0.035,12881.1953,10756.1504,0.0,0.0,0.0,0.0,,,,,,5.69,5.412000000000001,J010435.4-722148,153308.0,0.0114,0.00232,-0.00232,0.384,0.425,0.0006519999999999999,-0.0006519999999999999,0.00252,0.000983,-0.000983,0.00691,0.00158,-0.00158,6.63E-01,5.44e-13,6.98e-13,"          ","           ","           ",,,,,,,,,,,,,,,,,,,,,,,,01043544-7221485,14.991,14.82,14.526,0.029,0.058,0.095,J010435.41-722148.6,14.358,0.014,14.135,0.014,12.856,0.447
287,XTE J0111-7317,17.785,-73.2794,15.52,B1IVe,HMXB,"Gaia, XMM, WISE, 2MASS",Be/Xray pulsar,https://ui.adsabs.harvard.edu/abs/2006AJ....132..971S/abstract,0.0,0.0,0.016436000000000003,-0.0879,0.0253,12603.5,12603.5,14.118,15.436142000000002,15.436142000000002,0.003012,1.596,-1.236,0.028,1.01,0.034,25603.6875,24033.5781,,,,,,,,,,,,,,,,,,,,,,,,,,,,,,,,,J011108.4-731646,6.222590000000001e-16,2.0457400000000003e-16,2.06339e-15,3.23981e-16,3.37041e-15,4.841080000000001e-16,6.91506e-15,1.14176e-15,2.20267e-14,6.94447e-15,3.7969499999999997e-14,7.096139999999999e-15,1.21316e-14,1.0284000000000001e-15,0.484245,0.12498,0.21011999999999997,0.0946413,-0.076779," 9.23760e-02",-0.276336,0.151597,01110860-7316462,15.095999999999998,15.185,14.902,0.05,0.085,0.125,J011108.52-731646.3,14.546,0.014,14.361,0.015,12.362,
336,ACHERNAR,24.42854167,-57.23675278,0.5,B6Vpe,Em*,"XMM, 2MASS",Be star,https://ui.adsabs.harvard.edu/abs/2003A%26A...407L..47D/abstract,,,,,,,,,,,,,,,,,,,,,,,,,,,,,,,,,,,,,,,,,,,,,,,,,,,J013742.6-571413,1.28896e-13,5.44189e-15,3.3520700000000003e-13,7.64908e-15,8.88298e-14,4.1155e-15,1.75722e-14,3.4825000000000005e-15,1.3944799999999997e-14,8.09673e-15,5.84488e-13,1.36749e-14,6.076149999999999e-13,1.2595299999999999e-14,0.5354,0.0171077,-0.600626,0.0165472,-0.859062," 2.64721e-02",-0.635355,0.177814,01374284-5714119,0.815,0.865,0.88,0.254,0.32,0.33,,,,,,,
382,V831 Cas,26.75070833,61.35658056,11.34,B1IVe,HMXB,"Gaia, XMM, Swift, WISE, 2MASS",unconfirmed,no mentions,0.184,64.95,1.030197,0.328,0.0217,614891.0,614891.0,823.448,11.215371,11.215371,0.003115,1.033,-0.08199999999999999,0.017,-1.029,0.016,2751.88892,2740.13037,,,,,,,,,,,,,201023.0,0.871,0.0374,-0.0374,0.779,0.825,0.00809,-0.00374,0.0746,0.0114,-0.0114,0.7879999999999999,0.0355,-0.0355,6.68E-01,1.06e-10,1.39e-10,-7.20E-01,-1.00E+00,-1.64E-01,J014700.2+612123,2.38465e-14,1.4049400000000001e-15,2.53707e-13,4.4787e-15,1.7833299999999998e-12,1.26271e-14,6.26065e-12,4.0260599999999996e-14,1.71348e-11,1.74159e-13,2.54422e-11,1.79663e-13,5.7437099999999996e-12,2.64192e-14,0.819435,0.00984703,0.7256859999999999,0.00452927," 0.104715"," 4.72716e-03",-0.170784,0.00580317,01470019+6121236,9.899,9.7,9.486,0.027000000000000003,0.036000000000000004,0.02,J014700.20+612123.5,9.155,0.014,8.986,0.009000000000000001,8.628,0.023
465,V782 Cas,32.18933333,65.037425,7.622000000000001,B6IIe,Em*,"Gaia, XMM, WISE, 2MASS",unconfirmed,no mentions,0.319,110.3,0.612152,1.1826,0.0334,19020500.0,19020500.0,22562.2,7.489314,7.489314,0.003041,3.951,-3.572,0.028,1.69,0.024,832.176147,827.184937,,,,,,,,,,,,,,,,,,,,,,,,,,,,,,,,,J020845.4+650214,0.0,1.1346e-15,5.5814300000000005e-15,2.22405e-15,7.35669e-14,7.0519999999999994e-15,8.041430000000001e-13,3.90188e-14,6.245380000000001e-12,3.42201e-13,7.12868e-12,3.445e-13,4.38272e-13,1.91123e-14,1.0,0.432471,0.812409,0.0696715," 0.570491"," 3.62361e-02"," 0.397745",0.0308052,02084543+6502147,6.6610000000000005,6.45,6.199,0.035,0.024,0.023,J020845.39+650214.1,6.5360000000000005,0.027000000000000003,5.977,0.016,4.837,0.015
512,BD+56 511,34.69966667,57.06724722,9.11,B3IIIe,Em*,"Gaia, Chandra, WISE, 2MASS",unconfirmed,no mentions,0.109,17.83,0.558711,0.3865,0.0185,4643810.0,4643810.0,1654.34,9.020182,9.020182,0.002782,1.024,-1.015,0.017,-0.13699999999999998,0.013,2431.97217,2416.52417,3.47e-16,0.0,1.5e-16,7.16e-17,,,-0.12742,-0.8157399999999999,-0.29232,40.75,2.818,J021847.9+570402,,,,,,,,,,,,,,,,,,,,,,,,,,,,,,,,,,,,,,,,,,,,02184793+5704021,8.298,8.187999999999999,8.095,0.043,0.046,0.024,J021847.93+570402.2,7.784,0.009000000000000001,7.744,0.006999999999999999,7.286,0.018000000000000002
514,Cl* NGC 869 W 284,34.73675,57.12866944,12.053,B3e,Em*,"Gaia, Chandra, WISE, 2MASS",unconfirmed,no mentions,0.085,12.17,0.53827,0.4,0.0149,295086.0,295086.0,75.2328,12.012494,12.012494,0.002769,1.4269999999999998,-1.288,0.014,-0.615,0.012,2279.4926800000007,2266.74658,0.0,0.0,,,,,0.99938,0.99938,-0.99938,41.38,2.421,J021856.8+570742,,,,,,,,,,,,,,,,,,,,,,,,,,,,,,,,,,,,,,,,,,,,02185683+5707430,11.101,11.034,10.913,0.05,0.054000000000000006,0.04,J021856.83+570743.2,11.123,0.022,11.205,0.02,,
516,Cl* NGC 869 LAV 1039,34.78566667,57.06363889,12.37,B3e,Em*,"Gaia, Chandra, WISE, 2MASS",unconfirmed,no mentions,0.599,665.3,0.685723,0.4988,0.0667,224521.0,224521.0,193.874,12.309223,12.309223,0.0029100000000000003,1.167,-0.933,0.063,-0.701,0.049,2085.00024,1763.36694,4.480000000000002e-16,0.0,2.78e-16,3.46e-16,,,-0.90194,-0.99938,-0.36227,40.88,3.636,J021908.6+570348,,,,,,,,,,,,,,,,,,,,,,,,,,,,,,,,,,,,,,,,,,,,02190862+5703489,11.194,10.905,10.69,0.029,0.032,0.023,J021908.62+570349.0,10.169,0.009000000000000001,9.995,0.008,9.073,0.03
520,HD 14162,34.864375,57.13837778,9.37,Be,Em*,"Gaia, Chandra, WISE, 2MASS",unconfirmed,no mentions,0.084,11.49,0.552583,0.4006,0.0147,3636780.0,3636780.0,1215.18,9.285574,9.285574,0.002779,1.239,-1.089,0.014,-0.59,0.011,2348.68726,2326.17798,5.28e-16,0.0,2.25e-16,2.57e-16,0.0,,-0.27858,-0.67208,-0.43223,41.72,4.294,J021927.4+570817,,,,,,,,,,,,,,,,,,,,,,,,,,,,,,,,,,,,,,,,,,,,02192746+5708176,8.588,8.517000000000001,8.535,0.029,0.026,0.02,J021927.45+570817.6,8.488,0.014,8.507,0.008,8.521,0.025
536,NGC 884 2079,35.42883333,57.30806111,9.61,Be,,XMM,unconfirmed,no mentions,,,,,,,,,,,,,,,,,,,,,,,,,,,,,,,,,,,,,,,,,,,,,,,,,,,J022142.9+571830,1.9219599999999998e-16,2.1493700000000002e-16,1.60722e-15,4.77228e-16,1.2706300000000001e-15,5.11985e-16,9.3506e-16,9.72551e-16,0.0,2.80871e-15,5.39244e-15,3.2567300000000004e-15,5.6299999999999996e-15,1.21559e-15,0.845557,0.156937,-0.062795,0.211139,-0.574056," 2.77704e-01",-1.000000,0.79473,,,,,,,,,,,,,,
597,V615 Cas,40.13195833,61.22933611,10.8,B0Ve,HMXB,"Gaia, Chandra, XMM, Swift, WISE, 2MASS",Be/BH binary?,https://ui.adsabs.harvard.edu/abs/2017MNRAS.468.3689M/abstract,0.07,8.107999999999999,1.283074,0.3776,0.013,1300340.0,1300340.0,1116.6,10.402225,10.402225,0.002909,0.495,-0.256,0.012,-0.423,0.011,2504.49585,2473.95679,2.21e-12,1.99e-12,2.11e-13,5.17e-14,3.74e-14,,0.50843,0.74703,0.38601,88.95,126.436,J024031.6+611345,1813.0,0.234,0.000802,-0.000802,0.7390000000000001,0.17600000000000002,0.0134,-0.000199,0.0906,0.0005070000000000001,-0.0005070000000000001,0.13,0.000603,-0.000603,0.00E+00,1.36e-11,1.92e-11,1.54E+00,1.88E-02,-1.64E-02,J024031.6+611345,2.39877e-14,4.3352699999999996e-16,2.38493e-13,1.31254e-15,1.2891399999999999e-12,3.19706e-15,3.13955e-12,8.46741e-15,5.2596e-12,2.22144e-14,9.93006e-12,2.4099400000000003e-14,3.63585e-12,6.2910800000000005e-15,0.8114520000000001,0.00309533,0.668485,0.00164552,-0.069030," 1.76332e-03",-0.405243,0.00200346,02403165+6113456,8.621,8.228,7.917000000000002,0.024,0.021,0.023,J024031.66+611345.4,7.336,0.006999999999999999,7.287000000000001,0.006,6.962999999999999,0.017
682,GSC 02342-00359,52.293,31.36653056,14.25,B5e,**,"Gaia, XMM, WISE, 2MASS",unconfirmed,no mentions,2.231,711.8,3.017814,,,26956.0,26956.0,193.766,14.610729999999998,14.610729999999998,0.008277,,,,,,,,,,,,,,,,,,,,,,,,,,,,,,,,,,,,,,,,J032910.3+312159,7.70184e-16,2.65266e-16,7.90655e-15,6.7659e-16,1.15096e-13,2.51465e-15,2.1685e-13,5.936440000000001e-15,2.36485e-13,1.81293e-14,5.754109999999999e-13,1.9337200000000002e-14,2.7171e-13,4.57577e-15,0.81782,0.0577618,0.8611260000000001,0.011590399999999999,-0.202441," 1.67756e-02",-0.565822,0.0276246,03291037+3121591,9.368,7.987,7.172999999999999,0.03,0.031,0.023,J032910.31+312159.5,,,,,-1.5590000000000002,0.307
688,BQ Cam,53.74954167,53.17321944,11.3,Be,HMXB,"Gaia, Chandra, XMM, Swift, WISE, 2MASS",Be transient x-ray pulsar,https://ui.adsabs.harvard.edu/abs/2018acps.confE..46D/abstract,0.0,4.279999999999999e-15,2.3886990000000003,0.1343,0.0202,39342.4,39342.4,71.1756,14.200214,14.200214,0.0033840000000000003,0.515,0.44,0.02,-0.268,0.02,5584.23926,5883.42285,2.18e-14,1.2e-14,9.55e-15,1.3300000000000001e-15,,,-0.27358000000000005,0.49219,0.6583399999999999,81.78,3.818,J033459.9+531023,35064.0,1.1,0.00564,-0.00564,0.929,0.721,0.00475,-0.000336,0.135,0.00184,-0.00184,0.821,0.00446,-0.00446,0.00E+00,1.3000000000000002e-10,1.4699999999999998e-10,"          ","           ","           ",J033459.8+531022,2.9090500000000004e-17,1.01454e-16,1.4808099999999999e-15,3.728e-16,1.51953e-14,1.14385e-15,2.1350299999999998e-14,2.35699e-15,5.81092e-16,2.09456e-15,4.1206599999999996e-14,3.67519e-15,3.2836300000000005e-14,2.02637e-15,0.953155,0.13092,0.8363790000000001,0.042153699999999995,-0.344656," 5.81413e-02",-0.993853,0.0357554,03345990+5310233,11.817,11.206,10.744000000000002,0.023,0.03,0.025,J033459.90+531023.3,9.986,0.014,9.76,0.009000000000000001,9.084,0.029
695,MEROPE,56.58154167,23.94835556,4.164,B6IVe,Em*,"Gaia, Chandra, WISE, 2MASS",Be star,https://en.wikipedia.org/wiki/Merope_(star),1.505,3081.0,-0.011191,7.067,0.2862,403506000.0,403506000.0,889464.0,4.172742,4.172742,0.00365,50.139,-48.404,0.195,13.075,0.317,142.660645,141.260788,2.04e-13,0.0,2.24e-14,1.8000000000000002e-13,0.0,,-0.84072,-0.98314,-0.81199,10.83,20.383,J034619.6+235653,,,,,,,,,,,,,,,,,,,,,,,,,,,,,,,,,,,,,,,,,,,,03461958+2356541,4.2330000000000005,4.309,4.22,0.24,0.154,0.016,J034619.61+235653.8,4.268972127905435,,3.6465792866485423,,4.163,0.015
705,Menkhib,59.74125,35.79103056,4.06,O7.5IIIe,**,"Gaia, XMM, Swift, WISE, 2MASS",O star,https://ui.adsabs.harvard.edu/abs/2014MNRAS.441..910R/abstract,1.328,3186.0,0.08114299999999999,2.4457,0.2616,484165000.0,484165000.0,871595.0,3.974884,3.974884,0.003378,2.734,2.6210000000000004,0.212,0.778,0.29,417.692932,425.826111,,,,,,,,,,,,,136909.0,0.0311,0.00237,-0.00237,-0.72,-0.897,0.0106,-0.00293,0.00235,0.000672,-0.000672,0.0,0.00028900000000000003,0.0,2.23E-04,1.56e-12,2e-12,"          ","           ","           ",J035857.8+354728,4.65863e-13,2.26941e-15,1.57962e-12,3.68359e-15,5.208560000000001e-13,2.16674e-15,7.21033e-14,1.3784e-15,1.39604e-15,7.81515e-16,2.6379e-12,5.1575899999999995e-15,2.61756e-12,5.90425e-15,0.620686,0.00166088,-0.521706,0.00173936,-0.899642," 1.86403e-03",-0.987320,0.00601355,03585791+3547276,3.987,4.07,3.953,0.27,0.224,0.036000000000000004,J035857.93+354727.8,4.091440167707058,,3.608025993952971,,3.95,0.015
745,lam Eri,77.28658333,-8.754080556,4.249,B2IVne,Em*,"Gaia, XMM, WISE, 2MASS",Be star (variable),https://ui.adsabs.harvard.edu/abs/2002MNRAS.332..714B/abstract,1.547,4507.0,-0.268388,3.6256,0.232,378064000.0,378064000.0,699518.0,4.243453,4.243453,0.0034100000000000003,2.8560000000000003,-2.276,0.18600000000000005,1.726,0.25,274.778259,271.507721,,,,,,,,,,,,,,,,,,,,,,,,,,,,,,,,,J050908.8-084514,1.79492e-14,2.36657e-15,4.3213e-14,3.16813e-15,1.99075e-14,2.25172e-15,8.321420000000001e-15,2.8820599999999997e-15,2.46074e-15,5.06703e-15,9.60336e-14,7.726449999999999e-15,9.21941e-14,5.70679e-15,0.49874399999999997,0.05573909999999999,-0.335595,0.05748330000000001,-0.739248," 7.91505e-02",-0.878474,0.200704,05090877-0845147,4.854,4.832,4.713,0.204,0.076,0.02,J050908.79-084514.7,5.332999999999998,0.065,4.135,0.051,4.065,0.014
758,RX J0516.0-6916,79.00041667,-69.2692,15.0,Be,HMXB,"XMM, Swift",unconfirmed,no mentions,,,,,,,,,,,,,,,,,,,,,,,,,,,,,,,15241.0,0.006,0.000302,-0.000302,0.49,0.205,0.000353,-0.000134,0.00203,0.000156,-0.000156,0.00325,0.000192,-0.000192,0.00E+00,3.46e-13,4.4e-13,1.06E+00,1.28E-01,-1.31E-01,J051559.9-691607,9.536680000000001e-17,1.4076799999999998e-16,1.8946900000000003e-16,2.33894e-16,1.02028e-15,3.40732e-16,1.26772e-14,1.53117e-15,1.10702e-13,1.1961e-14,1.2610899999999998e-13,1.20804e-14,8.08774e-15,1.04743e-15,-0.012297,0.5475869999999999,0.692607,0.271755," 0.599376"," 1.00238e-01"," 0.423210",0.063929,,,,,,,,,,,,,,
772,25 Ori,81.18679167,1.846444444,4.873,B1Vpe,Em*,"Gaia, Chandra, XMM, WISE, 2MASS",Be star,no mentions,0.823,1467.0,-0.044976,2.9321,0.1219,262114000.0,262114000.0,640270.0,4.64114,4.64114,0.003824,1.133,0.433,0.084,1.047,0.126,341.688354,339.141052,1.85e-14,1.5999999999999998e-14,5.299999999999999e-16,2.75e-15,0.0,,0.64335,-0.28607,-0.7770100000000001,11.14,2.526,J052444.8+015046,,,,,,,,,,,,,,,,,,,,,J052444.8+015047,4.62933e-15,7.03903e-16,3.9798099999999995e-15,5.82897e-16,5.585030000000001e-16,3.63251e-16,5.25817e-17,3.45779e-16,2.18482e-15,4.26225e-15,1.20521e-14,4.45899e-15,6.20886e-15,1.06343e-15,0.034176,0.101168,-0.7346699999999999,0.143966,-0.919258," 3.40836e-01"," 0.937899",0.275364,05244482+0150472,5.369,5.417000000000002,5.355,0.027000000000000003,0.027000000000000003,0.02,J052444.86+015047.4,4.323914354170944,,3.585761117785516,,3.312,0.014
842,RX J0531.2-6609,82.80541667,-66.1181,14.4,B0.7Ve,HMXB,"XMM, Swift",unconfirmed,no mentions,,,,,,,,,,,,,,,,,,,,,,,,,,,,,,,91389.0,0.0513,0.00199,-0.00199,0.208,0.353,0.00825,-0.000782,0.0136,0.00103,-0.00103,0.0285,0.00148,-0.00148,0.00E+00,3.64e-12,3.64e-12,"          ","           ","           ",J053113.2-660707,3.16767e-14,1.51898e-15,7.817000000000001e-14,2.19873e-15,1.8432000000000002e-13,3.29833e-15,1.01131e-12,1.30852e-14,5.94328e-12,8.27102e-14,7.2370899999999994e-12,8.405889999999999e-14,8.698950000000001e-13,8.37675e-15,0.44026400000000004,0.0224362,0.403422,0.013880400000000001," 0.326711"," 9.86684e-03"," 0.173643",0.00919947,,,,,,,,,,,,,,
855,RX J0535.0-6700,83.77458333,-67.0044,14.873,B0Ve,HMXB,"Gaia, XMM, Swift, WISE, 2MASS",Be/HMXB,https://ui.adsabs.harvard.edu/abs/2002A%26A...385..517N/abstract,0.078,1.661,-0.070698,-0.0051,0.0206,23009.6,23009.6,23.0114,14.782597,14.782597,0.002962,1.705,0.565,0.026,1.609,0.032,17862.2148,16686.9375,,,,,,,,,,,,,156371.0,0.00447,0.00137,-0.00137,-0.228,0.718,0.0006730000000000001,-0.0006730000000000001,0.000414,0.000467,-0.000414,0.00324,0.00104,-0.00104,5.16E-02,2.11e-13,2.67e-13,"          ","           ","           ",J053505.5-670015,1.04824e-15,9.21611e-16,1.7526499999999998e-15,1.11276e-15,2.5490099999999998e-14,2.9206199999999997e-15,2.49355e-13,1.3784899999999999e-14,1.24992e-12,9.553610000000001e-14,1.52788e-12,9.658089999999999e-14,1.71901e-13,8.72711e-15,0.381938,0.457596,0.877734,0.0697816," 0.566772"," 4.31064e-02"," 0.007367",0.047128300000000005,05350598-6700157,14.876,14.783,14.463,0.047,0.078,0.097,J053505.98-670015.7,14.157,0.043,14.172,0.028,13.38,
856,V1230 Ori,83.83629167,-5.362330556,9.736,B8IVve,V*,"Gaia, Chandra, 2MASS",Orion type variable,no mentions,0.22,70.05,0.7220880000000001,2.4554,0.031,3095130.0,3095130.0,1914.27,9.46067,9.46067,0.002836,3.379,-1.425,0.023,3.064,0.027000000000000003,403.382172,404.166901,8.809999999999998e-13,5.5e-13,2.2e-13,1.16e-13,,,-0.0075,0.02873,0.034980000000000004,19.45,220.895,J053520.7-052144,,,,,,,,,,,,,,,,,,,,,,,,,,,,,,,,,,,,,,,,,,,,05352071-0521443,8.067,7.604,7.38,0.026,0.034,0.023,,,,,,,
857,43 Ori,83.84541667,-5.416061111,5.08,O9.5Vpe,**,"Gaia, Chandra, XMM, 2MASS",O/B star,https://en.wikipedia.org/wiki/Theta2_Orionis,1.433,4567.0,-0.004442,2.9728,0.2136,188027000.0,188027000.0,345470.0,5.001814,5.001814,0.0034020000000000005,2.63,2.394,0.13699999999999998,1.089,0.16899999999999998,333.819092,332.793579,6.97e-13,1.33e-13,1.23e-13,4.42e-13,1.88e-13,,-0.36477,-0.8144899999999999,-0.6396,19.31,210.462,J053522.8-052457,,,,,,,,,,,,,,,,,,,,,J053522.9-052458,7.608610000000001e-14,1.82562e-15,5.826649999999999e-13,4.9746e-15,2.73459e-13,4.10221e-15,8.11303e-14,4.9436900000000005e-15,5.16454e-15,6.2046e-15,1.0264299999999999e-12,1.2159e-14,1.09327e-12,9.24304e-15,0.775365,0.00511258,-0.399009,0.00709262,-0.803279," 1.04836e-02",-0.915027,0.0399744,05352289-0524578,4.912,4.923,4.837,0.037000000000000005,0.063,0.021,,,,,,,
892,V725 Tau,84.727375,26.31578611,9.19,O9.7IIe,HMXB,"Gaia, Chandra, XMM, Swift, WISE, 2MASS",Be/Xray transient,https://ui.adsabs.harvard.edu/abs/1988ESASP.281a.141G/abstract,0.123,25.19,0.977099,0.5245,0.0233,6825690.0,6825690.0,6126.93,8.601999000000001,8.601999000000001,0.0029230000000000003,2.939,-2.88,0.016,-0.59,0.031,1793.0367399999998,1765.41187,3.15e-12,2.9e-12,2.3100000000000003e-13,6.52e-14,6.92e-14,,0.58339,0.77327,0.34603,59.61,89.197,J053854.5+261856,65552.0,1.33,0.00855,-0.00855,0.6,0.45,0.0758,-0.0027600000000000003,0.303,0.00375,-0.00375,0.8,0.00598,-0.00598,0.00E+00,9.64e-11,1.18e-10,4.89E-01,2.10E-02,-2.07E-02,J053854.5+261857,4.6906699999999994e-14,1.18685e-15,3.5682e-13,3.19819e-15,2.3252299999999998e-12,8.53913e-15,8.435639999999999e-12,2.7490100000000002e-14,1.61485e-11,7.62406e-14,2.72642e-11,8.174739999999999e-14,7.7378e-12,1.9195500000000002e-14,0.755544,0.00559342,0.7059989999999999,0.00243762," 0.120172"," 2.41588e-03",-0.345815,0.00251543,05385458+2618568,8.368,8.272,8.157,0.021,0.026,0.027000000000000003,J053854.58+261856.9,6.829,0.019,6.631,0.014,6.172999999999999,0.014
942,HD 42054,91.76529167,-34.31202222,5.843,B4IVe,Em*,"Gaia, XMM, WISE, 2MASS",Be star,https://ui.adsabs.harvard.edu/abs/2009cxo..prop.2782T/abstract,0.463,320.6,-0.092978,3.4337,0.055,93201200.0,93201200.0,85156.3,5.763813,5.763813,0.002928,2.019,-0.203,0.052000000000000005,2.009,0.048,290.069092,290.951111,,,,,,,,,,,,,,,,,,,,,,,,,,,,,,,,,J060703.6-341843,2.4011500000000003e-13,6.70937e-15,5.603109999999999e-13,8.98255e-15,7.229850000000001e-13,1.00088e-14,8.31682e-13,1.7607299999999997e-14,1.1673e-12,4.30551e-14,3.5169199999999995e-12,4.90625e-14,2.24926e-12,2.1138099999999997e-14,0.500913,0.0120728,0.142491,0.0103151,-0.385589," 1.07611e-02",-0.482063,0.0163196,06070367-3418433,5.8660000000000005,5.837999999999999,5.699,0.02,0.031,0.02,J060703.61-341842.7,6.57,0.03,5.664,0.018000000000000002,4.985,0.014
972,PZ Gem,96.81575,14.88922778,6.64,O9pe,Em*,"Gaia, XMM, WISE, 2MASS",gamma Cas type Oe star,https://ui.adsabs.harvard.edu/abs/2015A%26A...575A..99R/abstract,0.268,81.88,0.36126,1.1281,0.0368,45080100.0,45080100.0,538495.0,6.552404,6.552404,0.013259,0.884,-0.519,0.032,-0.715,0.041,864.045959,855.6469119999998,,,,,,,,,,,,,,,,,,,,,,,,,,,,,,,,,J062715.8+145321,6.522320000000001e-15,5.90194e-16,2.7169499999999998e-14,9.91741e-16,4.28366e-14,1.2289899999999999e-15,7.47969e-14,2.683e-15,1.0763900000000001e-13,6.790049999999999e-15,2.49337e-13,7.60843e-15,1.43852e-13,2.69418e-15,0.710483,0.022977200000000003,0.507459,0.0143214,-0.067042," 1.42195e-02",-0.355512,0.016507499999999998,06271577+1453212,5.9060000000000015,5.761,5.534,0.023,0.021,0.017,J062715.80+145321.4,5.43,0.029,4.99,0.034,4.253,0.014
985,Cl* NGC 2244 PS 26,97.87395833,4.913736111,11.41,B7Ve,Em*,"Gaia, Chandra, WISE, 2MASS",unconfirmed,https://ui.adsabs.harvard.edu/abs/2019MNRAS.487.3505M/abstract,0.086,8.508,0.52315,0.6626,0.0177,230365.0,230365.0,358.412,12.281327,12.281327,0.003232,2.091,0.037000000000000005,0.015,-2.091,0.017,1436.35986,1424.0720199999996,4.33e-15,2.08e-15,7.39e-16,1.46e-15,0.0,,0.10119,-0.37102,-0.44597,72.77,5.091,J063129.7+045449,,,,,,,,,,,,,,,,,,,,,,,,,,,,,,,,,,,,,,,,,,,,06312975+0454491,11.449000000000002,10.887,9.69,0.024,0.025,0.021,J063129.76+045449.1,8.091000000000001,0.013,6.997000000000001,0.009000000000000001,3.858,0.013
987,Cl* NGC 2244 JOHN 33,98.0645,4.9222805560000005,12.005999999999998,B6Vne,YSO,"Gaia, Chandra, WISE, 2MASS",unconfirmed,https://ui.adsabs.harvard.edu/abs/2019MNRAS.487.3505M/abstract,0.127,18.32,0.5119199999999999,0.6008,0.0226,332129.0,332129.0,97.744,11.884101,11.884101,0.002774,1.742,0.193,0.02,-1.731,0.021,1528.0800800000004,1532.3396,6.740000000000001e-15,3.79e-15,1.58e-15,1.32e-15,,,-0.01374,-0.23235,-0.21611,72.67,6.098,J063215.4+045520,,,,,,,,,,,,,,,,,,,,,,,,,,,,,,,,,,,,,,,,,,,,06321548+0455203,11.148,10.998,10.958,0.021,0.021,0.023,J063215.48+045520.3,10.695,0.011,10.845999999999998,0.008,10.479,0.227
990,HD 259440,98.246875,5.800327778,9.12,B0pe,HMXB,"Gaia, XMM, Swift, WISE, 2MASS",Î³-ray binary,https://ui.adsabs.harvard.edu/abs/2010ApJ...724..306A/abstract,0.102,10.64,0.926177,0.5404,0.0226,5284830.0,5284830.0,2858.77,8.879788000000003,8.879788000000003,0.002817,0.429,-0.428,0.016,-0.026,0.02,1772.5961899999998,1745.9602100000004,,,,,,,,,,,,,675.0,0.0304,0.000223,-0.000223,0.575,0.098,0.00318,-7.42e-05,0.0121,0.00014,-0.00014,0.0148,0.000156,-0.000156,0.00E+00,1.68e-12,2.09e-12,1.45E+00,2.17E-02,-2.17E-02,J063259.2+054801,1.2294e-15,2.82741e-16,1.49886e-14,8.29002e-16,5.88913e-14,1.65787e-15,1.3899200000000002e-13,4.32069e-15,3.4291999999999997e-13,1.41221e-14,5.56953e-13,1.4910499999999998e-14,1.72723e-13,3.3894799999999996e-15,0.863132,0.0307035,0.570992,0.020943599999999996,-0.089165," 2.07870e-02",-0.250135,0.0240828,06325925+0548012,7.64,7.39,6.966,0.023,0.049,0.02,J063259.25+054801.1,6.714,0.022,6.097,0.011,5.34,0.015
1001,15 Mon,100.2444167,9.895755556000001,4.64,B1Ve,Em*,"Gaia, Chandra, XMM, Swift, WISE, 2MASS",Binary,https://ui.adsabs.harvard.edu/abs/2010NewA...15..302C/abstract,5.228,37360.0,-0.360486,-1.3292,1.0003,286774000.0,286774000.0,1269200.0,4.543516,4.543516,0.005539,6.509,-6.4460000000000015,1.063,0.903,1.139,3974.51758,4215.17432,1.3e-12,2.31e-14,7.54e-14,1.19e-12,1.22e-12,,-0.72705,-0.97689,-0.8619600000000001,46.65,64.508,J064058.6+095345,99400.0,0.0315,0.0041600000000000005,-0.0041600000000000005,-0.914,-0.684,0.0253,-0.00305,0.00066,0.000782,-0.00066,0.0,0.000331,0.0,0.00E+00,1.75e-12,2.44e-12,"          ","           ","           ",J064058.6+095345,8.723889999999999e-13,7.24382e-15,1.54822e-12,8.71141e-15,4.18527e-13,4.80365e-15,1.36345e-13,5.5921300000000004e-15,7.34163e-15,5.8585500000000005e-15,2.99485e-12,1.53393e-14,2.02391e-12,1.2449e-14,0.37977,0.00428912,-0.590142,0.00417884,-0.776943," 8.36989e-03",-0.984477,0.0175248,06405866+0953447,5.202000000000001,5.322,5.34,0.023,0.021,0.021,J064058.63+095344.4,6.187,0.034,5.101,0.016,5.564,0.018000000000000002
1046,19 Mon,105.72825,-4.2392333330000005,4.99,B1Ve,V*,"Gaia, XMM, WISE, 2MASS",beta Cep type variable,https://ui.adsabs.harvard.edu/abs/2002MNRAS.333..952B/abstract,0.7829999999999999,705.7,-0.26244,2.6167,0.1528,201983000.0,201983000.0,504030.0,4.92408,4.92408,0.003864,4.615,2.267,0.131,-4.02,0.114,377.380829,370.09552,,,,,,,,,,,,,,,,,,,,,,,,,,,,,,,,,J070254.7-041422,1.6030700000000002e-14,2.44357e-15,2.02798e-14,2.38247e-15,3.6365099999999996e-15,1.1481600000000001e-15,2.69925e-16,1.02812e-15,3.50294e-15,5.51982e-15,4.93827e-14,7.2375e-15,3.4392e-14,3.92176e-15,0.193497,0.0843524,-0.697531,0.0819368,-0.949080," 1.24882e-01",-0.302710,0.429094,07025476-0414212,5.3889999999999985,5.476,5.497999999999998,0.029,0.026,0.02,J070254.77-041421.2,5.765,0.028,5.372000000000001,0.017,5.635,0.014
1080,HD 57682,110.5085417,-8.979380556,6.403,O9Ve,*,"Gaia, XMM, WISE, 2MASS",O star (high velocity),https://ui.adsabs.harvard.edu/abs/1998A%26A...330..975C/abstract,0.516,427.2,-0.278362,0.8968,0.0739,53095800.0,53095800.0,23862.8,6.374717,6.374717,0.002798,16.323,13.159,0.063,9.659,0.067,1110.86255,1106.11145,,,,,,,,,,,,,,,,,,,,,,,,,,,,,,,,,J072202.0-085845,5.8397e-14,3.7092799999999994e-15,2.55656e-13,6.56713e-15,1.6881600000000002e-13,5.42035e-15,6.657360000000001e-14,6.22659e-15,1.21509e-14,8.15501e-15,5.76129e-13,1.47401e-14,6.34185e-13,1.2552600000000001e-14,0.697483,0.017637,-0.203738,0.0195009,-0.735771," 2.24438e-02",-0.933252,0.0470209,07220205-0858457,6.811,6.966,6.939,0.029,0.065,0.024,J072202.06-085845.6,7.12,0.017,7.028,0.008,6.943,0.015
1116,BN Gem,114.273875,16.90425,6.921,O8Vpev,Em*,"Gaia, XMM, WISE, 2MASS",Oe star,https://ui.adsabs.harvard.edu/abs/2021NewA...8301462R/abstract,0.386,123.5,-0.13058599999999998,0.5227,0.0548,39577300.0,39577300.0,143481.0,6.69375,6.69375,0.004804999999999999,2.162,-1.876,0.057,-1.0759999999999998,0.063,1729.4702100000004,1787.72253,,,,,,,,,,,,,,,,,,,,,,,,,,,,,,,,,J073705.7+165415,1.0684499999999999e-14,1.6507000000000002e-15,2.33143e-14,2.03993e-15,1.0857799999999999e-14,1.4200200000000001e-15,6.888420000000001e-15,2.0629100000000002e-15,1.60093e-14,7.29382e-15,6.759650000000001e-14,8.20189e-15,4.9544900000000004e-14,3.60728e-15,0.45588500000000004,0.0675126,-0.363218,0.0676301,-0.581497," 1.03375e-01",-0.201129,0.22653,07370572+1654153,7.044,7.0710000000000015,6.965,0.032,0.027000000000000003,0.021,J073705.72+165415.3,6.747000000000001,0.023,6.518,0.012,6.22,0.015
1143,V392 Pup,116.5439167,-37.93366944,5.87,B7Ve,Em*,"Gaia, XMM, WISE, 2MASS",unconfirmed,no mentions,0.8370000000000001,884.0,-0.135692,5.0296,0.0949,86330700.0,86330700.0,58144.1,5.846953,5.846953,0.002851,24.616,16.9,0.119,-17.898,0.092,199.040405,198.492279,,,,,,,,,,,,,,,,,,,,,,,,,,,,,,,,,J074610.5-375601,7.344159999999999e-15,5.85832e-16,2.69591e-14,9.32329e-16,5.39037e-15,5.15793e-16,6.987939999999999e-17,3.37908e-16,2.79141e-16,1.88401e-15,4.3262900000000005e-14,2.4475999999999998e-15,4.66139e-14,1.6119700000000002e-15,0.643803,0.025208,-0.66979,0.0268003,-0.994461," 4.11002e-02"," 0.978244",0.400532,07461054-3756011,6.03,6.1,6.107,0.019,0.04,0.018000000000000002,J074610.52-375601.0,6.14,0.021,6.086,0.009000000000000001,6.1960000000000015,0.015
1161,CD-29 5159,118.92704170000002,-29.56488333,10.71,B0Ve,Em*,"Gaia, Swift, WISE, 2MASS",unconfirmed,no mentions,0.107,20.37,0.8601059999999999,0.2854,0.0139,1993020.0,1993020.0,1035.41,9.938587,9.938587,0.0028120000000000003,3.925,2.892,0.015,-2.654,0.011,3356.76245,3289.37744,,,,,,,,,,,,,48196.0,0.077,0.00153,-0.00153,0.773,0.315,0.00303,-0.000314,0.0254,0.0008900000000000002,-0.0008900000000000002,0.0486,0.00121,-0.00121,0.00E+00,5.14e-12,7.23e-12,1.22E+00,1.63E-01,-1.03E-01,,,,,,,,,,,,,,,,,,,,,,,,07554248-2933535,9.694,9.516,9.309,0.022,0.024,0.021,J075542.49-293353.5,8.126,0.014,7.832999999999998,0.009000000000000001,8.052999999999999,0.02
1168,V374 Car,119.710625,-60.82446111,5.81,B2IVnpe,Em*,"Gaia, Chandra, XMM, Swift, WISE, 2MASS",Be star,https://ui.adsabs.harvard.edu/abs/2000AJ....119.2296G/abstract,0.5,302.6,-0.10078,2.4707,0.0528,89708100.0,89708100.0,65007.6,5.805288,5.805288,0.002865,12.155,11.226,0.063,-4.6610000000000005,0.077,405.915894,402.334747,,,,,,1.6800000000000002e-13,,,,13.63,19.234,J075850.5-604927,19156.0,0.00158,0.000208,-0.000208,-0.433,-0.105,0.000759,-0.000169,0.00034,8.44e-05,-8.44e-05,0.000248,8.51e-05,-8.51e-05,0.00E+00,2.66e-14,3.11e-12,"          ","           ","           ",J075850.5-604928,7.28442e-15,3.81616e-16,2.52138e-14,6.15721e-16,3.77507e-14,7.578239999999999e-16,4.47815e-14,1.3928699999999999e-15,7.11742e-14,4.6269399999999994e-15,1.88804e-13,4.97905e-15,1.11792e-13,1.5540599999999999e-15,0.620428,0.0170099,0.19198800000000002,0.014654599999999999,-0.374043," 1.53079e-02",-0.415911,0.0277259,07585054-6049279,5.558,5.495,5.359,0.023,0.023,0.018000000000000002,J075850.54-604927.5,6.8,0.026,5.891,0.011,4.782,0.015
1270,QR Vel,140.49341669999998,-51.17650556,10.1,B2Vne,Em*,"Gaia, Swift, WISE, 2MASS",unconfirmed,no mentions,0.153,24.22,0.542096,0.4966,0.0186,1803600.0,1803600.0,5178.12,10.047013,10.047013,0.0041600000000000005,5.414,2.6910000000000003,0.024,-4.698,0.022,1943.77368,1956.21985,,,,,,,,,,,,,183048.0,0.00639,0.00229,-0.00229,-0.413,0.637,0.00181,-0.00122,0.000588,0.000711,-0.000588,0.00373,0.0017,-0.0017,3.35E-01,3.85e-13,5.93e-13,"          ","           ","           ",,,,,,,,,,,,,,,,,,,,,,,,09215842-5110353,9.054,8.859,8.609,0.03,0.055,0.021,J092158.42-511035.3,8.491,0.012,8.195,0.008,7.34,0.017
1330,HD 90563,156.4685833,-58.78531389,9.86,B2Ve,Em*,"Gaia, XMM, WISE, 2MASS",unconfirmed,no mentions,0.099,11.86,0.761023,0.3977,0.0129,1919150.0,1919150.0,1651.95,9.979592,9.979592,0.0029100000000000003,7.854,3.173,0.014,-7.184,0.014,2458.85352,2405.03931,,,,,,,,,,,,,,,,,,,,,,,,,,,,,,,,,J102552.5-584706,1.63638e-16,8.60116e-16,1.44591e-16,7.198860000000001e-16,1.02619e-14,2.7448e-15,3.616e-14,7.59441e-15,1.3507300000000001e-13,4.28177e-14,1.83725e-13,4.36804e-14,3.79843e-14,6.01539e-15,-0.077793,0.728336,0.9755950000000001,0.10008099999999999," 0.104557"," 1.49683e-01"," 0.019541",0.179316,10255244-5847072,8.827,8.57,8.193999999999999,0.029,0.029,0.021,J102552.44-584707.0,7.723,0.014,7.33,0.008,6.401,0.018000000000000002
1373,HD 303296,160.6043333,-59.15680278,9.5,B1Ve,*,"Gaia, Chandra, WISE, 2MASS",unconfirmed,no mentions,0.344,130.1,0.095192,0.5331,0.0354,2825530.0,2825530.0,1586.27,9.559617,9.559617,0.002822,7.984,2.875,0.036000000000000004,-7.447999999999999,0.041,1912.49695,1784.50671,1.6199999999999999e-15,0.0,5.24e-16,2.1e-15,0.0,,-0.99938,-0.99938,-0.65709,132.56,2.7430000000000003,J104224.9-590924,,,,,,,,,,,,,,,,,,,,,,,,,,,,,,,,,,,,,,,,,,,,10422504-5909244,9.406,9.445,9.487,0.022,0.023,0.025,J104225.02-590924.5,9.508,0.014,9.58,0.008,8.958,
1375,HD 93190,161.08175,-59.28300556,8.65,O9.5e,Em*,"Gaia, Chandra, WISE, 2MASS",unconfirmed,no mentions,0.141,17.87,0.645181,0.4141,0.0179,8364240.0,8364240.0,3424.39,8.381300999999999,8.381300999999999,0.002791,6.915,2.624,0.017,-6.398,0.02,2395.84302,2390.75171,1.86e-14,1.02e-14,4.11e-15,4.53e-15,0.0,,-0.09119,-0.396,-0.3148,132.55,9.038,J104419.6-591658,,,,,,,,,,,,,,,,,,,,,,,,,,,,,,,,,,,,,,,,,,,,10441961-5916590,7.54,7.359,7.0379999999999985,0.02,0.038,0.02,J104419.60-591658.7,,,,,5.631,0.023
1379,HD 305560,161.61854169999995,-60.5641,9.82,Oe,*,"Gaia, Swift, WISE, 2MASS",Be star,https://ui.adsabs.harvard.edu/abs/2014GCN.16874....1D/abstract,0.08800000000000001,8.11,0.640824,0.1706,0.0127,2717040.0,2717040.0,1584.62,9.602126,9.602126,0.002827,5.478,1.164,0.014,-5.353,0.014,5569.66113,5597.95801,,,,,,,,,,,,,175558.0,3.74,0.0681,-0.0681,0.906,0.7709999999999999,0.0186,-0.00464,0.435,0.0228,-0.0228,3.37,0.062,-0.062,0.00E+00,4.73e-10,5.32e-10,"          ","           ","           ",,,,,,,,,,,,,,,,,,,,,,,,10462846-6033508,8.667,8.513,8.42,0.024,0.033,0.023,J104628.45-603350.8,8.298,0.011,8.253,0.008,8.134,0.026
1389,HD 93843,162.1574167,-60.22374167,7.33,O6IIIe,V*,"Gaia, Chandra, Swift, WISE, 2MASS",Normal O star,https://ui.adsabs.harvard.edu/abs/1998MNRAS.301..926P/abstract,0.265,54.37,0.005672,0.4157,0.0264,23186500.0,23186500.0,12863.0,7.274278999999999,7.274278999999999,0.00282,6.222,1.8,0.027000000000000003,-5.956,0.031,2365.56592,2320.53003,1.16e-13,8.57e-15,1.78e-14,8.84e-14,6.71e-14,,-0.6346,-0.92567,-0.70581,149.49,26.63,J104837.7-601325,190700.0,0.0904,0.0293,-0.0293,-0.589,-0.257,0.0696,-0.025,0.0143,0.0122,-0.0122,0.006509999999999999,0.00893,-0.006509999999999999,3.05E-02,5.730000000000001e-12,9.12e-12,"          ","           ","           ",,,,,,,,,,,,,,,,,,,,,,,,10483776-6013255,7.226,7.267,7.234,0.029,0.047,0.029,J104837.76-601325.5,7.28,0.014,7.252000000000002,0.008,6.994,0.026
1411,HD 305891,165.6249583,-60.81551667,10.37,B3Ve,Em*,"Gaia, XMM, WISE, 2MASS",unconfirmed,no mentions,0.14400000000000002,20.18,0.105825,0.4127,0.0175,1554620.0,1554620.0,1116.88,10.208307,10.208307,0.002864,6.345,1.784,0.018000000000000002,-6.089,0.019,2378.36938,2385.73169,,,,,,,,,,,,,,,,,,,,,,,,,,,,,,,,,J110230.0-604854,9.01355e-16,5.31503e-16,6.47325e-15,1.03285e-15,1.24774e-14,1.40442e-15,9.36028e-15,1.8244599999999997e-15,2.5382100000000003e-15,4.14705e-15,3.1737599999999996e-14,5.1112499999999996e-15,5.39153e-14,3.09131e-15,0.789462,0.10231900000000001,0.410426,0.08023680000000001,-0.537991," 8.00044e-02",-0.802191,0.164749,11023001-6048558,9.915,9.87,9.859,0.033,0.035,0.027000000000000003,J110230.02-604855.7,9.748091748570172,,9.773640686425438,,9.432,0.28600000000000003
1448,2E 1118.7-6138,170.2384167,-61.91674722,12.12,O9.5IVe,HMXB,"Gaia, Chandra, Swift, WISE, 2MASS",unconfirmed,no mentions,0.07,6.38,1.511032,0.3293,0.0115,435714.0,435714.0,231.014,11.589363,11.589363,0.002815,5.591,1.37,0.012,-5.421,0.012,2899.67139,2883.57764,2.92e-12,2.61e-12,3.07e-13,4.56e-14,8.380000000000001e-16,,0.50593,0.8494700000000001,0.60087,140.82,53.325,J112057.1-615500,22389.0,0.517,0.00268,-0.00268,0.858,0.688,0.00611,-0.000312,0.0822,0.00109,-0.00109,0.446,0.00247,-0.00247,0.00E+00,4.21e-11,5.6e-11,3.50E-01,4.10E+00,-1.24E-01,,,,,,,,,,,,,,,,,,,,,,,,11205717-6155002,9.563,9.071,8.587,0.024,0.023,0.019,J112057.17-615500.2,7.747000000000001,0.008,7.599,0.006999999999999999,6.8039999999999985,0.019
1451,HD 99146,170.9707083,-59.30481111,8.18,B3Ve,Em*,"Gaia, Chandra, WISE, 2MASS",unconfirmed,no mentions,7.294,30010.0,0.4319560000000001,-1.6586,0.7704,11422900.0,11422900.0,24828.5,8.042924000000001,8.042924000000001,0.003628,6.033,1.538,0.667,-5.832999999999998,0.7490000000000001,6099.83691,5502.06836,3.5299999999999998e-15,0.0,0.0,3.55e-15,,,-0.01124,-0.99938,-0.99938,61.8,6.684,J112352.9-591817,,,,,,,,,,,,,,,,,,,,,,,,,,,,,,,,,,,,,,,,,,,,11235296-5918171,7.398,7.314,7.034,0.023,0.046,0.027000000000000003,J112352.98-591817.3,6.897,0.015,6.553,0.009000000000000001,5.854,0.009000000000000001
1456,HD 100199,172.7787917,-62.94692778,8.17,B0.5IIIne,HMXB,"Gaia, Chandra, Swift, WISE, 2MASS",Be/XRB,https://ui.adsabs.harvard.edu/abs/2007A%26A...461..631N/abstract,0.468,135.9,0.038932,0.5732,0.0467,10573600.0,10573600.0,8404.33,8.126811,8.126811,0.002887,6.25,1.3730000000000002,0.048,-6.098,0.048,1731.27478,1536.59802,2.66e-12,2.56e-12,1.39e-13,1.29e-14,0.0,,0.67208,0.93067,0.68582,163.48,20.855,J113106.9-625648,53462.0,0.365,0.00335,-0.00335,0.623,0.532,0.0186,-0.000796,0.0808,0.00161,-0.00161,0.262,0.00284,-0.00284,0.00E+00,3.11e-11,3.33e-11,3.81E-01,3.43E-02,-3.62E-02,,,,,,,,,,,,,,,,,,,,,,,,11310691-6256489,8.048,8.067,8.009,0.023,0.031,0.029,J113106.91-625649.0,7.89,0.009000000000000001,7.87,0.008,7.625,0.044
1492,V801 Cen,177.0000833,-62.20691389,8.94,B1Vne,Em*,"Gaia, Chandra, WISE, 2MASS",Be/Xray binary,https://ui.adsabs.harvard.edu/abs/2006AAS...20915107I/abstract,0.114,10.14,0.528291,0.4754,0.0174,6514390.0,6514390.0,9233.37,8.652682,8.652682,0.003156,6.428,1.598,0.018000000000000002,-6.226,0.017,2063.11938,2049.01001,8.49e-12,7.32e-12,8.57e-13,4.120000000000001e-13,5.73e-14,,0.46471,0.56715,0.13865999999999998,152.11,107.437,J114800.0-621224,,,,,,,,,,,,,,,,,,,,,,,,,,,,,,,,,,,,,,,,,,,,11480002-6212249,8.677,8.577,8.402999999999999,0.026,0.057,0.029,J114800.00-621224.9,inf,,7.099616810998484,,7.784,0.024
1509,V863 Cen,182.02175,-50.66126944,4.448,B6IIIe,Em*,"Gaia, XMM, WISE, 2MASS",B (not Be) star,https://ui.adsabs.harvard.edu/abs/2001A%26A...366..121B/abstract,1.426,4540.0,-0.212193,9.1857,0.1923,328088000.0,328088000.0,298041.0,4.397392,4.397392,0.002927,34.574,-11.55,0.138,-32.587,0.132,108.944145,108.757874,,,,,,,,,,,,,,,,,,,,,,,,,,,,,,,,,J120805.2-503940,1.9215900000000002e-14,2.16953e-15,5.133680000000001e-14,3.10562e-15,2.11273e-14,2.05574e-15,7.29721e-15,2.14571e-15,3.04768e-16,2.3747699999999997e-15,1.0094e-13,5.8173900000000004e-15,1.05173e-13,5.41571e-15,0.5402779999999999,0.0449045,-0.419072,0.0463204,-0.772441," 6.18982e-02",-0.967697,0.174988,12080523-5039406,5.125,4.949,4.871,0.262,0.076,0.026,J120805.16-503940.9,6.084,0.042,5.599,0.025,4.995,0.014
1510,del Cen,182.0895833,-50.72242778,2.5610000000000004,B2Vne,Em*,"Gaia, XMM, WISE, 2MASS",Be binary,https://ui.adsabs.harvard.edu/abs/2008A%26A...488L..67M/abstract,2.75,10100.0,0.252445,5.7179,0.6516,1869150000.0,1869150000.0,9396390.0,2.508257,2.508257,0.006114,44.044,-11.135,0.482,-42.613,0.413,187.458588,182.851196,,,,,,,,,,,,,,,,,,,,,,,,,,,,,,,,,J120821.5-504320,1.9606e-14,2.48679e-15,5.68427e-14,3.66793e-15,1.27123e-14,1.81521e-15,1.80227e-15,1.34389e-15,5.08831e-15,6.625749999999999e-15,9.904830000000001e-14,8.64047e-15,9.718580000000001e-14,5.78559e-15,0.579654,0.0472972,-0.6369779999999999,0.046586800000000005,-0.891797," 7.25787e-02",-0.254758,0.42774399999999996,12082152-5043208,2.7880000000000003,2.809,2.668,0.298,0.244,0.244,J120821.47-504320.5,2.3532897629124316,,1.5145627374077506,,1.023,0.006
1537,BZ Cru,190.7094583,-63.058625,5.316,B0.5IVpe,Em*,"Gaia, XMM, WISE, 2MASS",gamma Cas type variable,https://ui.adsabs.harvard.edu/abs/2007A%26A...474..983L/abstract,0.6629999999999999,549.3,0.5243180000000001,2.2826,0.0765,166038000.0,166038000.0,183918.0,5.13685,5.13685,0.003006,13.373,-3.677,0.07400000000000001,-12.857,0.07,439.173645,443.522156,,,,,,,,,,,,,,,,,,,,,,,,,,,,,,,,,J124250.3-630330,1.2456300000000002e-13,1.3173e-15,7.819840000000001e-13,2.8729e-15,2.6171700000000002e-12,5.2686e-15,5.7867400000000004e-12,1.2808100000000002e-14,1.01546e-11,3.8081300000000006e-14,1.84274e-11,4.1107499999999997e-14,7.81607e-12,1.05645e-14,0.779334,0.0021774,0.586491,0.00135143,-0.045437," 1.37152e-03",-0.221387,0.00171366,12425028-6303310,4.655,4.339,4.038,0.22,0.208,0.31,J124250.26-630331.0,3.6995348982882565,,2.84531459338735,,2.27,0.01
1563,CPD-63 2495,195.6985833,-63.83574167,10.08,B2e,HMXB,"Gaia, Chandra, XMM, Swift, WISE, 2MASS",Be/Xray pulsar,https://ui.adsabs.harvard.edu/abs/2010atnf.prop.3502M/abstract,0.067,4.899,1.24093,0.4434,0.0133,2641270.0,2641270.0,901.366,9.632835,9.632835,0.00278,7.101,-0.342,0.014,-7.093,0.012,2170.5105,2167.04053,9.78e-13,7.08e-13,1.84e-13,1e-13,1.02e-13,,0.14866,0.21736,0.07121,168.03,131.14600000000002,J130247.6-635008,16098.0,0.326,0.00187,-0.00187,0.728,0.183,0.0197,-0.000471,0.124,0.00115,-0.00115,0.182,0.00141,-0.00141,0.00E+00,1.99e-11,2.59e-11,1.49E+00,2.69E-02,-2.69E-02,J130247.6-635008,3.09203e-14,4.95789e-16,2.71769e-13,1.45129e-15,9.11057e-13,2.68468e-15,1.74385e-12,6.35951e-15,3.57256e-12,1.8867e-14,6.5108e-12,2.01977e-14,2.83142e-12,5.50627e-15,0.80506,0.00209942,0.6448,0.00118653,-0.069618," 1.24446e-03",-0.392271,0.00142151,13024765-6350085,8.026,7.699,7.247999999999998,0.027000000000000003,0.055,0.02,J130247.67-635008.5,6.783,0.016,6.439,0.008,5.6370000000000005,0.015
1591,HD 117357,202.8145417,-61.73261667,9.14,O9.5Ve,V*,"Gaia, XMM, WISE, 2MASS",Be star,https://ui.adsabs.harvard.edu/abs/2007AN....328.1133H/abstract,0.11,15.03,0.318892,0.4427,0.0161,4605480.0,4605480.0,1950.1,9.029179,9.029179,0.002793,6.093,-2.7710000000000004,0.016,-5.426,0.012,2210.941410000001,2190.20679,,,,,,,,,,,,,,,,,,,,,,,,,,,,,,,,,J133115.4-614357,5.18245e-16,3.3286699999999997e-16,3.46991e-15,7.6854e-16,0.0,4.20181e-16,2.5659099999999996e-16,1.16602e-15,5.79757e-15,9.35304e-15,1.1030500000000001e-14,9.60198e-15,5.67316e-15,1.53971e-15,0.739566,0.142126,-1.0,0.223636," 1.000000"," 1.32896e+01"," 0.884712",0.44277799999999995,13311549-6143573,8.601,8.577,8.537,0.026,0.044,0.023,J133115.47-614357.5,8.158999999999999,0.009000000000000001,8.411,0.006999999999999999,7.785,0.03
1601,HD 119682,206.6357083,-62.92336944,7.907999999999999,B0Ve,Em*,"Gaia, Chandra, XMM, Swift, WISE, 2MASS",gamma Cas type,https://ui.adsabs.harvard.edu/abs/2013ApJ...765...13T/abstract,0.255,69.64,0.084483,0.6055,0.0286,7374170.0,7374170.0,39085.6,8.518085000000001,8.518085000000001,0.006379999999999999,5.259,-2.261,0.023,-4.749,0.022,1597.0271,1582.36389,9.1e-13,6.890000000000001e-13,1.35e-13,9.49e-14,1.9e-14,,0.27108000000000004,0.22986,-0.04372,193.4,33.242,J134632.5-625523,194719.0,0.0626,0.0101,-0.0101,0.557,-0.221,0.00707,-0.00314,0.0303,0.00675,-0.00675,0.019,0.00539,-0.00539,1.90E-02,2.36e-12,5.35e-12,2.38E+00,6.76E-01,-4.47E-01,J134632.5-625524,1.81149e-14,7.26593e-16,1.0468900000000001e-13,1.6090099999999999e-15,2.5570300000000003e-13,2.58433e-15,4.57634e-13,5.7487400000000004e-15,7.86445e-13,1.69788e-14,1.57766e-12,1.83276e-14,7.37627e-13,5.18239e-15,0.737911,0.00959058,0.404723,0.00740658,-0.212558," 7.43205e-03",-0.329525,0.0102065,13463256-6255241,7.35,7.184,6.95,0.027000000000000003,0.033,0.023,J134632.56-625524.1,inf,,7.071283562557952,,5.69,0.022
1608,HD 120526,208.0722083,-66.40439167,8.8,B9IIIne,Em*,"Gaia, Chandra, WISE, 2MASS",unconfirmed,no mentions,0.126,16.45,0.283073,0.9881,0.0176,5880600.0,5880600.0,1427.24,8.763813,8.763813,0.002768,5.365,-2.9810000000000003,0.02,-4.461,0.013,997.401123,985.207581,7.61e-16,,3.75e-16,5.61e-16,,,-0.99938,-0.99938,-0.42099,49.46,2.111,J135217.3-662415,,,,,,,,,,,,,,,,,,,,,,,,,,,,,,,,,,,,,,,,,,,,13521733-6624159,8.323,8.318999999999999,8.214,0.02,0.055,0.033,J135217.32-662415.9,8.17,0.013,8.09,0.008,7.629,0.019
1611,V767 Cen,208.4885,-47.12816389,5.83,B2Ve,Em*,"Gaia, XMM, WISE, 2MASS",Be star,http://articles.adsabs.harvard.edu/pdf/2004IAUS..215..224F,0.585,437.0,-0.130859,1.4567,0.0932,67754400.0,67754400.0,375181.0,6.110023,6.110023,0.006613,8.782,-4.225,0.1,-7.699,0.085,677.693542,679.7157589999998,,,,,,,,,,,,,,,,,,,,,,,,,,,,,,,,,J135357.1-470741,1.42846e-13,5.5580500000000005e-15,4.08231e-13,8.23529e-15,6.34313e-13,1.0199899999999999e-14,1.04595e-12,2.1422400000000002e-14,1.51162e-12,5.21779e-14,3.74693e-12,5.84637e-14,2.02779e-12,2.1699700000000002e-14,0.5655220000000001,0.014853100000000001,0.220793,0.012215700000000001,-0.224949," 1.23515e-02",-0.457467,0.0158125,13535723-4707413,5.876,5.811,5.617000000000001,0.02,0.021,0.021,J135357.29-470741.3,6.754,0.024,6.25,0.012,5.69,0.016
1703,V1040 Sco,238.48275,-23.97809722,5.4,B2Ve,Em*,"Gaia, Chandra, WISE, 2MASS",Be star,https://ui.adsabs.harvard.edu/abs/2011IAUS..272..190G/abstract,0.466,382.7,-0.004181,6.9899,0.0739,135117000.0,135117000.0,121312.0,5.360591,5.360591,0.0029230000000000003,27.587,-24.111,0.064,-13.406,0.083,142.413254,142.146149,,,8.06e-14,9.81e-14,1.3999999999999999e-14,,0.13616,-0.14115999999999998,-0.27108000000000004,11.86,33.128,J155355.8-235841,,,,,,,,,,,,,,,,,,,,,,,,,,,,,,,,,,,,,,,,,,,,15535586-2358410,5.437,5.417999999999998,5.365,0.03,0.044,0.023,J155355.85-235841.4,5.536358637304512,,5.045857736493559,,4.978,0.023
1709,48 Lib,239.547375,-14.27935833,4.9430000000000005,B8IIe,Em*,"Gaia, XMM, WISE, 2MASS",Be star,https://ui.adsabs.harvard.edu/abs/1943ApJ....98...98S/abstract,0.7020000000000001,760.2,-0.015045,7.154,0.1218,238794000.0,238794000.0,763946.0,4.74231,4.74231,0.004434,21.363000000000003,-16.271,0.096,-13.843,0.136,138.94984399999998,138.995316,,,,,,,,,,,,,,,,,,,,,,,,,,,,,,,,,J155811.3-141645,6.37015e-16,1.48273e-16,4.0297900000000002e-16,1.33191e-16,1.68074e-16,1.1892e-16,1.39647e-16,2.9418900000000004e-16,6.3121600000000004e-15,1.85395e-15,1.75517e-13,2.68599e-15,3.8474400000000004e-16,1.7484e-16,-0.784253,0.00204645,-0.9529780000000001,0.00261724,-0.983895," 1.06581e-02"," 0.783485",0.118398,15581136-1416454,5.098,4.829,4.591,0.21600000000000005,0.08,0.02,J155811.36-141645.9,4.511946494061657,,3.787830973333186,,3.292,0.013
1758,zet Oph,249.28975,-10.56709167,2.5780000000000003,O9Ve,Em*,"Gaia, Chandra, WISE, 2MASS",Oe star,https://ui.adsabs.harvard.edu/abs/2011AN....332..147H/abstract,2.01,4749.0,0.441863,7.4088,0.6596,1787760000.0,1787760000.0,9228260.0,2.556596,2.556596,0.0062450000000000006,26.864,24.742,0.605,10.465,0.653,138.570892,135.460022,2.42e-12,,3.9899999999999986e-13,1.49e-12,4.410000000000001e-12,,,,,13.28,113.065,J163709.5-103401,,,,,,,,,,,,,,,,,,,,,,,,,,,,,,,,,,,,,,,,,,,,16370954-1034014,2.533,2.667,2.684,0.29600000000000004,0.212,0.272,J163709.56-103401.5,2.7781574737677595,,2.247773256192204,,2.784,0.014
1790,HD 153295,255.1052083,-42.31674722,9.05,B2e,HMXB,"Gaia, Chandra, Swift, WISE, 2MASS",Possible HMXB?,https://ui.adsabs.harvard.edu/abs/2007A%26A...461..631N/abstract,0.109,12.89,1.003162,0.6405,0.0229,6195610.0,6195610.0,6627.25,8.707157,8.707157,0.00299,1.885,-1.47,0.023,1.181,0.03,1496.2207,1496.4989,0.0,0.0,0.0,0.0,,,,,,191.41,2.632,J170025.2-421900,116761.0,0.00272,0.000848,-0.000848,0.355,0.026,0.000437,-0.000356,0.00109,0.0004730000000000001,-0.0004730000000000001,0.000952,0.000563,-0.000563,9.61E-01,1.4400000000000002e-13,1.6e-13,1.42E+00,7.21E-01,-5.85E-01,,,,,,,,,,,,,,,,,,,,,,,,17002524-4219003,7.445,7.093,6.729,0.027000000000000003,0.036000000000000004,0.016,J170025.25-421859.8,6.879,0.029,5.956,0.012,5.077,0.026
1812,V1075 Sco,258.83020830000004,-33.54841944,5.612,O8Ve,Em*,"Gaia, XMM, WISE, 2MASS",Oe star,https://ui.adsabs.harvard.edu/abs/2010A%26A...510A..59N/abstract,0.462,226.0,-0.039603,0.9543,0.0872,101790000.0,101790000.0,89923.9,5.6681,5.6681,0.0029170000000000003,3.802,-3.415,0.07200000000000001,1.67,0.097,1030.18945,1036.87476,,,,,,,,,,,,,,,,,,,,,,,,,,,,,,,,,J171519.2-333254,1.3579200000000001e-13,2.59605e-15,3.93196e-13,3.88785e-15,6.857739999999999e-14,1.7104900000000001e-15,4.4934800000000006e-15,9.3766e-16,8.443530000000001e-16,1.51022e-15,6.02871e-13,5.48789e-15,5.65453e-13,5.76089e-15,0.569894,0.00726353,-0.719255,0.00655043,-0.951039," 1.00013e-02",-0.923834,0.116639,17151924-3332543,5.655,5.683,5.591,0.021,0.027000000000000003,0.018000000000000002,J171519.26-333253.9,5.541,0.046,5.347,0.018000000000000002,5.174,0.015
1827,gam Ara,261.34858330000003,-56.377725,3.312,B1IIe,Em*,"Gaia, XMM, WISE, 2MASS",B supergiant,https://ui.adsabs.harvard.edu/abs/1997A%26A...318..157P/abstract,2.013,6391.0,-0.069589,3.9387,0.4422,897576000.0,897576000.0,1876080.0,3.304689,3.304689,0.0035700000000000007,13.139,-12.640999999999998,0.32299999999999995,-3.583,0.253,259.563477,267.377106,,,,,,,,,,,,,,,,,,,,,,,,,,,,,,,,,J172523.7-562239,1.0691199999999999e-13,2.73732e-15,3.53864e-13,4.36559e-15,1.5286199999999999e-13,2.8934999999999998e-15,4.06173e-14,2.58322e-15,5.15277e-15,2.9439900000000003e-15,6.59326e-13,7.2067e-15,7.38591e-13,7.542010000000001e-15,0.613503,0.00886848,-0.41348,0.0093485,-0.815782," 1.10809e-02",-0.914770,0.0375582,17252367-5622404,3.568,3.5610000000000004,3.794,0.238,0.21600000000000005,0.036000000000000004,J172523.67-562239.8,3.8724692429761918,,3.341841038585007,,3.782,0.015
1829,V750 Ara,261.978375,-47.02622222,6.652,B2Vne,Em*,"Gaia, XMM, Swift, WISE, 2MASS",Be star,https://ui.adsabs.harvard.edu/abs/2011ApJ...731L...6L/abstract,0.28300000000000003,68.13,0.15191300000000002,0.9867,0.0518,44620600.0,44620600.0,70634.0,6.563528,6.563528,0.003247,1.877,-1.625,0.038,-0.938,0.053,987.961792,971.960754,,,,,,,,,,,,,86038.0,0.0761,0.00305,-0.00305,-0.118,0.213,0.0198,-0.00141,0.0164,0.0013,-0.0013,0.0267,0.00168,-0.00168,1.65E-04,3.4700000000000008e-12,3.48e-12,"          ","           ","           ",J172754.7-470133,2.81285e-14,1.8111899999999998e-15,1.61278e-13,4.161910000000001e-15,4.64879e-13,7.354439999999999e-15,9.150209999999998e-13,1.7540099999999998e-14,2.44589e-12,7.738680000000001e-14,4.0038e-12,7.992430000000001e-14,1.31706e-12,1.45858e-14,0.706839,0.017415700000000003,0.445018,0.0121234,-0.180608," 1.19997e-02",-0.194018,0.017706299999999998,17275481-4701343,6.311,6.233,5.965,0.02,0.034,0.021,J172754.78-470133.8,5.706,0.034,5.63,0.026,4.6389999999999985,0.015
1838,Cl* NGC 6383 FJL 24,263.69975,-32.58896944,11.38,B9Ve,*,"Gaia, XMM, WISE, 2MASS",unconfirmed,https://ui.adsabs.harvard.edu/abs/2018A%26A...610A..30A/abstract,0.253,72.46,0.384001,0.7069,0.0388,586584.0,586584.0,476.733,11.266541,11.266541,0.002893,3.077,-1.923,0.031,2.402,0.04,1347.90796,1317.71411,,,,,,,,,,,,,,,,,,,,,,,,,,,,,,,,,J173448.0-323520,9.765739999999999e-16,4.9316e-16,5.7808e-15,1.04535e-15,6.62671e-15,1.08071e-15,2.3575500000000002e-15,1.35754e-15,1.9456399999999998e-15,2.6764900000000002e-15,1.67491e-14,3.45416e-15,3.95163e-14,3.0250800000000002e-15,0.7604270000000001,0.11263800000000002,0.130359,0.112142,-0.732350," 1.14446e-01",-0.466477,0.397252,17344795-3235202,10.655,10.474,10.402,0.023,0.029,0.035,J173447.89-323520.2,10.14,0.015,10.501,0.013,8.78,0.392
1851,V3892 Sgr,266.19075,-27.22902778,8.69,Oe,Em*,"Gaia, Chandra, XMM, WISE, 2MASS",gamma Cas type,https://ui.adsabs.harvard.edu/abs/2006A%26A...454..265L/abstract,0.087,4.669,0.775984,0.7873,0.0237,9574610.0,9574610.0,14419.6,8.234564,8.234564,0.003204,2.451,-2.296,0.016,-0.857,0.024,1207.56238,1215.50806,9.25e-13,6.97e-13,1.73e-13,7.01e-14,0.0,,0.17489000000000002,0.29232,0.12117,81.3,10.983,J174445.7-271344,,,,,,,,,,,,,,,,,,,,,J174445.6-271344,7.1466e-15,4.99948e-16,6.64364e-14,1.42627e-15,2.17762e-13,2.7375299999999997e-15,4.69717e-13,6.905960000000001e-15,7.83247e-13,1.83568e-14,1.53885e-12,1.98996e-14,6.258909999999999e-13,5.47558e-15,0.797074,0.0128112,0.500925,0.00915361,-0.140665," 9.26467e-03",-0.409862,0.011238799999999998,17444577-2713444,7.0539999999999985,6.843,6.5070000000000014,0.018000000000000002,0.038,0.023,J174445.76-271344.3,,,,,4.965,0.016
1858,HD 316341,267.1480417,-29.95800278,9.06,B0Ve,Em*,"Gaia, Chandra, Swift, WISE, 2MASS",unconfirmed,no mentions,0.066,3.591,0.575024,0.6098,0.0213,2622400.0,2622400.0,3048.25,9.640618,9.640618,0.003031,1.581,-0.986,0.013,1.236,0.02,1554.88647,1502.33765,,,,,,9.81e-14,,,,96.76,5.7010000000000005,J174835.5-295729,175809.0,0.00297,0.00178,-0.00178,0.478,0.535,0.0,0.0,0.00061,0.0008529999999999999,-0.00061,0.00254,0.00153,-0.00153,5.71E-01,1.77e-13,2.7e-13,"          ","           ","           ",,,,,,,,,,,,,,,,,,,,,,,,17483552-2957286,7.596,7.342,6.957000000000002,0.021,0.046,0.023,J174835.53-295728.4,8.561,0.017,8.474,0.013,,
1868,HD 316520,268.0142083,-28.75866944,10.79,B5IVnne,Em*,"Gaia, Chandra, WISE, 2MASS",unconfirmed,no mentions,0.0,0.0,0.544333,0.5076,0.0179,1063650.0,1063650.0,942.89,10.620366,10.620366,0.002919,0.551,-0.478,0.012,-0.275,0.018000000000000002,1852.90283,1869.31995,3.43e-13,3.14e-13,3.29e-14,8.77e-15,0.0,,0.02249,0.35728000000000004,0.31855,84.47,3.1180000000000003,J175203.4-284530,,,,,,,,,,,,,,,,,,,,,,,,,,,,,,,,,,,,,,,,,,,,17520339-2845311,9.821,9.65,9.415,,,0.03,J175203.38-284530.7,9.14,0.014,8.978,0.009000000000000001,8.234,0.057
1875,HD 316568,268.6779583,-29.72989167,9.57,B2IVpe,Em*,"Gaia, Chandra, XMM, 2MASS",unconfirmed,no mentions,0.0,0.05881,0.410581,0.5676,0.0194,2594110.0,2594110.0,4488.24,9.652394,9.652394,0.0033350000000000003,0.727,0.091,0.014,0.722,0.021,1689.91431,1680.06152,8.879999999999998e-15,6.33e-15,1.87e-15,8.94e-16,0.0,,0.07995,0.23111,0.15116,48.35,8.265,J175442.7-294347,,,,,,,,,,,,,,,,,,,,,J175442.6-294346,1.01167e-15,2.26323e-16,4.8518300000000006e-15,4.78084e-16,1.3277200000000002e-14,7.465950000000001e-16,2.07468e-14,1.49766e-15,4.58093e-14,6.636199999999999e-15,8.83682e-14,6.9618399999999995e-15,3.55538e-14,1.44562e-15,0.680983,0.0641448,0.40654,0.045844499999999996,-0.286805," 4.07582e-02",-0.219796,0.0671582,17544270-2943476,8.902999999999997,8.781,8.498,0.026,0.027000000000000003,0.044,,,,,,,
1887,HD 164492D,270.596375,-23.03331944,8.76,Be,Em*,"Gaia, Chandra, Swift, 2MASS",Be star,https://ui.adsabs.harvard.edu/abs/2014A%26A...564L..10H/abstract,1.341,1362.0,0.201547,-0.5197,0.2735,5555380.0,5555380.0,8417.67,8.825583,8.825583,0.0032090000000000005,3.1180000000000003,-3.112,0.174,-0.198,0.235,7216.803220000002,3625.31812,2.68e-13,1.4400000000000002e-13,6.43e-14,6.15e-14,1.35e-14,,-0.07121,-0.26983,-0.20237,141.34,36.677,J180223.1-230159,191348.0,0.0304,0.00588,-0.00588,0.246,-0.415,0.00906,-0.00322,0.0154,0.00415,-0.00415,0.00596,0.00265,-0.00265,5.81E-02,9.28e-13,2.17e-12,2.69E+00,1.17E+00,-5.17E-01,,,,,,,,,,,,,,,,,,,,,,,,18022311-2302001,8.066,7.795,7.31,0.023,0.027000000000000003,,,,,,,,
1891,Cl* NGC 6530 ZCW 175,271.0465417,-24.36253056,10.37,B3Ve,YSO,"Gaia, Chandra, XMM, WISE, 2MASS",unconfirmed,https://ui.adsabs.harvard.edu/abs/2019A%26A...623A..25D/abstract,0.111,9.451,0.23145900000000005,0.7615,0.0227,1364160.0,1364160.0,787.43,10.350207,10.350207,0.002826,2.486,-2.154,0.017,1.243,0.024,1275.60181,1260.44849,1.33e-14,5.05e-15,3.1e-15,5.1e-15,0.0,,-0.30606,-0.65709,-0.43848,77.76,13.875,J180411.1-242145,,,,,,,,,,,,,,,,,,,,,J180411.1-242145,5.223119999999999e-16,1.93577e-16,4.25776e-15,4.3339e-16,2.02565e-15,3.66765e-16,2.4962299999999995e-16,3.3691e-16,2.83331e-16,8.962860000000001e-16,8.80529e-15,1.31448e-15,1.4186500000000001e-14,1.03541e-15,0.80776,0.0591345,-0.10991600000000001,0.07398719999999999,-0.881935," 6.46628e-02",-0.423303,0.315757,18041115-2421452,10.026,9.948,9.899,0.026,0.022,0.019,,9.8277087630329,,inf,,,
1893,HD 164906,271.1076667,-24.38565278,7.45,B0Ve,Em*,"Gaia, Chandra, XMM, WISE, 2MASS",B? star,https://ui.adsabs.harvard.edu/abs/1983MNRAS.204.1203W/abstract,0.197,17.34,0.424857,0.7443,0.0371,21836900.0,21836900.0,9358.68,7.339391,7.339391,0.002794,2.2430000000000003,-0.8290000000000001,0.028,2.084,0.041,1279.75781,1266.00525,4.4e-15,0.0,1.02e-15,3.2e-15,9.39e-16,,-0.99938,-0.99938,-0.67083,75.8,5.9620000000000015,J180425.8-242308,,,,,,,,,,,,,,,,,,,,,J180425.7-242309,3.9975e-16,2.9835700000000003e-16,7.91553e-15,9.058270000000001e-16,2.6536999999999997e-15,6.41193e-16,3.92517e-15,1.4294800000000001e-15,4.2270900000000005e-16,3.50385e-15,1.94498e-14,4.1634799999999996e-15,1.54488e-14,1.75961e-15,0.936011,0.0488353,-0.239177,0.09411889999999999,-0.425600," 1.29274e-01",-0.904643,0.33328800000000003,18042583-2423084,6.648,6.482,6.167999999999998,0.023,0.046,0.027000000000000003,J180425.83-242308.3,,,,,3.505,0.019
1895,Cl* NGC 6530 ZCW 221,271.1208333,-24.42395,10.66,B2.5Ve,YSO,"Gaia, Chandra, WISE, 2MASS",unconfirmed,https://ui.adsabs.harvard.edu/abs/2019A%26A...623A..25D/abstract,0.039,1.27,0.220808,0.8157,0.0153,1062340.0,1062340.0,309.838,10.621711,10.621711,0.002773,2.645,-2.254,0.013,1.385,0.019,1196.55005,1182.77051,3.4299999999999997e-15,0.0,1.29e-15,1.9300000000000002e-15,0.0,,-0.99938,-0.99938,-0.4035,74.74,4.4,J180428.9-242526,,,,,,,,,,,,,,,,,,,,,,,,,,,,,,,,,,,,,,,,,,,,18042898-2425262,10.255999999999998,10.158,10.126,0.029,0.037000000000000005,0.033,J180429.02-242526.2,9.99313816157756,,9.709294417002766,,11.533,
1896,Cl* NGC 6530 ZCW 228,271.1372083,-24.31238056,10.49,B2.5Vne,YSO,"Gaia, Chandra, XMM, WISE, 2MASS",unconfirmed,https://ui.adsabs.harvard.edu/abs/2019A%26A...623A..25D/abstract,0.121,9.356,0.215948,0.8168,0.0245,1283990.0,1283990.0,525.053,10.415965,10.415965,0.002791,2.138,-1.795,0.02,1.162,0.028,1184.59119,1182.40479,4.9100000000000005e-15,0.0,7.34e-15,1.1e-14,0.0,,-0.69082,-0.85946,-0.37976,76.55,16.119,J180432.9-241844,,,,,,,,,,,,,,,,,,,,,J180432.9-241844,1.10708e-15,2.6756e-16,1.2062299999999999e-14,6.71289e-16,1.6163900000000002e-14,8.00728e-16,1.324e-14,1.25956e-15,7.38889e-15,3.83744e-15,5.21636e-14,4.28726e-15,4.61965e-14,1.5875600000000001e-15,0.884458,0.026057,0.196226,0.032918300000000005,-0.526081," 3.45978e-02",-0.727589,0.09304639999999999,18043292-2418445,10.045,9.834,9.871,,,0.039,J180432.90-241844.2,9.644,0.017,9.761,0.026,,
1900,HD 164947,271.1737083,-24.3483,8.87,B2Vne,,XMM,unconfirmed,no mentions,,,,,,,,,,,,,,,,,,,,,,,,,,,,,,,,,,,,,,,,,,,,,,,,,,,J180441.6-242054,4.63403e-16,2.9505499999999997e-16,2.68678e-15,5.26766e-16,2.26537e-15,5.429040000000001e-16,1.81926e-15,9.34782e-16,3.4886099999999997e-15,4.26484e-15,1.28082e-14,4.559e-15,9.520180000000001e-15,1.26099e-15,0.7375189999999999,0.117572,0.073369,0.126054,-0.524472," 1.44729e-01",-0.363056,0.339371,,,,,,,,,,,,,,
1903,Cl* NGC 6530 ZCW 254,271.210875,-24.42835556,11.97,B4Ve,Em*,"Gaia, XMM, WISE, 2MASS",unconfirmed,https://ui.adsabs.harvard.edu/abs/2019A%26A...623A..25D/abstract,0.044,1.476,0.771928,0.7632,0.0153,385750.0,385750.0,591.819,11.721603,11.721603,0.00322,2.814,-2.158,0.014,1.806,0.021,1235.87952,1229.62805,,,,,,,,,,,,,,,,,,,,,,,,,,,,,,,,,J180450.6-242542,1.0734700000000002e-16,3.3582099999999997e-16,4.79849e-15,8.804310000000001e-16,1.44079e-14,1.35818e-15,2.1351599999999998e-14,2.87468e-15,2.94598e-14,1.27921e-14,7.93996e-14,1.35555e-14,5.3014099999999993e-14,3.24872e-15,0.9824280000000001,0.0430605,0.620039,0.0458965,-0.298338," 5.22687e-02",-0.439758,0.096076,18045061-2425418,10.453,10.162,9.728,,0.044,,J180450.62-242542.1,8.782,0.01,8.231,0.006999999999999999,4.683,0.017
1908,HD 165783,272.112875,-19.86887778,8.33,B4IIe,Em*,"Gaia, XMM, WISE, 2MASS",Be star/Î³-ray binary?,https://ui.adsabs.harvard.edu/abs/2013arXiv1303.2018M/abstract,0.123,9.205,0.501366,0.7041,0.0241,9339330.0,9339330.0,9044.95,8.261578,8.261578,0.002949,1.6030000000000002,-1.5490000000000002,0.019,-0.412,0.026,1359.57373,1330.23438,,,,,,,,,,,,,,,,,,,,,,,,,,,,,,,,,J180827.0-195207,3.6746e-16,2.5278900000000004e-16,1.05994e-15,3.59589e-16,1.25728e-16,2.0277e-16,5.52145e-16,6.219469999999999e-16,2.9222999999999998e-15,3.3076300000000005e-15,8.769240000000001e-15,3.55367e-15,4.10047e-15,9.8588e-16,0.767095,0.147358,-0.758625,0.142047," 0.157437"," 2.48913e-01",-0.593464,0.261402,18082709-1952079,7.454,7.28,7.09,0.018000000000000002,0.038,0.021,J180827.09-195206.9,6.402,0.035,6.287000000000001,0.037000000000000005,5.783,0.019
1911,V3903 Sgr,272.32375,-23.98839722,7.36,B6IIIe,V*,"Gaia, Chandra, WISE, 2MASS",O type binary,https://ui.adsabs.harvard.edu/abs/1997A%26A...327.1094V/abstract,0.14,9.786,0.267596,0.8368,0.0258,24548200.0,24548200.0,52296.1,7.212316,7.212316,0.003597,3.02,-1.214,0.023,2.766,0.032,1148.00415,1139.76147,1.26e-13,0.0,2.23e-14,1.24e-13,,,-0.73454,-0.9594,-0.74079,47.94,21.059,J180917.6-235918,,,,,,,,,,,,,,,,,,,,,,,,,,,,,,,,,,,,,,,,,,,,18091770-2359179,6.819,6.79,6.779,0.02,0.018000000000000002,0.024,J180917.70-235918.2,7.096,0.022,6.86,0.009000000000000001,7.263,0.036000000000000004
1929,Cl* NGC 6611 PPM 38,274.6656667,-13.78213889,13.705,B8Ve,Em*,"Gaia, Chandra, 2MASS",unconfirmed,no mentions,0.038,0.6931,1.038263,0.5233,0.0212,75384.3,75384.3,44.5786,13.494164,13.494164,0.002829,1.6230000000000002,-1.606,0.02,0.239,0.024,1787.55847,1780.01624,3.820000000000001e-15,1.7399999999999999e-15,1.46e-15,7.71e-16,,,-0.35853,-0.32355,0.04622,109.35,5.353,J181839.7-134656,,,,,,,,,,,,,,,,,,,,,,,,,,,,,,,,,,,,,,,,,,,,18183974-1346564,11.985,11.632,11.395,0.029,0.038,0.039,,,,,,,
1930,BD-13 4928,274.6782917,-13.78066944,10.044,O9.5Vne,Em*,"Gaia, Chandra, XMM, WISE, 2MASS",unconfirmed,no mentions,0.065,4.6,0.7425069999999999,0.591,0.0164,2017140.0,2017140.0,1823.86,9.925525,9.925525,0.002925,1.644,-1.629,0.014,0.225,0.018000000000000002,1614.19531,1548.19397,5.520000000000001e-15,1.15e-15,1.3900000000000001e-15,3.08e-15,0.0,,-0.41974,-0.76702,-0.50593,110.02,7.237999999999999,J181842.7-134650,,,,,,,,,,,,,,,,,,,,,J181842.8-134649,3.23267e-16,2.1148099999999998e-16,4.40156e-15,7.05244e-16,0.0,1.581e-16,0.0,3.15184e-16,0.0,3.73958e-15,4.9203800000000005e-15,3.84621e-15,0.0,2.0210599999999998e-16,0.8743479999999999,0.08052519999999999,-1.0,0.0600518,"         ","            ","         ",,18184277-1346509,8.961,8.869,8.755,0.027000000000000003,0.053,0.023,J181842.77-134650.8,8.611,0.011,8.804,0.011,7.584,
2033,HD 344783,295.7782917,23.27011111,9.8,B0IVe,Em*,"Gaia, Chandra, WISE, 2MASS",unconfirmed,no mentions,1.26,2522.0,0.6312810000000001,-0.0906,0.1408,2438180.0,2438180.0,1971.54,9.719704,9.719704,0.002892,6.102,-5.981,0.149,-1.21,0.09,6448.9873,5738.9668,2.26e-14,0.0,5.9399999999999995e-15,1e-14,,,-0.22986,-0.44347,-0.20112,124.28,3.879,J194306.7+231612,,,,,,,,,,,,,,,,,,,,,,,,,,,,,,,,,,,,,,,,,,,,19430677+2316122,8.785,8.712,8.652000000000001,0.019,0.029,0.024,J194306.78+231612.1,8.627,0.018000000000000002,8.693,0.012,9.119,0.08800000000000001
2059,HD 190864,301.4158333000001,35.607775,7.79,O7IIIe,Em*,"Gaia, XMM, WISE, 2MASS",Emission star,https://ui.adsabs.harvard.edu/abs/1995ApJS..100..433U/abstract,0.155,18.95,0.305173,0.5264,0.018000000000000002,15833100.0,15833100.0,4792.3,7.688452000000002,7.688452000000002,0.002775,7.31,-6.638,0.019,-3.062,0.017,1818.37964,1816.71277,,,,,,,,,,,,,,,,,,,,,,,,,,,,,,,,,J200539.8+353627,1.1320700000000001e-14,9.11275e-16,6.3037e-14,2.03904e-15,2.28604e-14,1.41467e-15,1.64054e-15,9.4699e-16,1.60313e-16,3.65627e-15,9.95703e-14,4.82079e-15,1.2872e-13,3.80897e-15,0.696448,0.0223285,-0.521602,0.025316599999999998,-0.939354," 2.94488e-02",-0.927996,0.5733779999999999,20053979+3536278,7.257999999999999,7.28,7.265,0.019,0.021,0.021,J200539.80+353627.9,7.184,0.01,7.267,0.006999999999999999,7.169,0.02
2069,HD 228256,302.9765417,40.00823056,10.02,Bpe,Em*,"Gaia, Swift, WISE, 2MASS",unconfirmed,no mentions,0.09,11.15,0.927702,0.4373,0.0123,1969740.0,1969740.0,10136.6,9.951345,9.951345,0.006229999999999999,5.712999999999999,-5.247000000000001,0.014,-2.26,0.013,2178.59082,2184.26904,,,,,,,,,,,,,128863.0,0.00656,0.00107,-0.00107,0.68,-0.126,0.000535,-0.000406,0.00329,0.000719,-0.000719,0.0025,0.000644,-0.000644,1.41E-01,2.7399999999999994e-13,6.45e-13,2.32E+00,7.71E-01,-4.40E-01,,,,,,,,,,,,,,,,,,,,,,,,20115436+4000295,8.404,8.11,7.7570000000000014,0.029,0.018000000000000002,0.016,J201154.36+400029.5,7.523,0.014,7.082000000000002,0.008,6.379,0.016
2073,HD 228438,303.4595,36.622925,8.37,B0.5IIIe,Em*,"Gaia, XMM, Swift, WISE, 2MASS",unconfirmed,no mentions,0.243,51.03,0.689038,0.4262,0.0251,10675700.0,10675700.0,7040.46,8.116377,8.116377,0.002847,6.908,-6.408,0.029,-2.58,0.026,2242.95435,2286.96265,,,,,,,,,,,,,97731.0,0.000858,0.000409,-0.000409,-0.236,0.254,0.000334,-0.00026000000000000003,0.000196,0.000208,-0.000196,0.000333,0.000237,-0.000237,5.37E-01,5.31e-14,8.32e-14,"          ","           ","           ",J201350.2+363722,1.1661600000000001e-16,1.8074400000000002e-16,2.5756399999999998e-15,4.71573e-16,1.42881e-15,4.18804e-16,1.1976e-16,3.8827500000000003e-16,1.12523e-15,2.9058e-15,5.71055e-15,3.0712700000000003e-15,5.99202e-15,9.81518e-16,0.9075709999999999,0.125746,-0.358487,0.146608,-0.879239," 2.03378e-01"," 0.976427",0.219059,20135028+3637224,7.1770000000000005,7.05,6.755,0.026,0.023,0.017,J201350.26+363722.5,6.659,0.022,6.13,0.01,5.255,0.015
2075,HD 228535,303.7305833000001,36.85356389,10.43,B2IVe,Em*,"Gaia, XMM, WISE, 2MASS",unconfirmed,no mentions,0.128,23.8,0.929197,0.4296,0.0141,1806510.0,1806510.0,3160.84,10.045268,10.045268,0.003347,6.532,-5.417000000000002,0.016,-3.65,0.014,2232.61743,2219.12988,,,,,,,,,,,,,,,,,,,,,,,,,,,,,,,,,J201455.4+365111,1.89864e-16,2.75536e-16,6.606969999999999e-16,4.77691e-16,2.80152e-15,8.89604e-16,2.40834e-15,1.5932000000000001e-15,6.07662e-15,8.881050000000001e-15,1.15175e-14,9.17389e-15,5.48076e-15,1.6118400000000002e-15,0.52118,0.592184,0.5705859999999999,0.266405,-0.272162," 2.36271e-01"," 0.260531",0.310225,20145533+3651127,9.338,9.245,9.2,0.021,0.018000000000000002,0.015,J201455.32+365112.8,7.83,0.01,7.7,0.008,7.522,0.023
2101,V2246 Cyg,308.0632917,37.6375,19.7,B0Ve,,"XMM, Swift, WISE",Be/Xray pulsar,https://ui.adsabs.harvard.edu/abs/2008A%26A...479..301B/abstract,,,,,,,,,,,,,,,,,,,,,,,,,,,,,,,62735.0,1.62,0.0101,-0.0101,0.937,0.7170000000000001,0.00658,-0.000571,0.209,0.004070000000000001,-0.004070000000000001,1.33,0.00847,-0.00847,0.00E+00,1.8700000000000003e-10,2.42e-10,"          ","           ","           ",J203215.2+373815,1.1335e-13,3.47709e-15,1.73263e-13,4.2219900000000006e-15,3.88393e-12,1.80571e-14,5.49875e-11,1.0585599999999999e-13,2.0245599999999998e-10,4.59946e-13,2.60068e-10,4.72574e-13,3.40981e-11,6.38944e-14,0.2514,0.017322999999999998,0.9189860000000001,0.00180453," 0.672257"," 1.34489e-03",-0.130590,0.00141453,,,,,,,,J203215.26+373814.8,9.374,0.012,9.009,0.008,7.167999999999998,0.034
2106,W Del,309.4170417,18.28438333,9.81,A0Ve,**,"Gaia, XMM, WISE, 2MASS",Algol type variable,https://ui.adsabs.harvard.edu/abs/1896ApJ.....3..200P/abstract,0.227,72.38,0.176791,1.2538,0.0273,2410490.0,2410490.0,2480.25,9.732103,9.732103,0.002973,5.546,4.204,0.025,-3.618,0.024,784.345947,781.383179,,,,,,,,,,,,,,,,,,,,,,,,,,,,,,,,,J203740.1+181702,4.70456e-16,5.35309e-16,7.27676e-15,1.33658e-15,3.74652e-15,8.91513e-16,3.17076e-16,6.6649e-16,1.4117699999999999e-15,5.47735e-15,1.6479900000000002e-14,5.94437e-15,1.60529e-14,2.28206e-15,0.9202170000000001,0.08496519999999999,-0.218651,0.130395,-0.944014," 9.93389e-02"," 0.123709",0.9647889999999999,20374007+1817037,9.365,9.135,9.1,0.021,0.036000000000000004,0.02,J203740.08+181703.8,8.975,0.014,9.032,0.009000000000000001,9.001,0.042
2123,HD 198931,313.0405,44.43461389,8.81,B1Vnne,Em*,"Gaia, Chandra, XMM, Swift, WISE, 2MASS",unconfirmed,no mentions,2.059,3398.0,0.978423,0.5433,0.22,7574540.0,7574540.0,3898.48,8.488977,8.488977,0.002811,3.189,-2.968,0.197,-1.166,0.217,2497.70142,2142.65967,1.2e-14,0.0,1.17e-14,1.16e-14,,,-0.33979000000000004,-0.56465,-0.24485,115.7,15.511,J205209.7+442605,77806.0,0.0034,0.000614,-0.000614,0.87,-0.3,1.24e-05,-1.24e-05,0.00215,0.0004480000000000001,-0.0004480000000000001,0.000989,0.00034700000000000003,-0.00034700000000000003,7.41E-01,1.09e-13,4.1900000000000005e-12,3.98E+00,-1.00E+00,-5.98E-01,J205209.7+442604,8.104179999999999e-16,3.61905e-16,6.860509999999999e-15,7.77572e-16,1.59943e-14,1.23111e-15,1.1515299999999998e-14,1.87356e-15,2.20278e-14,8.6814e-15,5.9777e-14,9.067390000000001e-15,3.83574e-14,2.26923e-15,0.786986,0.084993,0.381571,0.05780790000000001,-0.613689," 5.46584e-02",-0.403651,0.17164000000000001,20520972+4426045,7.129,6.863,6.535,0.024,0.031,0.018000000000000002,J205209.73+442604.4,6.7410000000000005,0.022,5.908,0.011,5.081,0.017
2134,GSC 03588-00834,315.8987917,45.75153056,14.25,B0Ve,HMXB,"Gaia, Chandra, Swift, WISE, 2MASS",Be/XRB,https://ui.adsabs.harvard.edu/abs/2014A%26A...568A.115C/abstract,0.0,0.0,1.523651,0.1309,0.0129,58233.4,58233.4,256.231,13.774435999999998,13.774435999999998,0.005515,4.7189999999999985,-3.16,0.013,-3.505,0.014,6218.41309,6208.10205,2.23e-13,1.93e-13,2.81e-14,6.5e-15,0.0,,0.46346,0.74953,0.43348,77.09,27.56,J210335.6+454505,43945.0,1.04,0.00604,-0.00604,0.884,0.601,0.0123,-0.000685,0.212,0.00287,-0.00287,0.8440000000000001,0.00543,-0.00543,0.00E+00,1.12e-10,1.29e-10,1.86E+00,6.64E-01,-1.64E+00,,,,,,,,,,,,,,,,,,,,,,,,21033570+4545055,11.842,11.535,11.362,0.021,0.021,0.023,J210335.70+454505.5,10.716,0.013,10.653,0.01,10.323,0.127
2152,ALFIRK,322.165,70.56071389,3.216,B2IIIev,V*,"Gaia, XMM, WISE, 2MASS",beta Cep type variable (triple star),https://en.wikipedia.org/wiki/Beta_Cephei,7.374,74990.0,-0.220451,,,993369000.0,993369000.0,7791230.0,3.1945900000000003,3.1945900000000003,0.00895,,,,,,,,,,,,,,,,,,,,,,,,,,,,,,,,,,,,,,,,J212839.5+703339,3.42458e-13,2.10672e-15,6.86159e-13,2.62326e-15,1.3172100000000001e-13,1.17533e-15,1.5154e-14,7.647239999999999e-16,8.482e-16,7.51517e-16,1.17748e-12,3.85978e-15,1.03045e-12,3.93138e-15,0.43673199999999995,0.00292517,-0.6884140000000001,0.00257148,-0.916904," 4.09273e-03",-0.976378,0.0213243,21283958+7033389,3.638,3.749,3.902,0.218,0.21600000000000005,0.033,,3.973845679386272,,3.520296991710701,,,
2162,V490 Cep,324.878,56.98611389,14.29,B1.5Ve,HMXB,"Gaia, Chandra, Swift, WISE, 2MASS",Be/Xray pulsar,https://ui.adsabs.harvard.edu/abs/2018ATel11791....1N/abstract,0.0,0.0,1.553215,0.1048,0.0127,56035.7,56035.7,58.4535,13.816204999999998,13.816204999999998,0.002979,3.694,-2.204,0.014,-2.964,0.014,7446.63037,7249.57812,6.59e-13,5.8e-13,6.91e-14,1.82e-14,3.3e-15,,0.49844,0.76827,0.43848,91.43,13.254,J213930.6+565910,125499.0,5.32,0.0362,-0.0362,0.794,0.5670000000000001,0.129,-0.00771,1.16,0.0171,-0.0171,4.2,0.0325,-0.0325,0.00E+00,4.7e-10,5.64e-10,4.82E-01,5.98E-02,-4.47E-02,,,,,,,,,,,,,,,,,,,,,,,,21393068+5659104,11.829,11.414,10.925999999999998,0.024,0.028,0.02,J213930.68+565910.3,10.29,0.01,10.002,0.006999999999999999,9.155,0.033
2171,EM Cep,328.4504167,62.61442778,7.03,B0.5Ve,Em*,"Gaia, Chandra, WISE, 2MASS",B(e) star,https://ui.adsabs.harvard.edu/abs/2016AJ....152...56K/abstract,2.102,4734.0,0.359347,1.5214,0.1914,30991100.0,30991100.0,62165.9,6.959275,6.959275,0.003512,2.945,-0.313,0.205,-2.929,0.229,697.133667,693.444275,4.86e-15,7.549999999999999e-16,1.05e-15,3.01e-15,,,-0.37976,-0.79575,-0.57839,45.55,5.4,J215348.1+623651,,,,,,,,,,,,,,,,,,,,,,,,,,,,,,,,,,,,,,,,,,,,21534810+6236520,6.487,6.501,6.524,0.026,0.033,0.018000000000000002,J215348.09+623651.8,6.621,0.015,6.513,0.009000000000000001,6.285,0.015
2185,BD+53 2790,331.9843333,54.51844444,9.93,O9.5IIIe,HMXB,"Gaia, XMM, Swift, WISE, 2MASS",O dwarf/accreting magnetar,https://ui.adsabs.harvard.edu/abs/2011BSRSL..80..634B/abstract,0.107,14.0,0.416233,0.3051,0.0136,2385630.0,2385630.0,1260.01,9.743357,9.743357,0.002814,5.33,-3.317,0.014,-4.173,0.015,3104.12915,3167.40918,,,,,,,,,,,,,162058.0,4.57,0.054000000000000006,-0.054000000000000006,0.852,0.7509999999999999,0.0429,-0.0046,0.546,0.0209,-0.0209,4.02,0.0494,-0.0494,0.00E+00,6.62e-10,6.900000000000001e-10,4.19E-02,3.39E+00,-1.12E-01,J220756.2+543106,4.11586e-13,3.4106699999999995e-15,2.35131e-12,8.28423e-15,1.38765e-11,2.02262e-14,6.83602e-11,7.94303e-14,1.85488e-10,2.43031e-13,2.66929e-10,2.59702e-13,4.76824e-11,2.20794e-14,0.69643,0.00230207,0.6953199999999999,0.00100295," 0.261124"," 8.67413e-04",-0.174095,0.000870032,22075623+5431064,9.218,9.116,9.038,0.025,0.027000000000000003,0.022,J220756.22+543106.3,8.818,0.011,8.7,0.008,8.191,0.019
2198,pi Aqr,336.31925,1.377397222,4.794,B1Ve,Em*,"Gaia, XMM, WISE, 2MASS",gamma Cas type,https://ui.adsabs.harvard.edu/abs/2002ApJ...573..812B/abstract,0.759,746.3,0.061541,2.9761,0.1129,291681000.0,291681000.0,1133610.0,4.525096,4.525096,0.00504,17.705,2.563,0.135,17.518,0.159,329.946533,333.05719,,,,,,,,,,,,,,,,,,,,,,,,,,,,,,,,,J222516.6+012238,1.29825e-13,2.22623e-15,6.08646e-13,4.24178e-15,1.69873e-12,7.1045299999999995e-15,3.55311e-12,1.65879e-14,5.9783e-12,4.3260000000000003e-14,1.19652e-11,4.72094e-14,5.12677e-12,1.46218e-14,0.710172,0.00459071,0.47598900000000005,0.00314611,-0.111483," 3.09355e-03",-0.393044,0.00363137,22251662+0122389,5.305,5.365,5.351,0.037000000000000005,0.049,0.02,J222516.62+012238.4,4.112487682384348,,3.564646812343014,,4.074,0.016
2213,4U 2238+60,339.8370833,61.27411111,,Be,HMXB,"Gaia, Chandra, WISE, 2MASS",Be/XRB ?,https://ui.adsabs.harvard.edu/abs/2000A%26A...361...85I/abstract,0.044,1.044,1.937848,0.104,0.014,42965.3,42965.3,144.65,14.104571,14.104571,0.004577,2.555,-1.015,0.014,-2.344,0.015,7387.7085,7315.116209999999,3.79e-13,3.620000000000001e-13,1.91e-14,4.46e-15,,,0.7095600000000001,0.88195,0.44722,98.37,8.652999999999999,J223920.8+611626,,,,,,,,,,,,,,,,,,,,,,,,,,,,,,,,,,,,,,,,,,,,22392085+6116266,11.45,10.955,10.557,0.026,0.031,0.021,J223920.84+611626.5,10.372,0.012,10.188,0.01,9.477,0.051
2218,EM* MWC 659,341.9390417,57.28077222,10.15,B0IIIpe,Em*,"Gaia, Swift, WISE, 2MASS",unconfirmed,no mentions,0.086,10.93,0.794366,0.2773,0.012,2033490.0,2033490.0,861.972,9.916761,9.916761,0.002793,4.4910000000000005,-2.986,0.011,-3.355,0.012,3409.34668,3401.40186,,,,,,,,,,,,,193015.0,0.0145,0.0042,-0.0042,0.8320000000000001,0.213,0.0,0.0,0.00557,0.00255,-0.00255,0.009000000000000001,0.00328,-0.00328,"         ",8.870000000000002e-13,1.51e-12,1.79E+00,-1.00E+00,-8.89E-01,,,,,,,,,,,,,,,,,,,,,,,,22474535+5716508,8.841000000000003,8.556000000000001,8.221,0.021,0.028,0.021,J224745.35+571650.7,7.827000000000001,0.013,7.451,0.008,6.4929999999999986,0.015
2225,BD+61 2355,343.121625,62.68605833,9.63,B7IVe,Em*,"Gaia, XMM, WISE, 2MASS",unconfirmed,no mentions,0.769,747.1,0.5558529999999999,1.6821,0.0705,2818390.0,2818390.0,1681.69,9.562364,9.562364,0.00283,4.752,-3.814,0.071,2.835,0.078,590.133118,583.429138,,,,,,,,,,,,,,,,,,,,,,,,,,,,,,,,,J225228.9+624110,3.28552e-17,3.7819500000000002e-16,6.42603e-15,1.7962900000000002e-15,1.3387000000000001e-14,2.57985e-15,1.0985300000000001e-15,1.7943999999999997e-15,1.6619e-14,2.34815e-14,3.53992e-14,2.38373e-14,2.5390400000000003e-14,4.53996e-15,0.97806,0.111002,0.18213,0.137446,-0.805202," 1.14326e-01",-0.023129,0.509181,22522918+6241098,8.751,8.658999999999999,8.602,0.021,0.029,0.017,J225229.20+624109.7,8.275,0.006999999999999999,8.398,0.006999999999999999,7.93,0.016