Be star,RA,Dec,Spectral class,Simbad class,Literature classification,Reference,vsini,Plx,pmRA,pmDE,epsi,sepsi,Vmag,Gmag,BPmag,RPmag,Tefftemp,rpgeo,b_rpgeo,B_rpgeo,W1,e_W1,W2,e_W2,W3,e_W3,W4,e_W4,Jmag,e_Jmag,Hmag,e_Hmag,Kmag,e_Kmag,N_H,Gamma,Flux (0.3-1 keV),Flux (1-2 keV),Flux (2-10 keV),HR1,HR2,X-ray source
RX J0048.5-7302,12.14375,-73.04166944444444,Be,HMXB,HMXB,https://ui.adsabs.harvard.edu/abs/2016A%26A...586A..81H/abstract,,,,,,,14.84,,,,,,,,,,,,,,,,,,,,,,,0.7182999849319458,9.313733838057515e-15,2.7866840365764904e-14,5.606942579617759e-14,0.49900000000000005,0.3360000000000001,XRT
RX J0049.5-7310,12.373291666666667,-73.1822,Be,HMXB,Be/Xray pulsar,https://ui.adsabs.harvard.edu/abs/2013MNRAS.431..252S/abstract,,,,,,,16.51,,,,,,,,,,,,,,,,,,,,,,,0.3844999969005585,4.552620409763219e-14,2.6523286824115413e-13,8.682409276612138e-13,0.707,0.5319999999999998,XRT
RX J0049.7-7323,12.424958333333333,-73.38741944444446,B2Ve,HMXB,Be/XRB,https://ui.adsabs.harvard.edu/abs/2000A%26A...359..573H/abstract,,-0.0301,0.53,-1.209,0.09,2.32,14.98,14.796638,14.840578,14.654923000000002,,,,,13.699000358581545,0.017999999225139618,13.543999671936035,0.014999999664723871,12.847999572753904,,9.24899959564209,,14.550999999999998,0.039,14.482000000000001,0.062,14.302999999999999,0.07200000000000001,82.7318,2.02198,3.912348955952237e-14,8.586487807743174e-15,2.548962173321205e-15,-0.6400548362601204,-0.5421896416120288,CXO
DZ Tuc,12.686208333333333,-73.2681,Be,HMXB,Be/Xray pulsar,https://ui.adsabs.harvard.edu/abs/2006Ap%26SS.305..133L/abstract,,-0.0248,0.679,-1.278,0.064,0.722,15.44,15.345635000000001,15.346321,15.291616000000001,,,,,,,,,,,,,15.296,0.045,15.299000000000001,0.1,14.806,0.113,29.4956,0.890331,3.453389162983519e-13,4.670451880759648e-14,2.6277806880086525e-14,-0.7617380390773552,-0.2798857358276444,CXO
SMC 25,12.966708333333333,-73.1761,Be,HMXB,Be/Xray pulsar,https://ui.adsabs.harvard.edu/abs/2006AJ....132..919S/abstract,,-0.0247,0.643,-1.215,0.11,5.04,14.45,14.335338,14.31789,14.295342999999999,,18071.3828,13905.2061,22709.0586,13.722999572753904,0.02800000086426735,13.531999588012695,0.027000000700354576,,,,,14.432,0.033,14.448,0.051,14.171,0.07200000000000001,3.4115300000000003e-06,1.0548799999999998,4.467590218257747e-13,8.588435528901038e-14,1.1304367946207433e-13,-0.6775164810863602,0.13652838930947042,CXO
2E 0050.1-7247,12.971541666666667,-72.5301388888889,Be,HMXB,Be/XRB,https://ui.adsabs.harvard.edu/abs/1997ApJ...484L.141I/abstract,,0.0078,0.6409999999999999,-1.3319999999999999,0.282,22.6,14.87,14.86245,14.718245999999999,14.968932,,,,,14.538039034024886,0.006302639097323495,14.41825318433941,0.016256597020187374,,,,,14.468,0.032,14.259,0.04,14.258,0.064,30.0127,1.44646,2.635189558867754e-14,5.5235787549237826e-15,3.121551880595277e-15,-0.6534276669653649,-0.27784737739643034,CXO
X SMC X-3,13.024041666666667,-72.43421944444444,O9IVe,HMXB,Be/Xray pulsar,https://ui.adsabs.harvard.edu/abs/2017A%26A...605A..39T/abstract,,,,,,,14.91,,,,,,,,,,,,,,,,,,,,,,,0.7684999704360962,3.72795874601545e-15,8.53161604584721e-16,2.241148098275465e-15,-0.6275314598652931,0.4485609479903631,CXO
2E 0050.4-7335,13.058291666666667,-73.3219,Be,HMXB,Be/Xray pulsar,https://ui.adsabs.harvard.edu/abs/2018cosp...42E2127M/abstract,,-0.0646,0.6509999999999999,-1.192,0.0,0.0,14.67,14.569972,14.611801999999999,14.445727999999999,,,,,13.553000450134276,0.012000000104308128,13.486000061035154,0.009999999776482582,12.40999984741211,0.3650000095367432,8.977999687194824,,14.4,0.032,14.253,0.053,14.107000000000001,0.065,,,0.0,6.087356701603823e-16,8.099298477495411e-16,1.0,0.1418193189650313,CXO
2E 0051.1-7214,13.23,-71.9683,Be,HMXB,Be/XRB,https://ui.adsabs.harvard.edu/abs/2015MNRAS.452..969C/abstract,,-0.077,0.703,-1.228,0.0,0.0,15.53,15.465887,15.457436999999999,15.422529999999998,,,,,14.618000030517578,0.014000000432133676,14.42199993133545,0.014999999664723871,12.892999649047852,,9.336999893188477,,,,,,,,,0.8792999982833862,2.1109327674351307e-13,5.707336741583872e-13,9.801730490980995e-13,0.45999999999999996,0.2639999999999999,XRT
CXOU J005323.8-722715,13.349583333333333,-72.4542,Be,HMXB,Be/Xray pulsar,https://ui.adsabs.harvard.edu/abs/2006AJ....132..919S/abstract,,0.0096,0.65,-1.3230000000000002,0.037000000000000005,0.11699999999999999,16.19,16.185415,16.124111,16.27051,,,,,,,,,,,,,16.274,0.107,15.802,0.159,16.502,,26.4723,0.886785,2.0024421076422997e-13,2.9775547766317085e-14,1.9349905373855306e-14,-0.7411044341883105,-0.21222485953897896,CXO
Cl* NGC 330 ELS 065055,13.480583333333335,-72.44591666666666,B1IIIe,HMXB,X-ray pulsar,https://ui.adsabs.harvard.edu/abs/2007ATel.1316....1S/abstract,420.0,-0.0412,0.6779999999999999,-1.234,0.10400000000000001,3.47,14.72,14.664824,14.632143,14.606682000000001,,,,,,,,,,,,,,,,,,,,0.7143999934196472,3.278424327051696e-15,1.839211379313441e-15,2.889145522515471e-15,-0.2812261423665253,0.22205052727638205,CXO
Cl* NGC 330 ELS 016486,13.693416666666666,-72.42298888888891,B1IIIe,HMXB,X-ray pulsar?,https://ui.adsabs.harvard.edu/abs/2010ATel.2998....1S/abstract,496.0,-0.036000000000000004,0.6990000000000001,-1.247,0.096,1.48,15.58,15.482404999999998,15.45147,15.366458999999999,,,,,14.454000473022461,0.016000000759959217,14.309000015258787,0.017000000923871994,,,,,15.293,0.059000000000000004,15.205,0.09300000000000001,14.84,0.12,95.6722,2.05342,2.862733030050614e-14,4.6413161954515e-15,1.526112941231369e-15,-0.7209795597776754,-0.5051056421048127,CXO
2E 0054.4-7237,14.021708333333333,-72.3667,Be,HMXB,Be/Xray pulsar,https://ui.adsabs.harvard.edu/abs/2006AJ....132..919S/abstract,,,,,,,15.88,,,,,,,,,,,,,,,,,,,,,,,,2.2200319604703514e-16,3.18965e-15,1.814521059772061e-14,0.869855941803075,0.7009917186577935,XMM
gam Cas,14.177208333333333,60.71674166666666,B0IVpe,Be*,gamma Cas type,https://ui.adsabs.harvard.edu/abs/1978ApJ...220..940P/abstract,432.0,,,,2.042,2970.0,2.47,2.0645830000000003,2.7258430000000002,2.315109,,,,,1.5132909947763602,43.917814285176334,0.5340458030539743,0.0010573547692365938,0.3619999885559082,0.119999997317791,-0.2870000004768372,0.009999999776482582,2.039,0.23800000000000002,1.993,0.182,1.756,0.23,,,1.405802253927273e-11,3.00362e-11,1.5085242236431998e-10,0.3623644219261657,0.6679039332887904,XMM
RX J0057.4-7325,14.3625,-73.42209722222222,Be,HMXB,unclear,https://ui.adsabs.harvard.edu/abs/2000PASJ...52L..53Y/abstract,,0.0293,0.7929999999999999,-1.286,0.07200000000000001,0.726,15.67,15.625085,15.581367000000002,15.631404000000002,,,,,15.166618166607373,0.009900554835711228,15.201435252316914,0.029101403460498443,,,,,15.67,0.063,15.575,0.145,15.605,0.24,10.146,0.698495,6.509710546882818e-13,9.292021355742791e-14,8.414929387416124e-14,-0.7501779694858951,-0.049533766770404115,CXO
RX J0058.2-7231,14.552916666666668,-72.5125,Be,HMXB,Be/Xray pulsar,https://ui.adsabs.harvard.edu/abs/2013MNRAS.431..252S/abstract,,,,,,,14.9,,,,,,,,,,,,,,,,,,,,,,,1.2369999885559082,1.4231975090787641e-13,9.917021686767959e-13,1.7939780804153278e-12,0.749,0.2880000000000001,XRT
[HP2004] 39,15.125791666666668,-72.3431,Be,HMXB,HMXB?,https://ui.adsabs.harvard.edu/abs/2003A%26A...403..901S/abstract,,,,,,,,,,,,,,,,,,,,,,,,,,,,,,1.0529999732971191,9.553717953426755e-16,5.02643e-15,4.11592422882734e-14,0.6805739046430755,0.7823381256149339,XMM
RX J0101.0-7206,15.263291666666666,-72.1158,B3.5Ve,HMXB,Be/XRB,https://ui.adsabs.harvard.edu/abs/2015MNRAS.452..969C/abstract,,,,,,,15.72,,,,,,,,,,,,,,,,,,,,,,,,4.9086101667057686e-14,9.613905119405971e-14,2.553748471388826e-13,0.32399999999999995,0.45300000000000007,XRT
RX J0101.3-7211,15.336708333333334,-72.1886,Be,HMXB,Be/XRB,https://ui.adsabs.harvard.edu/abs/2001A%26A...369L..29S/abstract,,-0.0272,0.79,-1.24,0.217,6.59,15.49,15.589946,15.498016,15.68626,,,,,,,,,,,,,,,,,,,,,6.973294988956376e-15,2.7041000000000004e-14,4.4716851927825767e-13,0.589978566880752,0.8859533649128083,XMM
RX J0105.5-7221,16.148,-72.36328055555556,Be,HMXB,unconfirmed,no mentions,,0.0193,0.778,-1.272,0.147,4.61,15.15,15.121189000000001,15.120733999999999,15.068729000000001,,,,,,,,,,,,,,,,,,,,,0.0,0.0,0.0,,,CXO
XTE J0111-7317,17.785,-73.2794,B1IVe,HMXB,Be/Xray pulsar,https://ui.adsabs.harvard.edu/abs/2006AJ....132..971S/abstract,,-0.0879,1.01,-1.236,0.0,0.0,15.52,15.436142000000002,15.429561999999999,15.413126,,24033.5781,20719.3652,28115.7188,,,,,,,,,,,,,,,,,2.0090544238981587e-15,3.37041e-15,2.5996773895458654e-14,0.25306526241795513,0.7704642016750404,XMM
ACHERNAR,24.42854166666667,-57.236752777777774,B6Vpe,Be*,Be star,https://ui.adsabs.harvard.edu/abs/2003A%26A...407L..47D/abstract,235.0,,,,,,0.5,,,,,,,,,,,,,,,,0.815,0.254,0.865,0.32,0.88,0.33,,,3.4718169995200667e-13,8.88298e-14,2.8309968808502675e-14,-0.5925346005333445,-0.5166463260691057,XMM
V831 Cas,26.75070833333333,61.356580555555546,B1IVe,HMXB,unconfirmed,no mentions,,0.32799999999999996,-1.0290000000000001,-0.08199999999999999,0.184,65.0,11.34,11.215371000000001,11.629826,10.599628,,2740.13037,2597.42285,2877.8740199999997,9.154999732971193,0.014000000432133676,8.986000061035156,0.008999999612569809,8.628000259399414,0.023000000044703484,7.802000045776367,0.1589999943971634,9.899,0.027000000000000003,9.7,0.036000000000000004,9.486,0.02,,-0.720300018787384,2.7045282870894346e-13,1.7833299999999998e-12,1.4176922465416905e-11,0.7366295745310555,0.7765285976692202,XMM
V782 Cas,32.18933333333334,65.037425,B6IIe,Be*,gamma Cas type,https://ui.adsabs.harvard.edu/abs/2020MNRAS.493.2511N/abstract,,1.1826,1.69,-3.572,0.319,110.0,7.622000000000001,7.489314,7.696110000000001,7.083958,,827.184937,803.151489,849.2141720000001,6.046198198518352,0.000358608282930083,5.365634359671244,0.0006858550231548451,4.836999893188477,0.014999999664723871,4.107999801635741,0.020999999716877937,6.6610000000000005,0.035,6.45,0.024,6.199,0.023,,,4.1753023694376654e-15,7.35669e-14,6.3321945694330746e-12,0.8925859509460187,0.9770310211046584,XMM
BD+56 511,34.699666666666666,57.06724722222222,B3IIIe,Be*,unconfirmed,no mentions,,0.3865,-0.13699999999999998,-1.015,0.109,17.8,9.11,9.020182,9.215045,8.656334,,2416.52417,2318.93555,2568.09937,7.783999919891357,0.008999999612569809,7.74399995803833,0.0070000002160668364,7.285999774932861,0.017999999225139618,6.584000110626222,0.07400000095367433,8.298,0.043,8.187999999999999,0.046,8.095,0.024,,,0.0,2.034938904077088e-16,9.199846104390343e-17,1.0,-0.3773208640294133,CXO
Cl* NGC 869 LAV 1039,34.78566666666667,57.063638888888896,B3e,Be*,unconfirmed,no mentions,,0.4988,-0.701,-0.9329999999999999,0.599,665.0,12.37,12.309223,12.52021,11.834487,,1763.3669399999999,1603.75244,1969.0529800000002,10.337425166922976,0.0006558758047984036,10.014540894796806,0.0011828137726260855,,,,,,,,,,,,,0.0,3.767165724668109e-16,4.444912493638677e-16,1.0,0.08253048143887624,CXO
HD 14162,34.864374999999995,57.13837777777778,Be,Be*,unconfirmed,no mentions,,0.4006,-0.59,-1.089,0.084,11.5,9.37,9.285574,9.479526,8.926943,,2326.17798,2239.32764,2410.57812,8.489385266291249,0.0002667526971669204,8.491898608625073,0.0005512877030941855,,,,,,,,,,,,,0.0,3.046297893209769e-16,3.299742806444064e-16,1.0,0.039937486257867846,CXO
NGC 884 2079,35.428833333333344,57.30806111111111,Be,Be*,unconfirmed,no mentions,,,,,,,9.61,,,,,,,,,,,,,,,,,,,,,,,,1.3460897813649991e-15,1.2706300000000001e-15,8.399124102572742e-16,-0.028837547643575275,-0.20407909722611145,XMM
V615 Cas,40.13195833333333,61.22933611111111,B0Ve,HMXB,Be/BH binary?,https://ui.adsabs.harvard.edu/abs/2017MNRAS.468.3689M/abstract,,0.3776,-0.423,-0.256,0.07,8.11,10.8,10.402225,10.956625,9.673551,,2473.9567899999997,2406.5700699999998,2544.85718,7.335999965667725,0.0070000002160668364,7.2870001792907715,0.006000000052154064,6.9629998207092285,0.017000000923871994,6.552999973297119,0.0689999982714653,8.621,0.024,8.228,0.021,7.917000000000001,0.023,,1.5390000343322754,2.343021789117042e-12,2.747223776904898e-13,7.28250668359776e-14,-0.790107542842487,-0.580920142081887,CXO
HD 237056,45.657833333333336,57.612794444444454,B0.5Vpe,Be*,Be star,https://ui.adsabs.harvard.edu/abs/2021MNRAS.500.3926B/abstract,,0.8836,-0.434,-0.5539999999999999,0.193,37.2,8.9,8.376163,8.731124000000001,7.748621000000001,,1109.5488300000002,1080.8546099999999,1136.05103,7.1560001373291025,0.02500000037252903,6.86899995803833,0.017000000923871994,7.307000160217285,0.01899999938905239,7.09499979019165,0.1169999986886978,7.534,0.035,7.381,0.031,7.287999999999999,0.023,,0.9991000294685364,4.041382635384872e-14,1.8791287621026833e-13,3.451732974358829e-13,0.646,0.29499999999999993,XRT
HD 19818,47.10866666666666,-59.37371666666667,B9.5Vne,*,Be star,https://ui.adsabs.harvard.edu/abs/2017AJ....153..252L/abstract,,3.3128,0.11,17.207,0.233,59.8,9.06,9.026817,9.097452,8.857716,,,,,8.116999626159668,0.012000000104308128,8.083000183105469,0.008000000379979609,7.877999782562256,0.017999999225139618,7.554999828338622,0.1040000021457672,8.486,0.02,8.232000000000001,0.055,8.113,0.028999999999999998,,2.276000022888184,5.295743279306239e-13,4.152505211873492e-13,1.9317515088202689e-13,-0.12099999999999995,-0.3650000000000001,XRT
GSC 02342-00359,52.293000000000006,31.36653055555556,B5e,**,unconfirmed,no mentions,,,,,2.231,712.0,14.25,14.610729999999998,15.517612,12.499799000000001,,,,,4.875,0.029999999329447743,4.474999904632568,0.0130000002682209,-1.559000015258789,0.3070000112056732,-2.76200008392334,0.001000000047497451,,,,,,,134.219,3.17253,4.170764914976988e-13,1.1799325181269429e-13,1.3782941529386982e-14,-0.5589612259415438,-0.7908128747715837,CXO
BQ Cam,53.74954166666667,53.173219444444435,Be,HMXB,Be/Xray pulsar,https://ui.adsabs.harvard.edu/abs/2018acps.confE..46D/abstract,,0.1343,-0.268,0.44,0.0,4.279999999999999e-15,11.3,14.200214,15.475269,13.086571000000001,,5883.42285,5484.55127,6301.040529999999,9.986000061035156,0.014000000432133676,9.760000228881836,0.008999999612569809,9.083999633789062,0.028999999165534977,8.46399974822998,0.33000001311302185,11.817,0.023,11.206,0.03,10.744000000000002,0.025,,,1.6545778640005953e-14,1.2964722258650358e-14,1.705092011197809e-15,-0.12134854618881276,-0.7675373416686814,CXO
MEROPE,56.58154166666666,23.948355555555555,B6IVe,Be*,Be star,https://en.wikipedia.org/wiki/Merope_(star),240.0,7.067,13.075,-48.403999999999996,1.505,3080.0,4.164,4.1727419999999995,4.1482660000000005,4.159457,,141.260788,134.23259,148.06897,,,,,,,,,4.2330000000000005,0.24,4.309,0.154,4.22,0.016,87.2032,8.73987,0.0,7.820379821620062e-14,1.7994731859783416e-13,1.0,0.3941238823108671,CXO
Menkhib,59.74125,35.791030555555565,O7.5IIIe,**,O star,https://ui.adsabs.harvard.edu/abs/2014MNRAS.441..910R/abstract,213.0,2.4457,0.778,2.6210000000000004,1.328,3190.0,4.06,3.974884,3.970395,3.8892519999999995,,425.826111,376.98407000000003,483.213562,4.08744016770706,0.0001750955328126195,3.576038044232437,0.0004319145385021448,3.9500000476837163,0.014999999664723871,3.760999917984009,0.029999999329447743,3.987,0.27,4.07,0.22399999999999998,3.9530000000000003,0.036000000000000004,,,1.5301652115218615e-12,5.208560000000001e-13,6.602037068393352e-14,-0.4921008158530707,-0.7750109768195481,XMM
lam Eri,77.28658333333333,-8.754080555555555,B2IVne,Be*,Be star (variable),https://ui.adsabs.harvard.edu/abs/2002MNRAS.332..714B/abstract,318.0,3.6256,1.726,-2.276,1.547,4510.0,4.249,4.243453,4.117129,4.385517,,,,,5.333000183105469,0.06499999761581421,4.135000228881837,0.050999999046325684,4.065000057220459,0.014000000432133676,3.6530001163482666,0.023000000044703484,4.854,0.204,4.832,0.076,4.713,0.02,,,4.5753629191805746e-14,1.99075e-14,9.685014858276016e-15,-0.39362906958705246,-0.34544158178787243,XMM
RX J0516.0-6916,79.00041666666667,-69.2692,Be,HMXB,unconfirmed,no mentions,,,,,,,15.0,,,,,,,,,,,,,,,,,,,,,,,1.062000036239624,2.474442626481436e-16,1.02028e-15,9.95458871133289e-14,0.6096244744401146,0.9797092793871672,XMM
[HP99] 946,80.12870833333334,-69.5319,O8e,Be*,Be/XRB,https://ui.adsabs.harvard.edu/abs/2014ApJ...795..154T/abstract,,,,,,,14.4,,,,,,,,,,,,,,,,,,,,,,,,2.4422024181188622e-12,5.4358698983935966e-12,1.096192768348754e-11,0.38,0.33699999999999997,XRT
25 Ori,81.18679166666666,1.8464444444444443,B1Vpe,Be*,Be star,no mentions,263.0,2.9321,1.047,0.433,0.823,1470.0,4.873,4.64114,4.602082,4.647058,,,,,4.3198852299550925,0.00017280913225809454,3.5537640691942483,0.0004257117736545861,,,,,5.369,0.027000000000000003,5.417000000000001,0.027000000000000003,5.355,0.02,,,2.196181091847786e-14,7.195945548745236e-16,3.538963422107968e-15,-0.9365476221727131,0.6620477829519135,CXO
RX J0531.2-6609,82.80541666666666,-66.1181,B0.7Ve,HMXB,unconfirmed,no mentions,,,,,,,14.4,,,,,,,,,,,,,,,,,,,,,,,,8.21730608078769e-14,1.8432000000000002e-13,6.246921533646116e-12,0.38330055905569715,0.9426798079233384,XMM
RX J0532.4-6535,83.10541666666667,-65.5858,Be,HMXB,HMXB,https://ui.adsabs.harvard.edu/abs/2005A%26A...442.1135L/abstract,,,,,,,,,,,,,,,,,,,,,,,,,,,,,,2.8489999771118164,1.146493010314875e-13,1.387193200325733e-13,4.77313789359392e-14,0.09500000000000007,-0.48800000000000004,XRT
RX J0535.0-6700,83.77458333333334,-67.0044,B0Ve,HMXB,Be/HMXB,https://ui.adsabs.harvard.edu/abs/2002A%26A...385..517N/abstract,,-0.0051,1.609,0.565,0.078,1.66,14.873,14.782597,14.740006,14.810704000000001,,,,,,,,,,,,,,,,,,,,,2.0952628006683347e-15,2.5490099999999998e-14,1.3467153753646555e-12,0.848088798700333,0.9628479838367848,XMM
V1230 Ori,83.83629166666667,-5.3623305555555545,B8IVve,V*,Orion type variable,no mentions,,2.4554,3.0639999999999996,-1.425,0.22,70.1,9.736,9.460669000000001,9.694417999999999,8.97233,,,,,,,,,,,,,8.067,0.026000000000000002,7.604,0.034,7.38,0.023,58.3731,2.63861,9.55425319522357e-13,3.1699638361913614e-13,1.357441409828783e-13,-0.5017431990722873,-0.40034464066495756,CXO
43 Ori,83.84541666666667,-5.416061111111111,O9.5Vpe,SB*,O/B star,https://en.wikipedia.org/wiki/Theta2_Orionis,183.0,2.9728,1.089,2.394,1.433,4570.0,5.08,5.0018139999999995,4.963158999999999,4.967601,,,,,,,,,,,,,4.912,0.037000000000000005,4.923,0.063,4.837,0.021,24.6861,3.96529,3.999014483461901e-13,2.0617034076939753e-13,4.623616173115115e-13,-0.3196504292989703,0.3832147041669299,CXO
RX J0535.6-6651,83.92158333333333,-66.86456111111112,BIIIe,HMXB,Be/Xray pulsar,https://ui.adsabs.harvard.edu/abs/2019ApJ...881L..17D/abstract,,-0.1045,1.122,0.505,0.0,0.0,13.8,18.529273999999997,,,,,,,,,,,,,,,,,,,,,,,7.469579308477023e-14,3.515096145165658e-14,1.5905324546357314e-13,-0.36000000000000004,0.638,XRT
V725 Tau,84.727375,26.315786111111112,O9.7IIe,HMXB,Be/Xray transient,https://ui.adsabs.harvard.edu/abs/1988ESASP.281a.141G/abstract,,0.5245,-0.59,-2.88,0.12300000000000001,25.2,9.19,8.601999000000001,8.987547,8.010447000000001,,,,,6.828999996185303,0.01899999938905239,6.63100004196167,0.014000000432133676,6.172999858856201,0.014000000432133676,5.210999965667725,0.035999998450279236,8.368,0.021,8.272,0.026000000000000002,8.157,0.027000000000000003,,0.4891000092029572,3.7084511707581576e-13,2.3252299999999998e-12,1.8241440457760488e-11,0.7249000113334844,0.7738836721504805,XMM
V725 Tau,84.727375,26.315786111111112,O9.7IIe,HMXB,Be/Xray transient,https://ui.adsabs.harvard.edu/abs/1988ESASP.281a.141G/abstract,,0.5245,-0.59,-2.88,0.12300000000000001,25.2,9.19,8.601999000000001,8.987547,8.010447000000001,,,,,6.828999996185303,0.01899999938905239,6.63100004196167,0.014000000432133676,6.172999858856201,0.014000000432133676,5.210999965667725,0.035999998450279236,8.368,0.021,8.272,0.026000000000000002,8.157,0.027000000000000003,32.637,0.561029,2.5639648325361165e-12,2.8069608383873227e-13,1.17607567048027e-13,-0.8026505850149318,-0.40945775020543956,CXO
AX J0544.1-7100,86.02158333333334,-71.0140611111111,Be,HMXB,Be/Xray transient,https://ui.adsabs.harvard.edu/abs/2001MNRAS.324..623C/abstract,,0.0382,1.979,0.7759999999999999,0.0,0.0,15.235,15.307679,15.332313000000001,15.240456,,,,,14.411289728085285,0.005236055652148863,14.278340109174387,0.012086106609835029,,,,,15.133,0.063,15.025,0.08800000000000001,15.168,0.193,,3.6040000915527344,4.4858405451134534e-15,9.09575753083643e-14,7.905658414652223e-14,0.906,-0.07000000000000008,XRT
V1167 Tau,88.37958333333331,25.742241666666665,B1Vnne,Be*,Be star,https://ui.adsabs.harvard.edu/abs/2018AJ....155...53L/abstract,,0.8878,-0.813,-3.655,0.166,34.3,8.48,8.266228,8.384642999999999,7.979242999999999,,,,,6.888999938964844,0.017999999225139618,6.539000034332275,0.008999999612569809,5.877999782562256,0.014999999664723871,5.1579999923706055,0.032999999821186066,7.521,0.02,7.361000000000001,0.028999999999999998,,,,,1.7903438025282882e-13,9.768027237905499e-14,3.8708534736811623e-13,-0.29399999999999993,0.597,XRT
HD 42054,91.76529166666668,-34.312022222222225,B4IVe,Em*,Be star,https://ui.adsabs.harvard.edu/abs/2009cxo..prop.2782T/abstract,,3.4337,2.009,-0.203,0.46299999999999997,321.0,5.843,5.763813,5.708571,5.801548,,,,,5.734615685829942,0.0002774418510836788,5.096747526192932,0.0006233038605251525,4.985000133514403,0.014000000432133676,4.238999843597412,0.02199999988079071,5.8660000000000005,0.02,5.837999999999999,0.031,5.699,0.02,,,5.987749688448144e-13,7.229850000000001e-13,1.7955743906069198e-12,0.09397321305149088,0.4258741702130154,XMM
PZ Gem,96.81575,14.889227777777776,O9pe,Be*,gamma Cas type,https://ui.adsabs.harvard.edu/abs/2015A%26A...575A..99R/abstract,,1.1281,-0.715,-0.519,0.268,81.9,6.64,6.552404,6.675783999999999,6.314524,,855.6469119999999,832.862732,884.268982,5.429999828338623,0.028999999165534977,4.989999771118164,0.03400000184774399,4.252999782562257,0.014000000432133676,3.634999990463257,0.023000000044703484,5.906000000000001,0.023,5.761,0.021,5.534,0.017,,,2.52038520373215e-14,4.28366e-14,1.638720258448175e-13,0.25915095262751336,0.5855364058957195,XMM
Cl* NGC 2244 PS 26,97.87395833333332,4.913736111111112,B7Ve,Em*,unconfirmed,https://ui.adsabs.harvard.edu/abs/2019MNRAS.487.3505M/abstract,,0.6626,-2.0909999999999997,0.037000000000000005,0.086,8.51,11.41,12.281327000000001,12.460751,11.9376,,,,,8.090999603271483,0.0130000002682209,6.997000217437744,0.008999999612569809,3.858000040054321,0.0130000002682209,2.1059999465942383,0.01899999938905239,11.449000000000002,0.024,10.887,0.025,9.69,0.021,,,2.8605157910097603e-15,1.0028865055856244e-15,1.8725022010645066e-15,-0.48082729749919345,0.3024341347198226,CXO
Cl* NGC 2244 JOHN 33,98.0645,4.922280555555556,B6Vne,YSO,unconfirmed,https://ui.adsabs.harvard.edu/abs/2019MNRAS.487.3505M/abstract,,0.6008,-1.7309999999999999,0.193,0.127,18.3,12.005999999999998,11.884101,12.065364,11.553444,,,,,10.69499969482422,0.010999999940395357,10.845999717712402,0.008000000379979609,10.479000091552734,0.22699999809265134,7.800000190734862,,11.148,0.021,10.998,0.021,10.958,0.023,,,5.218105588926315e-15,2.149672066154979e-15,1.6939928885497534e-15,-0.41646662893730874,-0.11855330341617416,CXO
HD 259440,98.246875,5.8003277777777775,B0pe,HMXB,γ-ray binary,https://ui.adsabs.harvard.edu/abs/2010ApJ...724..306A/abstract,,0.5404,-0.026000000000000002,-0.428,0.102,10.6,9.12,8.879788000000001,9.236007,8.30983,,,,,6.714000225067139,0.02199999988079071,6.0970001220703125,0.010999999940395357,5.3400001525878915,0.014999999664723871,4.52899980545044,0.032000001519918435,7.64,0.023,7.39,0.049,6.966,0.02,,1.4470000267028809,1.3377666854818753e-14,5.88913e-14,4.084009556265083e-13,0.6297811512459235,0.7479466039040462,XMM
15 Mon,100.24441666666668,9.895755555555557,B1Ve,Be*,Binary,https://ui.adsabs.harvard.edu/abs/2010NewA...15..302C/abstract,70.0,-1.3292,0.903,-6.446000000000001,5.228,37400.0,4.64,4.543516,4.513306,4.873792,,4215.17432,2387.38159,5894.33203,6.186999797821045,0.03400000184774399,5.10099983215332,0.016000000759959217,5.564000129699707,0.017999999225139618,5.335999965667725,0.21199999749660486,5.202000000000001,0.023,5.322,0.021,5.34,0.021,26.1717,6.2548900000000005,2.0690381304054093e-13,1.7516676382137584e-13,1.1908007845046598e-12,-0.08306593373358637,0.7435271957433556,CXO
19 Mon,105.72825,-4.239233333333333,B1Ve,V*,beta Cep type variable,https://ui.adsabs.harvard.edu/abs/2002MNRAS.333..952B/abstract,270.0,2.6167,-4.02,2.267,0.7829999999999999,706.0,4.99,4.92408,4.826459,5.088899,,370.09552,350.739471,389.36636400000003,5.764999866485597,0.02800000086426735,5.372000217437744,0.017000000923871994,,,,,5.388999999999999,0.028999999999999998,5.476,0.026000000000000002,5.497999999999999,0.02,,,2.716280893704057e-14,3.6365099999999996e-15,3.3889548646346883e-15,-0.7638577653334678,-0.03523683345303924,XMM
HD 57682,110.50854166666667,-8.979380555555556,O9Ve,*,O star (high velocity),https://ui.adsabs.harvard.edu/abs/1998A%26A...330..975C/abstract,,0.8968,9.658999999999999,13.159,0.516,427.0,6.403,6.3747169999999995,6.26368,6.5420419999999995,,,,,7.119999885559082,0.017000000923871994,7.027999877929688,0.008000000379979609,6.942999839782715,0.014999999664723871,5.269000053405762,0.06300000101327896,6.811,0.028999999999999998,6.966,0.065,6.939,0.024,,,2.349337418957162e-13,1.6881600000000002e-13,7.071384140194083e-14,-0.16375921774036356,-0.40956132239673537,XMM
BN Gem,114.273875,16.90425,O8Vpev,Be*,Oe star,https://ui.adsabs.harvard.edu/abs/2021NewA...8301462R/abstract,362.0,0.5227,-1.0759999999999998,-1.876,0.386,123.0,6.921,6.69375,6.619261,6.749847,,,,,6.747000217437744,0.023000000044703484,6.51800012588501,0.012000000104308128,6.21999979019165,0.014999999664723871,5.572000026702881,0.04399999976158142,7.044,0.032,7.071000000000001,0.027000000000000003,6.965,0.021,,,2.543349467753556e-14,1.0857799999999999e-14,2.056774880178405e-14,-0.4016306061011917,0.30898263266711223,XMM
V392 Pup,116.54391666666666,-37.933669444444455,B7Ve,Be*,unconfirmed,no mentions,,5.0296,-17.898,16.9,0.8370000000000001,884.0,5.87,5.846953,5.786695,5.9223870000000005,,,,,6.139999866485597,0.020999999716877937,6.085999965667725,0.008999999612569809,6.196000099182129,0.014999999664723871,6.105999946594237,0.05000000074505806,6.03,0.019,6.1,0.04,6.107,0.018000000000000002,,,2.5661252180433387e-14,5.39037e-15,3.135056203804654e-16,-0.6528123414179217,-0.8900727711311652,XMM
CD-29 5159,118.92704166666668,-29.56488333333333,B0Ve,Em*,unconfirmed,no mentions,,0.2854,-2.654,2.892,0.107,20.4,10.71,9.938587,10.271199000000001,9.411093,,,,,8.12600040435791,0.014000000432133676,7.833000183105469,0.008999999612569809,8.053000450134277,0.019999999552965164,7.261000156402588,0.125,9.693999999999999,0.022000000000000002,9.516,0.024,9.309,0.021,,1.2239999771118164,2.1571468420192387e-13,1.6848552206608412e-12,3.2344300951372346e-12,0.7729999999999999,0.31499999999999995,XRT
V374 Car,119.710625,-60.824461111111106,B2IVnpe,Be*,Be star,https://ui.adsabs.harvard.edu/abs/2000AJ....119.2296G/abstract,200.0,2.4707,-4.6610000000000005,11.225999999999999,0.5,303.0,5.81,5.805288,5.7474300000000005,5.84821,,,,,5.9516387306612275,0.00034995624216578537,5.395142766928616,0.0006679510434383693,4.7820000648498535,0.014999999664723871,3.848000049591065,0.019999999552965164,5.558,0.023,5.495,0.023,5.359,0.018000000000000002,,,2.4310955251343565e-14,3.77507e-14,1.0415655837066009e-13,0.21655472600959155,0.46795251443170555,XMM
QR Vel,140.4934166666667,-51.176505555555565,B2Vne,Be*,unconfirmed,no mentions,,0.4966,-4.698,2.6910000000000003,0.153,24.2,10.1,10.047013,10.232986,9.69089,,,,,8.491000175476074,0.012000000104308128,8.194999694824219,0.008000000379979609,7.3400001525878915,0.017000000923871994,6.515999794006348,0.07800000160932541,9.054,0.03,8.859,0.055,8.609,0.021,,,1.1703141828386544e-13,4.8618147581478415e-14,2.1925043413465614e-13,-0.41300000000000003,0.6370000000000001,XRT
HD 90563,156.46858333333333,-58.78531388888889,B2Ve,Em*,gamma Cas type,https://ui.adsabs.harvard.edu/abs/2020MNRAS.493.2511N/abstract,,0.3977,-7.184,3.173,0.099,11.9,9.86,9.979592,10.258067,9.497045,,,,,7.723000049591064,0.014000000432133676,7.329999923706055,0.008000000379979609,6.401000022888184,0.017999999225139618,5.519000053405762,0.039000000804662704,8.827,0.028999999999999998,8.57,0.028999999999999998,8.193999999999999,0.021,,,2.305769800981831e-16,1.02619e-14,1.5380908363696855e-13,0.9560490853521939,0.8749090208088715,XMM
HD 303296,160.60433333333333,-59.15680277777778,B1Ve,*,unconfirmed,no mentions,,0.5331,-7.4479999999999995,2.875,0.344,130.0,9.5,9.559617,9.568877,9.473685000000001,,,,,9.508000373840332,0.014000000432133676,9.579999923706056,0.008000000379979609,8.958000183105469,,3.746999979019165,0.04899999871850014,9.406,0.022000000000000002,9.445,0.023,9.487,0.025,,,0.0,7.11032334832638e-16,2.694971944553906e-15,1.0,0.582483005593462,CXO
HD 93190,161.08175,-59.28300555555556,O9.5e,Be*,unconfirmed,no mentions,,0.4141,-6.398,2.6239999999999997,0.141,17.9,8.65,8.381300999999999,8.605257,7.960075999999999,,,,,6.5939998626708975,0.0689999982714653,6.2170000076293945,0.029999999329447743,5.63100004196167,0.023000000044703484,4.706999778747559,,7.54,0.02,7.359,0.038,7.037999999999999,0.02,,,1.402999149814658e-14,5.578612323103241e-15,5.816788014140621e-15,-0.4310036171919895,0.020901037610670383,CXO
HD 305560,161.6185416666667,-60.5641,Oe,BlueSG*,Be star,https://ui.adsabs.harvard.edu/abs/2014GCN.16874....1D/abstract,,0.1706,-5.353,1.1640000000000001,0.08800000000000001,8.11,9.82,9.602126,9.825287,9.184463000000001,,,,,8.298000335693361,0.010999999940395357,8.253000259399414,0.008000000379979609,8.133999824523926,0.026000000536441803,9.31700038909912,,8.667,0.024,8.513,0.033,8.42,0.023,,,2.6571107643459317e-12,5.387716081748239e-11,4.166657284181717e-10,0.906,0.771,XRT
HD 93843,162.15741666666668,-60.22374166666667,O6IIIe,Eruptive*,Normal O star,https://ui.adsabs.harvard.edu/abs/1998MNRAS.301..926P/abstract,,0.4157,-5.956,1.8,0.265,54.4,7.33,7.274278999999999,7.249497,7.243824000000001,,,,,7.28000020980835,0.014000000432133676,7.251999855041504,0.008000000379979609,6.99399995803833,0.026000000536441803,5.7170000076293945,0.2179999947547913,7.226,0.028999999999999998,7.267,0.047,7.234,0.028999999999999998,64.2457,7.1349100000000005,1.1913151712690913e-13,4.765648056945151e-14,8.855461170886798e-14,-0.4285382494223517,0.3002555111726842,CXO
HD 305891,165.62495833333338,-60.81551666666667,B3Ve,*,unconfirmed,no mentions,,0.4127,-6.0889999999999995,1.784,0.14400000000000002,20.2,10.37,10.208307000000001,10.121663999999999,10.015839,,,,,9.744126185775349,0.0005179609879641819,9.741649500614411,0.001087763508729384,9.432000160217283,0.28600001335144043,6.7729997634887695,0.18700000643730166,9.915,0.033,9.87,0.035,9.859,0.027000000000000003,,,5.516723443663516e-15,1.24774e-14,1.0687752031230164e-14,0.386830543767756,-0.07725604245364404,XMM
2E 1118.7-6138,170.23841666666667,-61.91674722222222,O9.5IVe,HMXB,unconfirmed,no mentions,,0.3293,-5.421,1.37,0.07,6.38,12.12,11.589363,12.270934,10.759902,,,,,7.747000217437744,0.008000000379979609,7.598999977111816,0.0070000002160668364,6.803999900817871,0.01899999938905239,6.0250000953674325,0.052000001072883606,9.562999999999999,0.024,9.071,0.023,8.587,0.019,105.5,1.50222,3.036318481847458e-12,3.99497638606174e-13,6.474864814188576e-14,-0.7674510948196913,-0.7210590585637835,CXO
HD 99146,170.97070833333333,-59.304811111111114,B3Ve,Be*,unconfirmed,no mentions,,-1.6586,-5.832999999999999,1.538,7.294,30000.0,8.18,8.042924000000001,8.150716000000001,7.7187600000000005,,,,,6.896999835968018,0.014999999664723871,6.552999973297119,0.008999999612569809,5.8540000915527335,0.008999999612569809,5.386000156402588,0.032000001519918435,7.398,0.023,7.314,0.046,7.034,0.027000000000000003,,,0.0,0.0,4.559449959333852e-15,,1.0,CXO
HD 100199,172.77879166666665,-62.94692777777777,B0.5IIIne,HMXB,Be/XRB,https://ui.adsabs.harvard.edu/abs/2007A%26A...461..631N/abstract,,0.5732,-6.098,1.3730000000000002,0.46799999999999997,136.0,8.17,8.126811,8.113963,8.075031,,1536.59802,1457.02856,1756.7722199999998,7.889999866485597,0.008999999612569809,7.869999885559082,0.008000000379979609,7.625,0.04399999976158142,7.040999889373778,0.12099999934434892,8.048,0.023,8.067,0.031,8.009,0.028999999999999998,48.8438,0.065576,1.9927592623864453e-12,1.6295144629208498e-13,2.7009936671964756e-14,-0.8488188181873666,-0.7156270790355701,CXO
V801 Cen,177.00008333333335,-62.20691388888889,B1Vne,Be*,Be/Xray binary,https://ui.adsabs.harvard.edu/abs/2006AAS...20915107I/abstract,,0.4754,-6.226,1.598,0.114,10.1,8.94,8.652682,8.823288,8.294997,,2049.01001,1985.7326699999999,2111.28247,inf,,7.067579267603719,0.00117944293461171,7.783999919891357,0.024000000208616257,6.980000019073486,0.090999998152256,8.677,0.026000000000000002,8.577,0.057,8.402999999999999,0.028999999999999998,16.5067,0.83215,6.978008459642697e-12,1.0579121405168888e-12,6.890640725078941e-13,-0.7367041828422547,-0.21113514039802336,CXO
V863 Cen,182.02175,-50.661269444444436,B6IIIe,Be*,B (not Be) star,https://ui.adsabs.harvard.edu/abs/2001A%26A...366..121B/abstract,,9.1857,-32.586999999999996,-11.55,1.426,4540.0,4.448,4.397392,4.340251,4.552444,,,,,5.086860923384508,0.00025048005178426717,4.633274915035802,0.0005751665729747329,4.994999885559082,0.014000000432133676,4.960999965667725,0.02800000086426735,5.125,0.262,4.949,0.076,4.871,0.026000000000000002,,,5.277838394107331e-14,2.11273e-14,6.82843418037642e-15,-0.42826318969335897,-0.5114823931063379,XMM
del Cen,182.0895833333333,-50.722427777777774,B2Vne,Be*,Be binary,https://ui.adsabs.harvard.edu/abs/2008A%26A...488L..67M/abstract,260.0,5.7179,-42.613,-11.135,2.75,10100.0,2.5610000000000004,2.508257,2.8839040000000002,2.6314580000000003,,182.851196,162.146988,202.104065,2.3726641600692893,0.0004568368581619986,1.482177298992422,0.0006132200248145883,1.0230000019073486,0.006000000052154064,0.33399999141693115,0.014999999664723871,2.7880000000000003,0.298,2.8089999999999997,0.244,2.668,0.244,,,5.718900680478467e-14,1.27123e-14,6.189424909493048e-15,-0.6362786167788823,-0.3450941711267291,XMM
BZ Cru,190.70945833333332,-63.058625,B0.5IVpe,Be*,gamma Cas type,https://ui.adsabs.harvard.edu/abs/2007A%26A...474..983L/abstract,400.0,2.2826,-12.857000000000001,-3.677,0.6629999999999999,549.0,5.316,5.13685,5.317963,4.793645,,443.52215599999994,427.21435499999995,460.941559,3.6955447307326823,0.00017567708325996848,2.813313041417836,0.0004257467174532957,2.2699999809265137,0.009999999776482582,1.5369999408721924,0.0130000002682209,4.655,0.22,4.3389999999999995,0.20800000000000002,4.038,0.31,,,6.781609438990737e-13,2.6171700000000002e-12,1.4319219410658883e-11,0.5884110242981144,0.6909412110762063,XMM
V850 Cen,195.32170833333333,-61.6019,B2Vne,HMXB,Be/XRB,https://ui.adsabs.harvard.edu/abs/2017A%26A...603A..24M/abstract,,0.5395,-4.341,-0.23600000000000002,0.08900000000000001,10.3,13.4,12.647679,13.952112,11.519385,,,,,,,,,,,,,,,,,,,,,1.0655604192345568e-12,2.52445733890261e-11,9.108986619173936e-11,0.919,0.5660000000000002,XRT
CPD-63 2495,195.69858333333332,-63.835741666666664,B2e,HMXB,Be/Xray pulsar,https://ui.adsabs.harvard.edu/abs/2010atnf.prop.3502M/abstract,,0.4434,-7.093,-0.342,0.067,4.9,10.08,9.632835,10.15393,8.913,,,,,6.7829999923706055,0.016000000759959217,6.439000129699707,0.008000000379979609,5.63700008392334,0.014999999664723871,4.741000175476074,0.029999999329447743,8.026,0.027000000000000003,7.699,0.055,7.247999999999999,0.02,33.9577,1.7948,9.082318944754648e-13,2.457621432033963e-13,1.3372394435220285e-13,-0.5740668752540155,-0.29523664378019804,CXO
HD 117357,202.81454166666668,-61.73261666666666,O9.5Ve,V*,Be star,https://ui.adsabs.harvard.edu/abs/2007AN....328.1133H/abstract,,0.4427,-5.426,-2.7710000000000004,0.11,15.0,9.14,9.029179,9.121632,8.802739,,,,,8.159000396728517,0.008999999612569809,8.41100025177002,0.0070000002160668364,7.7849998474121085,0.029999999329447743,6.802000045776367,0.119999997317791,8.601,0.026000000000000002,8.577,0.044000000000000004,8.537,0.023,,,2.9834205608929386e-15,0.0,5.4381162252642495e-15,-1.0,1.0,XMM
HD 119682,206.63570833333333,-62.923369444444454,B0Ve,Be*,gamma Cas type,https://ui.adsabs.harvard.edu/abs/2013ApJ...765...13T/abstract,200.0,0.6055,-4.749,-2.261,0.255,69.6,7.9079999999999995,8.518085000000001,8.513863,8.429378999999999,,,,,inf,,7.039268931867747,0.0020978805693436377,5.690000057220459,0.02199999988079071,5.241000175476074,0.08900000154972076,7.35,0.027000000000000003,7.184,0.033,6.95,0.023,21.7407,1.54956,8.15594908907015e-13,1.767607557958078e-13,1.3327858095405892e-13,-0.6437552339689789,-0.14024728377234721,CXO
V767 Cen,208.4885,-47.12816388888889,B2Ve,Be*,gamma Cas type,https://ui.adsabs.harvard.edu/abs/2020MNRAS.493.2511N/abstract,130.0,1.4567,-7.699,-4.225,0.585,437.0,5.83,6.110023,6.029997,6.160856,,,,,6.754000186920166,0.024000000208616257,6.25,0.012000000104308128,5.690000057220459,0.016000000759959217,5.052999973297119,0.027000000700354576,5.876,0.02,5.811,0.021,5.617000000000001,0.021,,,4.12244371754658e-13,6.34313e-13,2.297322934465913e-12,0.21218963645826863,0.5672634568687946,XMM
4U 1416-62,215.30329166666667,-62.6983,Be,HMXB,Be/Xray pulsar,https://ui.adsabs.harvard.edu/abs/2019MNRAS.490.2458G/abstract,,,,,,,17.2,,,,,,,,,,,,,,,,,,,,,,,,8.360199764917296e-13,1.3454919792597665e-11,1.083090602309106e-10,0.883,0.7789999999999999,XRT
CQ Cir,222.709375,-60.286202777777774,B1Ve,Be*,gamma Cas type,https://ui.adsabs.harvard.edu/abs/2020MNRAS.493.2511N/abstract,335.0,0.6079,-3.779,-2.642,0.092,15.3,9.98,9.555422,10.043425,8.866023,,,,,6.747000217437744,0.05299999937415123,6.434000015258789,0.024000000208616257,5.652999877929688,0.014999999664723871,4.394999980926514,0.02500000037252903,7.943,0.027000000000000003,7.62,0.046,7.276,0.033,,1.3930000066757202,3.208252043624105e-13,2.166191883718291e-12,3.4529829119192988e-12,0.7420000000000001,0.22899999999999998,XRT
48 Lib,239.547375,-14.279358333333333,B8IIe,Be*,Be star,https://ui.adsabs.harvard.edu/abs/1943ApJ....98...98S/abstract,390.0,7.154,-13.843,-16.271,0.7020000000000001,760.0,4.9430000000000005,4.74231,4.725637,4.740682,,,,,,,3.776000022888184,0.16300000250339508,3.2920000553131104,0.0130000002682209,2.46399998664856,0.02199999988079071,5.098,0.21600000000000003,4.829,0.08,4.591,0.02,,,7.779886897087227e-16,1.68074e-16,5.79529951862421e-15,-0.6446873937037992,0.9436312350802485,XMM
HD 153295,255.1052083333333,-42.31674722222222,B2e,HMXB,Possible HMXB?,https://ui.adsabs.harvard.edu/abs/2007A%26A...461..631N/abstract,,0.6405,1.181,-1.47,0.109,12.9,9.05,8.707157,9.097729,8.094566,,,,,6.879000186920166,0.028999999165534977,5.9559998512268075,0.012000000104308128,5.077000141143799,0.026000000536441803,3.5209999084472656,0.02500000037252903,7.445,0.027000000000000003,7.093,0.036000000000000004,6.729,0.016,,1.4240000247955322,0.0,0.0,0.0,,,CXO
V1075 Sco,258.83020833333336,-33.54841944444444,O8Ve,Be*,Oe star,https://ui.adsabs.harvard.edu/abs/2010A%26A...510A..59N/abstract,211.0,0.9543,1.67,-3.415,0.462,226.0,5.612,5.6681,5.634211,5.673813,,,,,5.540999889373778,0.04600000008940697,5.3470001220703125,0.017999999225139618,5.173999786376953,0.014999999664723871,4.692999839782715,0.032000001519918435,5.655,0.021,5.683,0.027000000000000003,5.591,0.018000000000000002,,,3.957202454933757e-13,6.857739999999999e-14,4.794678609480479e-15,-0.7045972527940446,-0.8693050898830349,XMM
gam Ara,261.3485833333333,-56.377725,B1IIe,Be*,B supergiant,https://ui.adsabs.harvard.edu/abs/1997A%26A...318..157P/abstract,302.0,3.9387,-3.583,-12.640999999999998,2.013,6390.0,3.312,3.3046889999999998,3.3029949999999997,3.372585,,267.377106,242.611328,297.767426,3.868453869611356,0.00016400573077899165,3.3098316084298,0.0003962534009982769,3.7820000648498535,0.014999999664723871,3.663000106811523,0.026000000536441803,,,,,,,,,3.4469286985235146e-13,1.5286199999999999e-13,4.111270914309688e-14,-0.3855471657010953,-0.5761023761838181,XMM
V750 Ara,261.978375,-47.02622222222222,B2Vne,Be*,Be star,https://ui.adsabs.harvard.edu/abs/2011ApJ...731L...6L/abstract,310.0,0.9867,-0.938,-1.625,0.28300000000000003,68.1,6.652,6.563528,6.588638,6.436725,,,,,5.7059998512268075,0.03400000184774399,5.630000114440918,0.026000000536441803,4.638999938964844,0.014999999664723871,3.888999938964844,0.024000000208616257,6.311,0.02,6.233,0.034,5.965,0.021,,,1.4168938932081835e-13,4.64879e-13,3.018919490375148e-12,0.5328164414256088,0.7331194664190006,XMM
Cl* NGC 6383 FJL 24,263.69975,-32.588969444444444,B9Ve,*,unconfirmed,https://ui.adsabs.harvard.edu/abs/2018A%26A...610A..30A/abstract,,0.7069,2.4019999999999997,-1.923,0.253,72.5,11.38,11.266541,11.398829,11.014828999999999,,,,,10.260639237145933,0.0009155794558690797,10.288907147486796,0.0019616236580398873,8.779999732971191,0.3919999897480011,6.366000175476074,,10.655,0.023,10.474,0.028999999999999998,10.402000000000001,0.035,,,5.054991225076097e-15,6.62671e-15,3.8653163269683225e-15,0.1345453666928264,-0.26318973923405925,XMM
V3892 Sgr,266.19075,-27.229027777777773,Oe,Be*,gamma Cas type,https://ui.adsabs.harvard.edu/abs/2006A%26A...454..265L/abstract,,0.7873,-0.857,-2.296,0.087,4.67,8.69,8.234564,8.511403,7.735419,,,,,5.809000015258789,0.07699999958276749,5.632999897003174,0.05299999937415123,4.9650001525878915,0.016000000759959217,3.974999904632568,0.026000000536441803,7.053999999999999,0.018000000000000002,6.843,0.038,6.507000000000001,0.023,34.7215,1.6880400000000002,8.622069877084486e-13,2.278098643783081e-13,9.562229005705948e-14,-0.5820067112867422,-0.40870263673077084,CXO
HD 316341,267.1480416666667,-29.958002777777782,B0Ve,Be*,unconfirmed,no mentions,120.0,0.6098,1.236,-0.986,0.066,3.59,9.06,9.640618,9.841462,9.266438,,,,,8.560999870300293,0.017000000923871994,8.473999977111816,0.0130000002682209,,,,,7.596,0.021,7.3420000000000005,0.046,6.957000000000001,0.023,,,1.3408568713208055e-14,3.7965257774179134e-14,1.2532617351261286e-13,0.4780000000000001,0.535,XRT
HD 316520,268.01420833333333,-28.758669444444447,B5IVnne,Be*,unconfirmed,no mentions,,0.5076,-0.275,-0.478,0.0,0.0,10.79,10.620366,10.810089,10.265756,,,,,9.140000343322754,0.014000000432133676,8.977999687194824,0.008999999612569809,8.234000205993652,0.05700000002980232,7.460999965667725,,9.821,,9.65,,9.415,0.03,,,4.313211420227117e-13,4.4687196430964864e-14,1.1272661702474464e-14,-0.8122419595583884,-0.5971161443764139,CXO
V771 Sgr,268.3685,-24.77436388888889,Oe,Be*,gamma Cas type,https://ui.adsabs.harvard.edu/abs/2020MNRAS.493.2511N/abstract,,0.5548,-0.267,-2.637,0.6990000000000001,338.0,8.76,8.396587,8.82653,7.738921,,1728.05603,1504.49939,2104.94165,5.497000217437744,0.15600000321865082,5.176000118255615,0.0820000022649765,4.4629998207092285,0.016000000759959217,3.46399998664856,0.023000000044703484,6.905,0.023,6.584,0.036000000000000004,6.178,0.018000000000000002,,2.055999994277954,2.0175934772847696e-13,1.5375453740687382e-12,1.655695278202785e-12,0.768,0.03700000000000012,XRT
HD 316568,268.6779583333333,-29.72989166666667,B2IVpe,Be*,gamma Cas type,https://ui.adsabs.harvard.edu/abs/2020MNRAS.493.2511N/abstract,,0.5676,0.722,0.091,0.0,0.0588,9.57,9.652394000000001,9.778092,9.367512,,,,,,,,,,,,,8.902999999999999,0.026000000000000002,8.781,0.027000000000000003,8.498,0.044000000000000004,,,8.699607696571733e-15,2.5397826356004517e-15,1.1489892394090078e-15,-0.5480568677590185,-0.3770342659609108,CXO
HD 164492D,270.596375,-23.033319444444448,Be,Em*,Be star,https://ui.adsabs.harvard.edu/abs/2014A%26A...564L..10H/abstract,,-0.5197,-0.198,-3.112,1.341,1360.0,8.76,8.825583,8.859301,8.657753999999999,,,,,,,,,,,,,8.066,0.023,7.795,0.027000000000000003,7.31,,30.668000000000003,2.53672,2.398110320793416e-13,9.18844429315192e-14,7.266362643050647e-14,-0.445971079777253,-0.11680973575402216,CXO
Cl* NGC 6530 ZCW 175,271.04654166666666,-24.362530555555555,B3Ve,YSO,unconfirmed,https://ui.adsabs.harvard.edu/abs/2019A%26A...623A..25D/abstract,,0.7615,1.2429999999999999,-2.154,0.111,9.45,10.37,10.350207000000001,10.417,10.185541,,,,,9.823680970794822,0.0007116389474282849,inf,,,,,,10.026,0.026000000000000002,9.948,0.022000000000000002,9.899,0.019,37.2713,3.76485,1.3920583056274943e-14,5.088477204099489e-15,5.395486143641342e-15,-0.46462611676740945,0.02928367158093982,CXO
HD 164906,271.10766666666666,-24.385652777777782,B0Ve,Be*,B? star,https://ui.adsabs.harvard.edu/abs/1983MNRAS.204.1203W/abstract,255.0,0.7443,2.084,-0.8290000000000001,0.19699999999999998,17.3,7.45,7.339391,7.463867,7.03901,,,,,5.5960001945495605,0.1550000011920929,5.318999767303467,0.05799999833106995,3.505000114440918,0.01899999938905239,-0.8799999952316284,0.019999999552965164,6.648,0.023,6.482,0.046,6.167999999999999,0.027000000000000003,,,0.0,1.3899384648854903e-15,4.1152394356828896e-15,1.0,0.4950432156817361,CXO
Cl* NGC 6530 ZCW 221,271.12083333333334,-24.42395,B2.5Ve,YSO,unconfirmed,https://ui.adsabs.harvard.edu/abs/2019A%26A...623A..25D/abstract,,0.8157,1.385,-2.254,0.039,1.27,10.66,10.621711,10.683019,10.462211,,,,,9.989181318275426,0.0007294058068579528,9.67731103104864,0.0018327093817313864,11.532999992370605,,2.2980000972747803,0.026000000536441803,10.255999999999998,0.028999999999999998,10.158,0.037000000000000005,10.126,0.033,,,0.0,1.752280010271497e-15,2.4792508849390396e-15,1.0,0.17179855061211188,CXO
Cl* NGC 6530 ZCW 228,271.1372083333333,-24.31238055555556,B2.5Vne,YSO,unconfirmed,https://ui.adsabs.harvard.edu/abs/2019A%26A...623A..25D/abstract,,0.8168,1.162,-1.795,0.121,9.36,10.49,10.415965,10.476924,10.260976,,,,,9.644572778417627,0.0006399653817595025,9.649347093721158,0.0013741918526565654,,,,,10.045,,9.834,,9.871,0.039,44.8805,4.25057,0.0,1.2788579154869664e-14,1.1396643161227718e-14,1.0,-0.05755316099432714,CXO
HD 164947,271.17370833333337,-24.3483,B2Vne,Be*,unconfirmed,no mentions,120.0,,,,,,8.87,,,,,,,,,,,,,,,,,,,,,,,,2.356558542176871e-15,2.26537e-15,4.767764512472225e-15,-0.019729543921923668,0.3558007468838536,XMM
Cl* NGC 6530 ZCW 254,271.210875,-24.428355555555555,B4Ve,Ae*,unconfirmed,https://ui.adsabs.harvard.edu/abs/2019A%26A...623A..25D/abstract,,0.7632,1.806,-2.158,0.044000000000000004,1.48,11.97,11.721603,11.994288000000001,11.22236,,,,,8.781999588012695,0.009999999776482582,8.230999946594237,0.0070000002160668364,4.683000087738037,0.017000000923871994,1.1599999666213991,0.023000000044703484,10.453,,10.162,0.044000000000000004,9.728,,,,3.6699112682905584e-15,1.44079e-14,4.564105559273892e-14,0.5939872129622487,0.5201282068012455,XMM
HD 165783,272.11287500000003,-19.868877777777783,B4IIe,Be*,Be star/γ-ray binary?,https://ui.adsabs.harvard.edu/abs/2013arXiv1303.2018M/abstract,,0.7041,-0.41200000000000003,-1.5490000000000002,0.12300000000000001,9.2,8.33,8.261578,8.427951,7.926585,,,,,6.366000175476074,0.0560000017285347,6.507999897003174,0.02199999988079071,5.7829999923706055,0.01899999938905239,3.9189999103546143,0.032999999821186066,7.454,0.018000000000000002,7.28,0.038,7.09,0.021,,,1.067795636984666e-15,1.25728e-16,3.1209007702782022e-15,-0.7893162797887424,0.9225485826091373,XMM
V3903 Sgr,272.32375,-23.98839722222223,B6IIIe,V*,O type binary,https://ui.adsabs.harvard.edu/abs/1997A%26A...327.1094V/abstract,,0.8368,2.766,-1.214,0.14,9.79,7.36,7.212316,7.279822,7.012225999999999,,1139.76147,1104.32373,1176.4805900000001,7.0960001945495605,0.02199999988079071,6.860000133514403,0.008999999612569809,7.263000011444093,0.035999998450279236,8.26200008392334,,6.819,0.02,6.79,0.018000000000000002,6.779,0.024,72.3692,7.5981,0.0,6.426441165765216e-14,1.2433907781061349e-13,1.0,0.3185236196972351,CXO
HD 166188,272.57633333333337,-18.19480833333333,B3IIe,Be*,Be star,https://ui.adsabs.harvard.edu/abs/2016MNRAS.463.1162C/abstract,,0.5892,1.903,-1.785,0.114,12.1,8.97,8.726828999999999,8.973854,8.282721,,,,,6.9000000953674325,0.0130000002682209,6.828999996185303,0.008999999612569809,5.934000015258789,0.03099999949336052,4.920000076293945,0.04899999871850014,7.682,0.024,7.519,0.046,7.275,0.027000000000000003,,3.888999938964844,1.8890254998013895e-14,2.3812001708380784e-13,1.2348972791817825e-13,0.853,-0.317,XRT
Cl* NGC 6611 PPM 38,274.66566666666665,-13.782138888888891,B8Ve,Em*,unconfirmed,no mentions,,0.5233,0.239,-1.6059999999999999,0.038,0.693,13.705,13.494164000000001,13.9139,12.875637,,,,,,,,,,,,,,,,,,,,,2.3867332330612594e-15,1.9876717959889408e-15,9.909820753025321e-16,-0.0912264489506966,-0.3346107885486768,CXO
BD-13 4928,274.67829166666667,-13.780669444444444,O9.5Vne,Be*,unconfirmed,no mentions,,0.591,0.225,-1.629,0.065,4.6,10.044,9.925525,10.200845,9.458338000000001,,,,,8.611000061035156,0.010999999940395357,8.803999900817871,0.010999999940395357,,,,,,,,,,,,,1.5883270373875331e-15,1.8848971217864186e-15,3.951601312806441e-15,0.0853875450611341,0.3541000163335417,CXO
HD 344783,295.77829166666663,23.270111111111113,B0IVe,Be*,unconfirmed,no mentions,,-0.0906,-1.21,-5.981,1.26,2520.0,9.8,9.719704,9.905603999999999,9.274322999999999,,5738.9668,4326.99658,7454.2514599999995,8.626999855041504,0.017999999225139618,8.692999839782715,0.012000000104308128,9.119000434875488,0.08799999952316284,8.503000259399414,,8.785,0.019,8.712,0.028999999999999998,8.652000000000001,0.024,,,0.0,8.06062147288327e-15,1.285341604308525e-14,1.0,0.22916639441535533,CXO
HD 190864,301.4158333333333,35.607775,O7IIIe,Em*,Emission star,https://ui.adsabs.harvard.edu/abs/1995ApJS..100..433U/abstract,100.0,0.5264,-3.062,-6.638,0.155,19.0,7.79,7.688452000000001,7.776161999999999,7.470989,,1816.7127699999999,1759.8241,1853.72522,7.184000015258789,0.009999999776482582,7.267000198364258,0.0070000002160668364,7.1690001487731925,0.019999999552965164,6.666999816894531,0.07599999755620956,7.257999999999999,0.019,7.28,0.021,7.265,0.021,,,5.5624791674523396e-14,2.28604e-14,1.6176061255417224e-15,-0.41745953568409067,-0.8678318718244113,XMM
HD 228256,302.97654166666666,40.00823055555556,Bpe,Em*,unconfirmed,no mentions,,0.4373,-2.26,-5.247000000000001,0.09,11.2,10.02,9.951344,10.317178,9.389476,,2184.2690399999997,2133.18237,2243.86475,7.5229997634887695,0.014000000432133676,7.081999778747559,0.008000000379979609,6.379000186920166,0.016000000759959217,5.611000061035156,0.04899999871850014,8.404,0.028999999999999998,8.11,0.018000000000000002,7.757000000000001,0.016,,2.315999984741211,2.6576156889729914e-14,1.3952482367108207e-13,1.0829901943918803e-13,0.6799999999999999,-0.12600000000000003,XRT
HD 228438,303.4595,36.622925,B0.5IIIe,Be*,unconfirmed,no mentions,,0.4262,-2.58,-6.4079999999999995,0.243,51.0,8.37,8.116377,8.364006,7.674967999999999,,2286.96265,2167.15674,2403.03174,6.658999919891357,0.02199999988079071,6.130000114440918,0.009999999776482582,5.255000114440918,0.014999999664723871,4.446000099182129,0.02800000086426735,7.1770000000000005,0.026000000000000002,7.05,0.023,6.755,0.017,,,2.0139969247903805e-15,1.42881e-15,1.1183052976773725e-15,-0.16997378522061915,-0.12190445505382744,XMM
HD 228535,303.73058333333336,36.853563888888885,B2IVe,Be*,unconfirmed,no mentions,,0.4296,-3.65,-5.417000000000001,0.128,23.8,10.43,10.045268,10.420864,9.491667,,2219.12988,2148.74023,2296.70947,7.829999923706055,0.009999999776482582,7.699999809265138,0.008000000379979609,7.521999835968018,0.023000000044703484,7.051000118255615,0.08299999684095383,9.338,0.021,9.245,0.018000000000000002,9.2,0.015,,,6.362794765232694e-16,2.80152e-15,7.621567818681755e-15,0.6298332809296053,0.46243952872032545,XMM
V2246 Cyg,308.06329166666666,37.6375,B0Ve,HMXB,Be/Xray pulsar,https://ui.adsabs.harvard.edu/abs/2008A%26A...479..301B/abstract,,0.3418,-3.3710000000000004,-5.4,0.637,17.2,19.7,16.916854999999998,19.491253,15.419410000000001,,,,,,,,,,,,,,,,,,,,,2.144066911188777e-13,3.88393e-12,2.3124718263006504e-10,0.895368922917681,0.9669637084045901,XMM
W Del,309.41704166666665,18.28438333333333,A0Ve,EB*,Algol type variable,https://ui.adsabs.harvard.edu/abs/1896ApJ.....3..200P/abstract,30.0,1.2538,-3.6180000000000003,4.204,0.22699999999999998,72.4,9.81,9.732103,9.778762,9.601971,,,,,8.975000381469727,0.014000000432133676,9.031999588012695,0.008999999612569809,9.00100040435791,0.04199999943375588,9.081000328063963,,9.365,0.021,9.135,0.036000000000000004,9.1,0.02,,,5.795462689910184e-15,3.74652e-15,1.5529262409082276e-15,-0.214729239875562,-0.41392886338928697,XMM
HD 198931,313.0405,44.43461388888889,B1Vnne,Be*,unconfirmed,no mentions,,0.5433,-1.166,-2.968,2.059,3400.0,8.81,8.488976,8.858294,7.8798699999999995,,2142.65967,1487.82837,2753.59912,6.741000175476074,0.02199999988079071,5.9079999923706055,0.010999999940395357,5.080999851226807,0.017000000923871994,4.2210001945495605,0.03099999949336052,7.129,0.024,6.8629999999999995,0.031,6.535,0.018000000000000002,,3.983999967575073,0.0,1.969594067813781e-14,1.217877647712061e-14,1.0,-0.2358346950782929,CXO
GSC 03588-00834,315.8987916666666,45.75153055555555,B0Ve,HMXB,Be/XRB,https://ui.adsabs.harvard.edu/abs/2014A%26A...568A.115C/abstract,,0.1309,-3.505,-3.16,0.0,0.0,14.25,13.774435999999998,14.475037,12.951386,,,,,10.715999603271484,0.0130000002682209,10.652999877929688,0.009999999776482582,10.322999954223633,0.12700000405311584,8.727999687194824,,11.842,0.021,11.535,0.021,11.362,0.023,114.49799999999999,1.8275599999999999,2.5000650319071993e-13,3.751595806142896e-14,8.62487398884297e-15,-0.7390398099818117,-0.626150045172749,CXO
V2156 Cyg,321.2601666666667,44.45176944444446,B1.5Vnnpe,Be*,gamma Cas type,https://ui.adsabs.harvard.edu/abs/2020A%26A...633A..40L/abstract,,1.0899,-0.406,-2.6639999999999997,0.12,16.4,8.91,8.658449000000001,8.986755,8.124928,,896.5143429999999,879.13092,915.7547,6.6570000648498535,0.017000000923871994,6.204999923706055,0.008999999612569809,5.423999786376953,0.014000000432133676,4.5970001220703125,0.027000000700354576,7.432,0.018000000000000002,7.206,0.017,6.943,0.017,,0.8677999973297119,5.2653042824943646e-14,2.6326521412471824e-13,5.49281743050338e-13,0.6666666666666666,0.352,XRT
ALFIRK,322.165,70.56071388888887,B2IIIev,V*,beta Cep type variable (triple star),https://en.wikipedia.org/wiki/Beta_Cephei,20.0,,,,7.374,75000.0,3.216,3.1945900000000003,3.1581240000000004,3.3785760000000002,,,,,3.969858338006714,0.00017155906549765133,3.4883081066048436,0.0004344834360708959,,,,,3.638,0.218,3.7489999999999997,0.21600000000000003,3.9019999999999997,0.033,,,7.694778931821887e-13,1.3172100000000001e-13,1.4373886564946584e-14,-0.7076760724042057,-0.8032253297440818,XMM
V490 Cep,324.8780000000001,56.986113888888895,B1.5Ve,HMXB,Be/Xray pulsar,https://ui.adsabs.harvard.edu/abs/2018ATel11791....1N/abstract,,0.1048,-2.964,-2.204,0.0,0.0,14.29,13.816204999999998,14.523019,12.969804,,,,,10.289999961853027,0.009999999776482582,10.001999855041504,0.0070000002160668364,9.154999732971193,0.032999999821186066,7.8959999084472665,0.1469999998807907,,,,,,,85.4343,1.39462,6.537486163689602e-13,8.906233387281462e-14,2.644775837881257e-14,-0.7602018822048167,-0.5420701713024562,CXO
EM Cep,328.4504166666667,62.61442777777778,B0.5Ve,Be*,B(e) star,https://ui.adsabs.harvard.edu/abs/2016AJ....152...56K/abstract,304.0,1.5214,-2.929,-0.313,2.102,4730.0,7.03,6.959275,7.06385,6.704503,,,,,6.620999813079834,0.014999999664723871,6.513000011444093,0.008999999612569809,6.2849998474121085,0.014999999664723871,5.6630001068115225,0.03500000014901161,6.487,0.026000000000000002,6.501,0.033,6.524,0.018000000000000002,,,1.0384237470916212e-15,1.4258764289077653e-15,3.867947367356049e-15,0.15722625254409775,0.4613056709918844,CXO
BD+53 2790,331.9843333333334,54.518444444444434,O9.5IIIe,HMXB,O dwarf/accreting magnetar,https://ui.adsabs.harvard.edu/abs/2011BSRSL..80..634B/abstract,,0.3051,-4.173,-3.3169999999999997,0.107,14.0,9.93,9.743357000000001,9.880591,9.464358,,,,,8.817999839782715,0.010999999940395357,8.699999809265138,0.008000000379979609,8.190999984741211,0.01899999938905239,7.9000000953674325,0.16200000047683716,9.218,0.025,9.116,0.027000000000000003,9.038,0.022000000000000002,,0.04191000014543533,2.6131876423191166e-12,1.38765e-11,1.752830765689092e-10,0.683051892916075,0.8532826066572958,XMM
pi Aqr,336.31925,1.3773972222222222,B1Ve,Be*,gamma Cas type,https://ui.adsabs.harvard.edu/abs/2002ApJ...573..812B/abstract,230.0,2.9761,17.518,2.563,0.759,746.0,4.794,4.525096,4.519456,4.457915,,,,,4.108473299772134,0.0001548038241340575,3.532632339623192,0.0004021363127887148,4.073999881744385,0.016000000759959217,3.6050000190734863,0.027000000700354576,5.305,0.037000000000000005,5.365,0.049,5.351,0.02,,,5.524282694687569e-13,1.69873e-12,8.561535672844829e-12,0.5092053038108934,0.6688721219966229,XMM
4U 2238+60,339.83708333333334,61.274111111111104,Be,HMXB,Be/XRB ?,https://ui.adsabs.harvard.edu/abs/2000A%26A...361...85I/abstract,,0.10400000000000001,-2.344,-1.015,0.044000000000000004,1.04,,14.104571,15.060286999999999,13.122439000000002,,7315.116209999999,6784.973140000001,7996.524409999999,10.18299961090088,0.023000000044703484,9.946999549865724,0.020999999716877937,9.47700023651123,0.050999999046325684,8.328000068664549,0.23399999737739566,11.45,0.026000000000000002,10.955,0.031,10.557,0.021,,,4.979540487846124e-13,2.5960608222359134e-14,5.7337376032967124e-15,-0.9008975684296854,-0.6381854583882666,CXO
EM* MWC 659,341.93904166666664,57.280772222222225,B0IIIpe,Be*,unconfirmed,no mentions,,0.2773,-3.355,-2.986,0.086,10.9,10.15,9.916761,10.209489,9.415123,,3401.40186,3273.69043,3620.2211899999998,7.827000141143799,0.0130000002682209,7.451000213623048,0.008000000379979609,6.493000030517577,0.014999999664723871,5.51800012588501,0.03500000014901161,8.841000000000001,0.021,8.556000000000001,0.027999999999999997,8.221,0.021,,1.7910000085830688,3.090669192690827e-14,3.370301167267616e-13,5.194631913463302e-13,0.8320000000000001,0.21300000000000005,XRT
BD+61 2355,343.121625,62.68605833333334,B7IVe,Be*,unconfirmed,no mentions,,1.6821,2.835,-3.8139999999999996,0.769,747.0,9.63,9.562364,9.714089,9.158236,,583.429138,558.467041,604.3430179999999,8.274999618530272,0.0070000002160668364,8.39799976348877,0.0070000002160668364,7.929999828338622,0.016000000759959217,5.572999954223633,0.02800000086426735,8.751,0.021,8.658999999999999,0.028999999999999998,8.602,0.017,,,4.831700599933328e-15,1.3387000000000001e-14,1.5914672134521386e-14,0.4695888904446885,0.08626375050942711,XMM