BeSS #,Be star,Type,Simbad classification,Literature classification,Classification source,Vmag,vsini,RA,Dec,Plx,pmRA,pmDE,epsi,sepsi,Gmag,BPmag,RPmag,Tefftemp,Gflux,rpgeo,b_rpgeo,B_rpgeo,W1,e_W1,W2,e_W2,W3,e_W3,W4,e_W4,Jmag,e_Jmag,Hmag,e_Hmag,Kmag,e_Kmag,N_H,Gamma,HR1,HR2,Flux (0.3-1 keV),Flux (1-2 keV),Flux (2-10 keV),X-ray source
43,RX J0048.5-7302,Be,HMXB,Be/Xray pulsar,https://ui.adsabs.harvard.edu/abs/2016A%26A...586A..81H/abstract,14.84,,12.14375,-73.04167,,,,,,,,,,,,,,,,,,,,,,,,,,,,,0.7183,0.499,0.336,9.313734e-15,2.786684e-14,5.606943e-14,XRT
50,RX J0049.5-7310,Be,HMXB,Be/Xray pulsar,https://ui.adsabs.harvard.edu/abs/2017ApJ...839..119Y/abstract,16.51,,12.37329,-73.1822,,,,,,,,,,,,,,,,,,,,,,,,,,,,,0.3845,0.707,0.532,4.55262e-14,2.652329e-13,8.682409e-13,XRT
52,RX J0049.7-7323,B2Ve,HMXB,Be/Xray pulsar,http://articles.adsabs.harvard.edu/pdf/2000A%26A...359..573H,14.98,,12.42496,-73.38742,-0.0301,0.53,-1.209,0.09,2.32,14.796638,14.840578,14.654923,,3.019644133440745e-15,,,,13.699,0.018,13.544,0.015,12.848,,9.249,,14.551,0.039,14.482,0.062,14.303,0.072,82.7318,2.022,-0.6401,-0.5422,3.912349e-14,8.586488e-15,2.548962e-15,CXO
60,DZ Tuc,Be,HMXB,Be/Xray pulsar,https://ui.adsabs.harvard.edu/abs/2006Ap%26SS.305..133L/abstract,15.44,,12.68621,-73.2681,-0.0248,0.679,-1.278,0.064,0.722,15.345635,15.346321,15.291616,,1.821197158996879e-15,,,,,,,,,,,,15.296,0.045,15.299,0.1,14.806,0.113,29.4956,0.8903,-0.7617,-0.2799,3.453389e-13,4.670452e-14,2.627781e-14,CXO
66,SMC 25,Be,HMXB,Be/Xray pulsar,https://ui.adsabs.harvard.edu/abs/2006AJ....132..919S/abstract,14.45,,12.96671,-73.1761,-0.0247,0.643,-1.215,0.11,5.04,14.335338,14.31789,14.295343,,4.618232190848322e-15,18071.3828,13905.2061,22709.0586,13.723,0.028,13.532,0.027,,,,,14.432,0.033,14.448,0.051,14.171,0.072,3.4115300000000003e-06,1.0549,-0.6775,0.1365,4.46759e-13,8.588436e-14,1.130437e-13,CXO
67,2E 0050.1-7247,Be,HMXB,Be/Xray pulsar,https://ui.adsabs.harvard.edu/abs/1997ApJ...484L.141I/abstract,14.87,,12.97154,-72.53014,0.0078,0.641,-1.332,0.282,22.6,14.86245,14.718246,14.968932,,2.8420450918239054e-15,,,,14.538,0.0063,14.4183,0.0163,,,,,14.468,0.032,14.259,0.04,14.258,0.064,30.0127,1.4465,-0.6534,-0.2778,2.63519e-14,5.523579e-15,3.121552e-15,CXO
69,X SMC X-3,O9IVe,HMXB,Be/Xray pulsar,https://ui.adsabs.harvard.edu/abs/2017A%26A...605A..39T/abstract,14.91,,13.02404,-72.43422,,,,,,,,,,,,,,,,,,,,,,,,,,,,,0.7685,-0.6275,0.4486,3.727959e-15,8.531616e-16,2.241148e-15,CXO
71,2E 0050.4-7335,Be,HMXB,Be/Xray pulsar,https://ui.adsabs.harvard.edu/abs/2018cosp...42E2127M/abstract,14.67,,13.05829,-73.3219,-0.0646,0.651,-1.192,0.0,0.0,14.569972,14.611802,14.445728,,3.720678666623973e-15,,,,13.553,0.012,13.486,0.01,12.41,0.365,8.978,,14.4,0.032,14.253,0.053,14.107,0.065,,,1.0,0.1418,0.0,6.087357e-16,8.099298e-16,CXO
73,2E 0051.1-7214,Be,HMXB,Be/Xray pulsar,https://ui.adsabs.harvard.edu/abs/2017ApJ...839..119Y/abstract,15.53,,13.23,-71.9683,,,,,,,,,,,,,,14.618,0.014,14.422,0.015,12.893,,9.337,,,,,,,,,0.8793,0.46,0.264,2.110933e-13,5.707337e-13,9.80173e-13,XRT
82,CXOU J005323.8-722715,Be,HMXB,Be/Xray pulsar,https://ui.adsabs.harvard.edu/abs/2006AJ....132..919S/abstract,16.19,,13.34958,-72.4542,0.0096,0.65,-1.323,0.037,0.117,16.185415,16.124111,16.27051,,8.403205109693696e-16,,,,,,,,,,,,16.274,0.107,15.802,0.159,16.502,,26.4723,0.8868,-0.7411,-0.2122,2.002442e-13,2.977555e-14,1.934991e-14,CXO
92,Cl* NGC 330 ELS 065055,B1IIIe,HMXB,Be/Xray pulsar,https://ui.adsabs.harvard.edu/abs/2007ATel.1316....1S/abstract,14.72,420.0,13.48058,-72.44592,-0.0412,0.678,-1.234,0.104,3.47,14.664824,14.632143,14.606682,,3.4094267491627634e-15,,,,,,,,,,,,,,,,,,,0.7144,-0.2812,0.2221,3.278424e-15,1.839211e-15,2.889146e-15,CXO
117,Cl* NGC 330 ELS 016486,B1IIIe,HMXB,Be/Xray pulsar,https://ui.adsabs.harvard.edu/abs/2010ATel.2998....1S/abstract,15.58,496.0,13.69342,-72.42299,-0.036,0.699,-1.247,0.096,1.48,15.482405,15.45147,15.366459,,1.6056429034055256e-15,,,,14.454,0.016,14.309,0.017,,,,,15.293,0.059,15.205,0.093,14.84,0.12,95.6722,2.0534,-0.721,-0.5051,2.862733e-14,4.641316e-15,1.526113e-15,CXO
164,2E 0054.4-7237,Be,HMXB,Be/Xray pulsar,https://ui.adsabs.harvard.edu/abs/2006AJ....132..919S/abstract,15.88,,14.02171,-72.3667,,,,,,,,,,,,,,,,,,,,,,,,,,,,,,0.8699,0.701,2.220032e-16,3.18965e-15,1.814521e-14,XMM
217,gam Cas,B0IVpe,Em*,gamma Cas type variable,https://ui.adsabs.harvard.edu/abs/1978ApJ...220..940P/abstract,2.47,432.0,14.17721,60.71674,,,,2.042,2970.0,2.064583,2.725843,2.315109,,3.739191985160192e-10,,,,1.5133,43.9178,0.534,0.0011,0.362,0.12,-0.287,0.01,2.039,0.238,1.993,0.182,1.756,0.23,,,0.3624,0.6679,1.405802e-11,3.00362e-11,1.508524e-10,XMM
228,RX J0057.4-7325,Be,HMXB,?,https://ui.adsabs.harvard.edu/abs/2000PASJ...52L..53Y/abstract,15.67,,14.3625,-73.4221,0.0293,0.793,-1.286,0.072,0.726,15.625085,15.581367,15.631404,,1.4079167123422515e-15,,,,15.1666,0.0099,15.2014,0.0291,,,,,15.67,0.063,15.575,0.145,15.605,0.24,10.146,0.6985,-0.7502,-0.0495,6.509711e-13,9.292021e-14,8.414929e-14,CXO
238,RX J0058.2-7231,Be,HMXB,Be/Xray pulsar,https://ui.adsabs.harvard.edu/abs/2017ApJ...839..119Y/abstract,14.9,,14.55292,-72.5125,,,,,,,,,,,,,,,,,,,,,,,,,,,,,1.237,0.749,0.288,1.423198e-13,9.917022e-13,1.793978e-12,XRT
248,[HP2004] 39,Be,HMXB,Be/Xray pulsar,https://ui.adsabs.harvard.edu/abs/2012IBVS.6030....1S/abstract,,,15.12579,-72.3431,,,,,,,,,,,,,,,,,,,,,,,,,,,,,1.053,0.6806,0.7823,9.553718e-16,5.02643e-15,4.115924e-14,XMM
254,RX J0101.0-7206,B3.5Ve,HMXB,Be/Xray pulsar,https://ui.adsabs.harvard.edu/abs/2017ApJ...839..119Y/abstract,15.72,,15.26329,-72.1158,,,,,,,,,,,,,,,,,,,,,,,,,,,,,,0.324,0.453,4.90861e-14,9.613905e-14,2.553748e-13,XRT
258,RX J0101.3-7211,Be,HMXB,Be/Xray pulsar,https://ui.adsabs.harvard.edu/abs/2001A%26A...369L..29S/abstract,15.49,,15.33671,-72.1886,,,,,,,,,,,,,,,,,,,,,,,,,,,,,,0.59,0.886,6.973295e-15,2.7041e-14,4.471685e-13,XMM
271,RX J0105.5-7221,Be,HMXB,?,,15.15,,16.148,-72.36328,,,,,,,,,,,,,,,,,,,,,,,,,,,,,,,,0.0,0.0,0.0,CXO
287,XTE J0111-7317,B1IVe,HMXB,Be/Xray pulsar,https://ui.adsabs.harvard.edu/abs/2006AJ....132..971S/abstract,15.52,,17.785,-73.2794,,,,,,,,,,,,,,,,,,,,,,,,,,,,,,0.2531,0.7705,2.009054e-15,3.37041e-15,2.599677e-14,XMM
336,ACHERNAR,B6Vpe,Em*,Star,https://ui.adsabs.harvard.edu/abs/2003A%26A...407L..47D/abstract,0.5,235.0,24.42854,-57.23675,,,,,,,,,,,,,,,,,,,,,,0.815,0.254,0.865,0.32,0.88,0.33,,,-0.5925,-0.5166,3.471817e-13,8.88298e-14,2.830997e-14,XMM
382,V831 Cas,B1IVe,HMXB,?,,11.34,,26.75071,61.35658,0.328,-1.029,-0.082,0.184,65.0,11.215371,11.629826,10.599628,,8.174525711292856e-14,2740.13037,2597.42285,2877.87402,9.155,0.014,8.986,0.009,8.628,0.023,7.802,0.159,9.899,0.027,9.7,0.036,9.486,0.02,,-0.7203,0.7366,0.7765,2.704528e-13,1.78333e-12,1.417692e-11,XMM
465,V782 Cas,B6IIe,Em*,?,,7.622,,32.18933,65.03742,1.1826,1.69,-3.572,0.319,110.0,7.489314,7.69611,7.083958,,2.528630454105034e-12,827.184937,803.151489,849.214172,6.0462,0.0004,5.3656,0.0007,4.837,0.015,4.108,0.021,6.661,0.035,6.45,0.024,6.199,0.023,,,0.8926,0.977,4.175302e-15,7.35669e-14,6.332195e-12,XMM
512,BD+56 511,B3IIIe,Em*,?,,9.11,,34.69967,57.06725,0.3865,-0.137,-1.015,0.109,17.8,9.020182,9.215045,8.656334,,6.173595407210837e-13,2416.52417,2318.93555,2568.09937,7.784,0.009,7.744,0.007,7.286,0.018,6.584,0.074,8.298,0.043,8.188,0.046,8.095,0.024,,,1.0,-0.3773,0.0,2.034939e-16,9.199846e-17,CXO
516,Cl* NGC 869 LAV 1039,B3e,Em*,?,,12.37,,34.78567,57.06364,,,,,,,,,,,,,,10.3374,0.0007,10.0145,0.0012,,,,,,,,,,,,,1.0,0.0825,0.0,3.767166e-16,4.444912e-16,CXO
520,HD 14162,Be,Em*,?,,9.37,,34.86437,57.13838,,,,,,,,,,,,,,8.4894,0.0003,8.4919,0.0006,,,,,,,,,,,,,1.0,0.0399,0.0,3.046298e-16,3.299743e-16,CXO
536,NGC 884 2079,Be,Be*,?,,9.61,,35.42883,57.30806,,,,,,,,,,,,,,,,,,,,,,,,,,,,,,-0.0288,-0.2041,1.34609e-15,1.27063e-15,8.399124e-16,XMM
597,V615 Cas,B0Ve,HMXB,Be/BH binary,https://ui.adsabs.harvard.edu/abs/2017MNRAS.468.3689M/abstract,10.8,,40.13196,61.22934,0.3776,-0.423,-0.256,0.07,8.11,10.402225,10.956625,9.673551,,1.728705302628521e-13,2473.95679,2406.57007,2544.85718,7.336,0.007,7.287,0.006,6.963,0.017,6.553,0.069,8.621,0.024,8.228,0.021,7.917,0.023,,1.539,-0.7901,-0.5809,2.343022e-12,2.747224e-13,7.282507e-14,CXO
651,HD 237056,B0.5Vpe,Be*,Star,https://ui.adsabs.harvard.edu/abs/2021MNRAS.500.3926B/abstract,8.9,,45.65783,57.61279,0.8836,-0.434,-0.554,0.193,37.2,8.376163,8.731124,7.748621,,1.1172381683821229e-12,1109.54883,1080.85461,1136.05103,7.156,0.025,6.869,0.017,7.307,0.019,7.095,0.117,7.534,0.035,7.381,0.031,7.288,0.023,,0.9991,0.646,0.295,4.041383e-14,1.879129e-13,3.451733e-13,XRT
663,HD 19818,B9.5Vne,*,Star,https://ui.adsabs.harvard.edu/abs/2020MNRAS.493.2528B/abstract,9.06,,47.10867,-59.37372,3.3128,0.11,17.207,0.233,59.8,9.026817,9.097452,8.857716,,6.135983232292465e-13,,,,8.117,0.012,8.083,0.008,7.878,0.018,7.555,0.104,8.486,0.02,8.232,0.055,8.113,0.029,,2.276,-0.121,-0.365,5.295743e-13,4.152505e-13,1.931752e-13,XRT
682,GSC 02342-00359,B5e,**,?,,14.25,,52.293,31.36653,,,,,,,,,,,,,,4.875,0.03,4.475,0.013,-1.559,0.307,-2.762,0.001,,,,,,,134.219,3.1725,-0.559,-0.7908,4.170765e-13,1.179933e-13,1.378294e-14,CXO
688,BQ Cam,Be,HMXB,Be/Xray pulsar,https://ui.adsabs.harvard.edu/abs/2018acps.confE..46D/abstract,11.3,,53.74954,53.17322,0.1343,-0.268,0.44,0.0,0.0,14.200214,15.475269,13.086571,,5.230285117870032e-15,5883.42285,5484.55127,6301.04053,9.986,0.014,9.76,0.009,9.084,0.029,8.464,0.33,11.817,0.023,11.206,0.03,10.744,0.025,,,-0.1213,-0.7675,1.654578e-14,1.296472e-14,1.705092e-15,CXO
695,MEROPE,B6IVe,Em*,Star,https://en.wikipedia.org/wiki/Merope_(star),4.164,240.0,56.58154,23.94836,,,,,,,,,,,,,,,,,,,,,,4.233,0.24,4.309,0.154,4.22,0.016,87.2032,8.7399,1.0,0.3941,0.0,7.82038e-14,1.799473e-13,CXO
705,Menkhib,O7.5IIIe,**,Star,https://ui.adsabs.harvard.edu/abs/2014MNRAS.441..910R/abstract,4.06,213.0,59.74125,35.79103,2.4457,0.778,2.621,1.328,3190.0,3.974884,3.970395,3.889252,,6.43661249761657e-11,425.826111,376.98407,483.213562,4.0874,0.0002,3.576,0.0004,3.95,0.015,3.761,0.03,3.987,0.27,4.07,0.224,3.953,0.036,,,-0.4921,-0.775,1.530165e-12,5.20856e-13,6.602037e-14,XMM
745,lam Eri,B2IVne,Em*,Star,https://ui.adsabs.harvard.edu/abs/2002MNRAS.332..714B/abstract,4.249,318.0,77.28658,-8.75408,3.6256,1.726,-2.276,1.547,4510.0,4.243453,4.117129,4.385517,,5.0260842494343966e-11,,,,5.333,0.065,4.135,0.051,4.065,0.014,3.653,0.023,4.854,0.204,4.832,0.076,4.713,0.02,,,-0.3936,-0.3454,4.575363e-14,1.99075e-14,9.685015e-15,XMM
758,RX J0516.0-6916,Be,HMXB,?,,15.0,,79.00042,-69.2692,,,,,,,,,,,,,,,,,,,,,,,,,,,,,1.062,0.6096,0.9797,2.474443e-16,1.02028e-15,9.954589e-14,XMM
761,[HP99] 946,O8e,Be*,Be/Xray pulsar,https://ui.adsabs.harvard.edu/abs/2017PASJ...69..100S/abstract,14.4,,80.12871,-69.5319,,,,,,,,,,,,,,,,,,,,,,,,,,,,,,0.38,0.337,2.442202e-12,5.43587e-12,1.096193e-11,XRT
772,25 Ori,B1Vpe,Em*,Star,,4.873,263.0,81.18679,1.84644,2.9321,1.047,0.433,0.823,1470.0,4.64114,4.602082,4.647058,,3.484616302892426e-11,,,,4.3199,0.0002,3.5538,0.0004,,,,,5.369,0.027,5.417,0.027,5.355,0.02,,,-0.9365,0.662,2.196181e-14,7.195946e-16,3.538963e-15,CXO
842,RX J0531.2-6609,B0.7Ve,HMXB,?,,14.4,,82.80542,-66.1181,,,,,,,,,,,,,,,,,,,,,,,,,,,,,,0.3833,0.9427,8.217306e-14,1.8432e-13,6.246922e-12,XMM
849,RX J0532.4-6535,Be,HMXB,?,,,,83.10542,-65.5858,,,,,,,,,,,,,,,,,,,,,,,,,,,,,2.849,0.095,-0.488,1.146493e-13,1.387193e-13,4.773138e-14,XRT
855,RX J0535.0-6700,B0Ve,HMXB,Be/Xray pulsar,https://ui.adsabs.harvard.edu/abs/2002A%26A...385..517N/abstract,14.873,,83.77458,-67.0044,-0.0051,1.609,0.565,0.078,1.66,14.782597,14.740006,14.810704,,3.058948491712993e-15,,,,,,,,,,,,,,,,,,,,0.8481,0.9628,2.095263e-15,2.54901e-14,1.346715e-12,XMM
856,V1230 Ori,B8IVve,V*,Orion type variable,,9.736,,83.83629,-5.36233,2.4554,3.064,-1.425,0.22,70.1,9.460669,9.694418,8.97233,,4.1147491496280827e-13,,,,,,,,,,,,8.067,0.026,7.604,0.034,7.38,0.023,58.3731,2.6386,-0.5017,-0.4003,9.554253e-13,3.169964e-13,1.357441e-13,CXO
857,43 Ori,O9.5Vpe,**,Star,https://en.wikipedia.org/wiki/Theta2_Orionis,5.08,183.0,83.84542,-5.41606,2.9728,1.089,2.394,1.433,4570.0,5.001814,4.963159,4.967601,,2.499685460649313e-11,,,,,,,,,,,,4.912,0.037,4.923,0.063,4.837,0.021,24.6861,3.9653,-0.3197,0.3832,3.999014e-13,2.061703e-13,4.623616e-13,CXO
858,RX J0535.6-6651,BIIIe,HMXB,?,,13.8,,83.92158,-66.86456,-0.1045,1.122,0.505,0.0,0.0,18.529274,,,,9.702895725429507e-17,,,,,,,,,,,,,,,,,,,,-0.36,0.638,7.469579e-14,3.515096e-14,1.590532e-13,XRT
892,V725 Tau,O9.7IIe,HMXB,Be/Xray transient,https://ui.adsabs.harvard.edu/abs/1988ESASP.281a.141G/abstract,9.19,,84.72738,26.31579,0.5245,-0.59,-2.88,0.123,25.2,8.601999,8.987547,8.010447,,9.074263038714267e-13,,,,6.829,0.019,6.631,0.014,6.173,0.014,5.211,0.036,8.368,0.021,8.272,0.026,8.157,0.027,32.637,0.561,-0.8027,-0.4095,2.563965e-12,2.806961e-13,1.176076e-13,CXO
914,AX J0544.1-7100,Be,HMXB,?,,15.235,,86.02158,-71.01406,0.0382,1.979,0.776,0.0,0.0,15.307679,15.332313,15.240456,,1.8859899065693628e-15,,,,14.4113,0.0052,14.2783,0.0121,,,,,15.133,0.063,15.025,0.088,15.168,0.193,,3.604,0.906,-0.07,4.485841e-15,9.095758e-14,7.905658e-14,XRT
926,V1167 Tau,B1Vnne,Be*,?,,8.48,,88.37958,25.74224,0.8878,-0.813,-3.655,0.166,34.3,8.266228,8.384643,7.979243,,1.2362883141486647e-12,,,,6.889,0.018,6.539,0.009,5.878,0.015,5.158,0.033,7.521,0.02,7.361,0.029,,,,,-0.294,0.597,1.790344e-13,9.768027e-14,3.870853e-13,XRT
942,HD 42054,B4IVe,Em*,Star,https://ui.adsabs.harvard.edu/abs/2009cxo..prop.2782T/abstract,5.843,,91.76529,-34.31202,3.4337,2.009,-0.203,0.463,321.0,5.763813,5.708571,5.801548,,1.2390412473197722e-11,,,,5.7346,0.0003,5.0967,0.0006,4.985,0.014,4.239,0.022,5.866,0.02,5.838,0.031,5.699,0.02,,,0.094,0.4259,5.98775e-13,7.22985e-13,1.795574e-12,XMM
972,PZ Gem,O9pe,Em*,gamma Cas type variable,https://ui.adsabs.harvard.edu/abs/2015A%26A...575A..99R/abstract,6.64,,96.81575,14.88923,1.1281,-0.715,-0.519,0.268,81.9,6.552404,6.675784,6.314524,,5.993070190415995e-12,855.646912,832.862732,884.268982,5.43,0.029,4.99,0.034,4.253,0.014,3.635,0.023,5.906,0.023,5.761,0.021,5.534,0.017,,,0.2592,0.5855,2.520385e-14,4.28366e-14,1.63872e-13,XMM
985,Cl* NGC 2244 PS 26,B7Ve,Em*,?,https://ui.adsabs.harvard.edu/abs/2019MNRAS.487.3505M/abstract,11.41,,97.87396,4.91374,0.6626,-2.091,0.037,0.086,8.51,12.281327,12.460751,11.9376,,3.062528677712454e-14,,,,8.091,0.013,6.997,0.009,3.858,0.013,2.106,0.019,11.449,0.024,10.887,0.025,9.69,0.021,,,-0.4808,0.3024,2.860516e-15,1.002887e-15,1.872502e-15,CXO
987,Cl* NGC 2244 JOHN 33,B6Vne,YSO,?,https://ui.adsabs.harvard.edu/abs/2019MNRAS.487.3505M/abstract,12.006,,98.0645,4.92228,0.6008,-1.731,0.193,0.127,18.3,11.884101,12.065364,11.553444,,4.415405193658796e-14,,,,10.695,0.011,10.846,0.008,10.479,0.227,7.8,,11.148,0.021,10.998,0.021,10.958,0.023,,,-0.4165,-0.1186,5.218106e-15,2.149672e-15,1.693993e-15,CXO
990,HD 259440,B0pe,HMXB,HMGB,https://ui.adsabs.harvard.edu/abs/2010ApJ...724..306A/abstract,9.12,,98.24688,5.80033,0.5404,-0.026,-0.428,0.102,10.6,8.879788,9.236007,8.30983,,7.025799698589425e-13,,,,6.714,0.022,6.097,0.011,5.34,0.015,4.529,0.032,7.64,0.023,7.39,0.049,6.966,0.02,,1.447,0.6298,0.7479,1.337767e-14,5.88913e-14,4.08401e-13,XMM
1001,15 Mon,B1Ve,Em*,Binary,https://ui.adsabs.harvard.edu/abs/2010NewA...15..302C/abstract,4.64,70.0,100.24442,9.89576,-1.3292,0.903,-6.446,5.228,37400.0,4.543516,4.513306,4.873792,,3.812453577240965e-11,4215.17432,2387.38159,5894.33203,6.187,0.034,5.101,0.016,5.564,0.018,5.336,0.212,5.202,0.023,5.322,0.021,5.34,0.021,26.1717,6.2549,-0.0831,0.7435,2.069038e-13,1.751668e-13,1.190801e-12,CXO
1046,19 Mon,B1Ve,V*,beta Cep type variable,https://ui.adsabs.harvard.edu/abs/2002MNRAS.333..952B/abstract,4.99,270.0,105.72825,-4.23923,2.6167,-4.02,2.267,0.783,706.0,4.92408,4.826459,5.088899,,2.6852143792401305e-11,370.09552,350.739471,389.366364,5.765,0.028,5.372,0.017,,,,,5.389,0.029,5.476,0.026,5.498,0.02,,,-0.7639,-0.0352,2.716281e-14,3.63651e-15,3.388955e-15,XMM
1080,HD 57682,O9Ve,*,Star,https://ui.adsabs.harvard.edu/abs/1998A%26A...330..975C/abstract,6.403,,110.50854,-8.97938,0.8968,9.659,13.159,0.516,427.0,6.374717,6.26368,6.542042,,7.0586908933584415e-12,,,,7.12,0.017,7.028,0.008,6.943,0.015,5.269,0.063,6.811,0.029,6.966,0.065,6.939,0.024,,,-0.1638,-0.4096,2.349337e-13,1.68816e-13,7.071384e-14,XMM
1116,BN Gem,O8Vpev,Em*,Star,https://ui.adsabs.harvard.edu/abs/2021NewA...8301462R/abstract,6.921,362.0,114.27388,16.90425,0.5227,-1.076,-1.876,0.386,123.0,6.69375,6.619261,6.749847,,5.261516832900495e-12,,,,6.747,0.023,6.518,0.012,6.22,0.015,5.572,0.044,7.044,0.032,7.071,0.027,6.965,0.021,,,-0.4016,0.309,2.543349e-14,1.08578e-14,2.056775e-14,XMM
1143,V392 Pup,B7Ve,Em*,?,,5.87,,116.54392,-37.93367,5.0296,-17.898,16.9,0.837,884.0,5.846953,5.786695,5.922387,,1.1477036535374964e-11,,,,6.14,0.021,6.086,0.009,6.196,0.015,6.106,0.05,6.03,0.019,6.1,0.04,6.107,0.018,,,-0.6528,-0.8901,2.566125e-14,5.39037e-15,3.135056e-16,XMM
1161,CD-29 5159,B0Ve,Em*,?,,10.71,,118.92704,-29.56488,0.2854,-2.654,2.892,0.107,20.4,9.938587,10.271199,9.411093,,2.649574675454885e-13,,,,8.126,0.014,7.833,0.009,8.053,0.02,7.261,0.125,9.694,0.022,9.516,0.024,9.309,0.021,,1.224,0.773,0.315,2.157147e-13,1.684855e-12,3.23443e-12,XRT
1168,V374 Car,B2IVnpe,Em*,Star,https://ui.adsabs.harvard.edu/abs/2000AJ....119.2296G/abstract,5.81,200.0,119.71062,-60.82446,2.4707,-4.661,11.226,0.5,303.0,5.805288,5.74743,5.84821,,1.192602633869822e-11,,,,5.9516,0.0003,5.3951,0.0007,4.782,0.015,3.848,0.02,5.558,0.023,5.495,0.023,5.359,0.018,,,0.2166,0.468,2.431096e-14,3.77507e-14,1.041566e-13,XMM
1270,QR Vel,B2Vne,Em*,?,,10.1,,140.49342,-51.17651,0.4966,-4.698,2.691,0.153,24.2,10.047013,10.232986,9.69089,,2.397760293910993e-13,,,,8.491,0.012,8.195,0.008,7.34,0.017,6.516,0.078,9.054,0.03,8.859,0.055,8.609,0.021,,,-0.413,0.637,1.170314e-13,4.861815e-14,2.192504e-13,XRT
1330,HD 90563,B2Ve,Em*,?,,9.86,,156.46858,-58.78531,0.3977,-7.184,3.173,0.099,11.9,9.979592,10.258067,9.497045,,2.551374227089002e-13,,,,7.723,0.014,7.33,0.008,6.401,0.018,5.519,0.039,8.827,0.029,8.57,0.029,8.194,0.021,,,0.956,0.8749,2.30577e-16,1.02619e-14,1.538091e-13,XMM
1373,HD 303296,B1Ve,*,?,,9.5,,160.60433,-59.1568,0.5331,-7.448,2.875,0.344,130.0,9.559617,9.568877,9.473685,,3.756333679152626e-13,,,,9.508,0.014,9.58,0.008,8.958,,3.747,0.049,9.406,0.022,9.445,0.023,9.487,0.025,,,1.0,0.5825,0.0,7.110323e-16,2.694972e-15,CXO
1375,HD 93190,O9.5e,Em*,?,,8.65,,161.08175,-59.28301,0.4141,-6.398,2.624,0.141,17.9,8.381301,8.605257,7.960076,,1.1119635827266637e-12,,,,6.594,0.069,6.217,0.03,5.631,0.023,4.707,,7.54,0.02,7.359,0.038,7.038,0.02,,,-0.431,0.0209,1.402999e-14,5.578612e-15,5.816788e-15,CXO
1379,HD 305560,Oe,*,Star,https://ui.adsabs.harvard.edu/abs/2014GCN.16874....1D/abstract,9.82,,161.61854,-60.5641,0.1706,-5.353,1.164,0.088,8.11,9.602126,9.825287,9.184463,,3.61210664559665e-13,,,,8.298,0.011,8.253,0.008,8.134,0.026,9.317,,8.667,0.024,8.513,0.033,8.42,0.023,,,0.906,0.771,2.657111e-12,5.387716e-11,4.166657e-10,XRT
1389,HD 93843,O6IIIe,V*,Star,https://ui.adsabs.harvard.edu/abs/1998MNRAS.301..926P/abstract,7.33,,162.15742,-60.22374,0.4157,-5.956,1.8,0.265,54.4,7.274279,7.249497,7.243824,,3.082473588685393e-12,,,,7.28,0.014,7.252,0.008,6.994,0.026,5.717,0.218,7.226,0.029,7.267,0.047,7.234,0.029,64.2457,7.1349,-0.4285,0.3003,1.191315e-13,4.765648e-14,8.855461e-14,CXO
1411,HD 305891,B3Ve,Em*,?,,10.37,,165.62496,-60.81552,0.4127,-6.089,1.784,0.144,20.2,10.208307,10.121664,10.015839,,2.066751036733153e-13,,,,9.7441,0.0005,9.7416,0.0011,9.432,0.286,6.773,0.187,9.915,0.033,9.87,0.035,9.859,0.027,,,0.3868,-0.0773,5.516723e-15,1.24774e-14,1.068775e-14,XMM
1448,2E 1118.7-6138,O9.5IVe,HMXB,?,,12.12,,170.23842,-61.91675,0.3293,-5.421,1.37,0.07,6.38,11.589363,12.270934,10.759902,,5.792496287987764e-14,,,,7.747,0.008,7.599,0.007,6.804,0.019,6.025,0.052,9.563,0.024,9.071,0.023,8.587,0.019,105.5,1.5022,-0.7675,-0.7211,3.036318e-12,3.994976e-13,6.474865e-14,CXO
1451,HD 99146,B3Ve,Em*,?,,8.18,,170.97071,-59.30481,-1.6586,-5.833,1.538,7.294,30000.0,8.042924,8.150716,7.71876,,1.5185928968462317e-12,,,,6.897,0.015,6.553,0.009,5.854,0.009,5.386,0.032,7.398,0.023,7.314,0.046,7.034,0.027,,,,1.0,0.0,0.0,4.55945e-15,CXO
1456,HD 100199,B0.5IIIne,HMXB,Be/Xray pulsar,https://ui.adsabs.harvard.edu/abs/2007A%26A...461..631N/abstract,8.17,,172.77879,-62.94693,0.5732,-6.098,1.373,0.468,136.0,8.126811,8.113963,8.075031,,1.4056803185334725e-12,1536.59802,1457.02856,1756.77222,7.89,0.009,7.87,0.008,7.625,0.044,7.041,0.121,8.048,0.023,8.067,0.031,8.009,0.029,48.8438,0.0656,-0.8488,-0.7156,1.992759e-12,1.629514e-13,2.700994e-14,CXO
1492,V801 Cen,B1Vne,Em*,Be/Xray pulsar,https://ui.adsabs.harvard.edu/abs/2006AAS...20915107I/abstract,8.94,,177.00008,-62.20691,0.4754,-6.226,1.598,0.114,10.1,8.652682,8.823288,8.294997,,8.660404243656121e-13,2049.01001,1985.73267,2111.28247,inf,,7.0676,0.0012,7.784,0.024,6.98,0.091,8.677,0.026,8.577,0.057,8.403,0.029,16.5067,0.8322,-0.7367,-0.2111,6.978008e-12,1.057912e-12,6.890641e-13,CXO
1509,V863 Cen,B6IIIe,Em*,Star,https://ui.adsabs.harvard.edu/abs/2001A%26A...366..121B/abstract,4.448,,182.02175,-50.66127,,,,,,,,,,,,,,5.0869,0.0003,4.6333,0.0006,4.995,0.014,4.961,0.028,5.125,0.262,4.949,0.076,4.871,0.026,,,-0.4283,-0.5115,5.277838e-14,2.11273e-14,6.828434e-15,XMM
1510,del Cen,B2Vne,Em*,?,https://ui.adsabs.harvard.edu/abs/2008A%26A...488L..67M/abstract,2.561,260.0,182.08958,-50.72243,5.7179,-42.613,-11.135,2.75,10100.0,2.508257,2.883904,2.631458,,2.4848956977138655e-10,182.851196,162.146988,202.104065,2.3727,0.0005,1.4822,0.0006,1.023,0.006,0.334,0.015,2.788,0.298,2.809,0.244,2.668,0.244,,,-0.6363,-0.3451,5.718901e-14,1.27123e-14,6.189425e-15,XMM
1537,BZ Cru,B0.5IVpe,Em*,gamma Cas type variable,https://ui.adsabs.harvard.edu/abs/2007A%26A...474..983L/abstract,5.316,400.0,190.70946,-63.05862,2.2826,-12.857,-3.677,0.663,549.0,5.13685,5.317963,4.793645,,2.2073487968930694e-11,443.522156,427.214355,460.941559,3.6955,0.0002,2.8133,0.0004,2.27,0.01,1.537,0.013,4.655,0.22,4.339,0.208,4.038,0.31,,,0.5884,0.6909,6.781609e-13,2.61717e-12,1.431922e-11,XMM
1560,V850 Cen,B2Vne,HMXB,?,,13.4,,195.32171,-61.6019,,,,,,,,,,,,,,,,,,,,,,,,,,,,,,0.919,0.566,1.06556e-12,2.524457e-11,9.108987e-11,XRT
1563,CPD-63 2495,B2e,HMXB,Be/Xray pulsar,https://ui.adsabs.harvard.edu/abs/2010atnf.prop.3502M/abstract,10.08,,195.69858,-63.83574,0.4434,-7.093,-0.342,0.067,4.9,9.632835,10.15393,8.913,,3.511372989981725e-13,,,,6.783,0.016,6.439,0.008,5.637,0.015,4.741,0.03,8.026,0.027,7.699,0.055,7.248,0.02,33.9577,1.7948,-0.5741,-0.2952,9.082319e-13,2.457621e-13,1.337239e-13,CXO
1591,HD 117357,O9.5Ve,V*,Star,https://ui.adsabs.harvard.edu/abs/2007AN....328.1133H/abstract,9.14,,202.81454,-61.73262,0.4427,-5.426,-2.771,0.11,15.0,9.029179,9.121632,8.802739,,6.12264901822223e-13,,,,8.159,0.009,8.411,0.007,7.785,0.03,6.802,0.12,8.601,0.026,8.577,0.044,8.537,0.023,,,-1.0,1.0,2.983421e-15,0.0,5.438116e-15,XMM
1601,HD 119682,B0Ve,Em*,gamma Cas type variable,https://ui.adsabs.harvard.edu/abs/2013ApJ...765...13T/abstract,7.908,200.0,206.63571,-62.92337,0.6055,-4.749,-2.261,0.255,69.6,8.518085,8.513863,8.429379,,9.803405440034686e-13,,,,inf,,7.0393,0.0021,5.69,0.022,5.241,0.089,7.35,0.027,7.184,0.033,6.95,0.023,21.7407,1.5496,-0.6438,-0.1402,8.155949e-13,1.767608e-13,1.332786e-13,CXO
1611,V767 Cen,B2Ve,Em*,Star,http://articles.adsabs.harvard.edu/pdf/2004IAUS..215..224F,5.83,130.0,208.4885,-47.12816,1.4567,-7.699,-4.225,0.585,437.0,6.110023,6.029997,6.160856,,9.007448011054396e-12,,,,6.754,0.024,6.25,0.012,5.69,0.016,5.053,0.027,5.876,0.02,5.811,0.021,5.617,0.021,,,0.2122,0.5673,4.122444e-13,6.34313e-13,2.297323e-12,XMM
1631,4U 1416-62,Be,HMXB,?,,17.2,,215.30329,-62.6983,,,,,,,,,,,,,,,,,,,,,,,,,,,,,,0.883,0.779,8.3602e-13,1.345492e-11,1.083091e-10,XRT
1658,CQ Cir,B1Ve,Be*,?,,9.98,335.0,222.70938,-60.2862,0.6079,-3.779,-2.642,0.092,15.3,9.555422,10.043425,8.866023,,3.770875241828074e-13,,,,6.747,0.053,6.434,0.024,5.653,0.015,4.395,0.025,7.943,0.027,7.62,0.046,7.276,0.033,,1.393,0.742,0.229,3.208252e-13,2.166192e-12,3.452983e-12,XRT
1709,48 Lib,B8IIe,Em*,Star,https://ui.adsabs.harvard.edu/abs/1943ApJ....98...98S/abstract,4.943,390.0,239.54738,-14.27936,7.154,-13.843,-16.271,0.702,760.0,4.74231,4.725637,4.740682,,3.174585031324363e-11,,,,,,3.776,0.163,3.292,0.013,2.464,0.022,5.098,0.216,4.829,0.08,4.591,0.02,,,-0.6447,0.9436,7.779887e-16,1.68074e-16,5.7953e-15,XMM
1790,HD 153295,B2e,HMXB,Be/Xray pulsar,https://ui.adsabs.harvard.edu/abs/2020A%26A...640A..86P/abstract,9.05,,255.10521,-42.31675,0.6405,1.181,-1.47,0.109,12.9,8.707157,9.097729,8.094566,,8.236603577189369e-13,,,,6.879,0.029,5.956,0.012,5.077,0.026,3.521,0.025,7.445,0.027,7.093,0.036,6.729,0.016,,1.424,,,0.0,0.0,0.0,CXO
1812,V1075 Sco,O8Ve,Em*,Star,https://ui.adsabs.harvard.edu/abs/2010A%26A...510A..59N/abstract,5.612,211.0,258.83021,-33.54842,0.9543,1.67,-3.415,0.462,226.0,5.6681,5.634211,5.673813,,1.3532279652302336e-11,,,,5.541,0.046,5.347,0.018,5.174,0.015,4.693,0.032,5.655,0.021,5.683,0.027,5.591,0.018,,,-0.7046,-0.8693,3.957202e-13,6.85774e-14,4.794679e-15,XMM
1827,gam Ara,B1IIe,Em*,Star,https://ui.adsabs.harvard.edu/abs/1997A%26A...318..157P/abstract,3.312,302.0,261.34858,-56.37772,3.9387,-3.583,-12.641,2.013,6390.0,3.304689,3.302995,3.372585,,1.1932607735443251e-10,267.377106,242.611328,297.767426,3.8685,0.0002,3.3098,0.0004,3.782,0.015,3.663,0.026,,,,,,,,,-0.3855,-0.5761,3.446929e-13,1.52862e-13,4.111271e-14,XMM
1829,V750 Ara,B2Vne,Em*,Star,https://ui.adsabs.harvard.edu/abs/2011ApJ...731L...6L/abstract,6.652,310.0,261.97838,-47.02622,0.9867,-0.938,-1.625,0.283,68.1,6.563528,6.588638,6.436725,,5.931981175235607e-12,,,,5.706,0.034,5.63,0.026,4.639,0.015,3.889,0.024,6.311,0.02,6.233,0.034,5.965,0.021,,,0.5328,0.7331,1.416894e-13,4.64879e-13,3.018919e-12,XMM
1838,Cl* NGC 6383 FJL 24,B9Ve,*,?,https://ui.adsabs.harvard.edu/abs/2018A%26A...610A..30A/abstract,11.38,,263.69975,-32.58897,0.7069,2.402,-1.923,0.253,72.5,11.266541,11.398829,11.014829,,7.798203498399385e-14,,,,10.2606,0.0009,10.2889,0.002,8.78,0.392,6.366,,10.655,0.023,10.474,0.029,10.402,0.035,,,0.1345,-0.2632,5.054991e-15,6.62671e-15,3.865316e-15,XMM
1851,V3892 Sgr,Oe,Em*,gamma Cas type variable,https://ui.adsabs.harvard.edu/abs/2006A%26A...454..265L/abstract,8.69,,266.19075,-27.22903,0.7873,-0.857,-2.296,0.087,4.67,8.234564,8.511403,7.735419,,1.272873849260636e-12,,,,5.809,0.077,5.633,0.053,4.965,0.016,3.975,0.026,7.054,0.018,6.843,0.038,6.507,0.023,34.7215,1.688,-0.582,-0.4087,8.62207e-13,2.278099e-13,9.562229e-14,CXO
1858,HD 316341,B0Ve,Em*,?,,9.06,120.0,267.14804,-29.958,0.6098,1.236,-0.986,0.066,3.59,9.640618,9.841462,9.266438,,3.4862920387057286e-13,,,,8.561,0.017,8.474,0.013,,,,,7.596,0.021,7.342,0.046,6.957,0.023,,,0.478,0.535,1.340857e-14,3.796526e-14,1.253262e-13,XRT
1868,HD 316520,B5IVnne,Em*,?,,10.79,,268.01421,-28.75867,0.5076,-0.275,-0.478,0.0,0.0,10.620366,10.810089,10.265756,,1.4140493423447598e-13,,,,9.14,0.014,8.978,0.009,8.234,0.057,7.461,,9.821,,9.65,,9.415,0.03,,,-0.8122,-0.5971,4.313211e-13,4.46872e-14,1.127266e-14,CXO
1873,V771 Sgr,Oe,Be*,?,,8.76,,268.3685,-24.77436,0.5548,-0.267,-2.637,0.699,338.0,8.396587,8.82653,7.738921,,1.0964180186120648e-12,1728.05603,1504.49939,2104.94165,5.497,0.156,5.176,0.082,4.463,0.016,3.464,0.023,6.905,0.023,6.584,0.036,6.178,0.018,,2.056,0.768,0.037,2.017593e-13,1.537545e-12,1.655695e-12,XRT
1875,HD 316568,B2IVpe,Em*,?,,9.57,,268.67796,-29.72989,0.5676,0.722,0.091,0.0,0.0588,9.652394,9.778092,9.367512,,3.448683698234587e-13,,,,,,,,,,,,8.903,0.026,8.781,0.027,8.498,0.044,,,-0.5481,-0.377,8.699608e-15,2.539783e-15,1.148989e-15,CXO
1887,HD 164492D,Be,Em*,Star,https://ui.adsabs.harvard.edu/abs/2014A%26A...564L..10H/abstract,8.76,,270.59637,-23.03332,-0.5197,-0.198,-3.112,1.341,1360.0,8.825583,8.859301,8.657754,,7.385463636301768e-13,,,,,,,,,,,,8.066,0.023,7.795,0.027,7.31,,30.668000000000003,2.5367,-0.446,-0.1168,2.39811e-13,9.188444e-14,7.266363e-14,CXO
1891,Cl* NGC 6530 ZCW 175,B3Ve,YSO,?,https://ui.adsabs.harvard.edu/abs/2019A%26A...623A..25D/abstract,10.37,,271.04654,-24.36253,0.7615,1.243,-2.154,0.111,9.45,10.350207,10.417,10.185541,,1.813544281053387e-13,,,,9.8237,0.0007,inf,,,,,,10.026,0.026,9.948,0.022,9.899,0.019,37.2713,3.7648,-0.4646,0.0293,1.392058e-14,5.088477e-15,5.395486e-15,CXO
1893,HD 164906,B0Ve,Em*,Star,https://ui.adsabs.harvard.edu/abs/1983MNRAS.204.1203W/abstract,7.45,255.0,271.10767,-24.38565,0.7443,2.084,-0.829,0.197,17.3,7.339391,7.463867,7.03901,,2.9030503227790096e-12,,,,5.596,0.155,5.319,0.058,3.505,0.019,-0.88,0.02,6.648,0.023,6.482,0.046,6.168,0.027,,,1.0,0.495,0.0,1.389938e-15,4.115239e-15,CXO
1895,Cl* NGC 6530 ZCW 221,B2.5Ve,YSO,?,https://ui.adsabs.harvard.edu/abs/2019A%26A...623A..25D/abstract,10.66,,271.12083,-24.42395,0.8157,1.385,-2.254,0.039,1.27,10.621711,10.683019,10.462211,,1.4122987156109604e-13,,,,9.9892,0.0007,9.6773,0.0018,11.533,,2.298,0.026,10.256,0.029,10.158,0.037,10.126,0.033,,,1.0,0.1718,0.0,1.75228e-15,2.479251e-15,CXO
1896,Cl* NGC 6530 ZCW 228,B2.5Vne,YSO,?,https://ui.adsabs.harvard.edu/abs/2019A%26A...623A..25D/abstract,10.49,,271.13721,-24.31238,0.8168,1.162,-1.795,0.121,9.36,10.415965,10.476924,10.260976,,1.7069663670827632e-13,,,,9.6446,0.0006,9.6493,0.0014,,,,,10.045,,9.834,,9.871,0.039,44.8805,4.2506,1.0,-0.0576,0.0,1.278858e-14,1.139664e-14,CXO
1900,HD 164947,B2Vne,Be*,?,,8.87,120.0,271.17371,-24.3483,,,,,,,,,,,,,,,,,,,,,,,,,,,,,,-0.0197,0.3558,2.356559e-15,2.26537e-15,4.767765e-15,XMM
1903,Cl* NGC 6530 ZCW 254,B4Ve,Em*,?,https://ui.adsabs.harvard.edu/abs/2019A%26A...623A..25D/abstract,11.97,,271.21088,-24.42836,0.7632,1.806,-2.158,0.044,1.48,11.721603,11.994288,11.22236,,5.128256795111637e-14,,,,8.782,0.01,8.231,0.007,4.683,0.017,1.16,0.023,10.453,,10.162,0.044,9.728,,,,0.594,0.5201,3.669911e-15,1.44079e-14,4.564106e-14,XMM
1908,HD 165783,B4IIe,Em*,?,https://ui.adsabs.harvard.edu/abs/2013arXiv1303.2018M/abstract,8.33,,272.11288,-19.86888,0.7041,-0.412,-1.549,0.123,9.2,8.261578,8.427951,7.926585,,1.241594454448431e-12,,,,6.366,0.056,6.508,0.022,5.783,0.019,3.919,0.033,7.454,0.018,7.28,0.038,7.09,0.021,,,-0.7893,0.9225,1.067796e-15,1.25728e-16,3.120901e-15,XMM
1911,V3903 Sgr,B6IIIe,V*,Orion type variable,https://ui.adsabs.harvard.edu/abs/1997A%26A...327.1094V/abstract,7.36,,272.32375,-23.9884,0.8368,2.766,-1.214,0.14,9.79,7.212316,7.279822,7.012226,,3.2635071171331384e-12,1139.76147,1104.32373,1176.48059,7.096,0.022,6.86,0.009,7.263,0.036,8.262,,6.819,0.02,6.79,0.018,6.779,0.024,72.3692,7.5981,1.0,0.3185,0.0,6.426441e-14,1.243391e-13,CXO
1913,HD 166188,B3IIe,Be*,Star,https://ui.adsabs.harvard.edu/abs/1988mcts.book.....H/abstract,8.97,,272.57633,-18.19481,0.5892,1.903,-1.785,0.114,12.1,8.726829,8.973854,8.282721,,8.088711843397519e-13,,,,6.9,0.013,6.829,0.009,5.934,0.031,4.92,0.049,7.682,0.024,7.519,0.046,7.275,0.027,,3.889,0.853,-0.317,1.889025e-14,2.3812e-13,1.234897e-13,XRT
1929,Cl* NGC 6611 PPM 38,B8Ve,Em*,?,,13.705,,274.66567,-13.78214,,,,,,,,,,,,,,,,,,,,,,,,,,,,,,-0.0912,-0.3346,2.386733e-15,1.987672e-15,9.909821e-16,CXO
1930,BD-13 4928,O9.5Vne,Em*,?,,10.044,,274.67829,-13.78067,,,,,,,,,,,,,,8.611,0.011,8.804,0.011,,,,,,,,,,,,,0.0854,0.3541,1.588327e-15,1.884897e-15,3.951601e-15,CXO
2033,HD 344783,B0IVe,Em*,?,,9.8,,295.77829,23.27011,-0.0906,-1.21,-5.981,1.26,2520.0,9.719704,9.905604,9.274323,,3.2413756416523653e-13,5738.9668,4326.99658,7454.25146,8.627,0.018,8.693,0.012,9.119,0.088,8.503,,8.785,0.019,8.712,0.029,8.652,0.024,,,1.0,0.2292,0.0,8.060621e-15,1.285342e-14,CXO
2059,HD 190864,O7IIIe,Em*,Star,https://ui.adsabs.harvard.edu/abs/1995ApJS..100..433U/abstract,7.79,100.0,301.41583,35.60777,0.5264,-3.062,-6.638,0.155,19.0,7.688452,7.776162,7.470989,,2.1048936800814788e-12,1816.71277,1759.8241,1853.72522,7.184,0.01,7.267,0.007,7.169,0.02,6.667,0.076,7.258,0.019,7.28,0.021,7.265,0.021,,,-0.4175,-0.8678,5.562479e-14,2.28604e-14,1.617606e-15,XMM
2069,HD 228256,Bpe,Em*,?,,10.02,,302.97654,40.00823,0.4373,-2.26,-5.247,0.09,11.2,9.951344,10.317178,9.389476,,2.618625327913689e-13,2184.26904,2133.18237,2243.86475,7.523,0.014,7.082,0.008,6.379,0.016,5.611,0.049,8.404,0.029,8.11,0.018,7.757,0.016,,2.316,0.68,-0.126,2.657616e-14,1.395248e-13,1.08299e-13,XRT
2073,HD 228438,B0.5IIIe,Em*,?,,8.37,,303.4595,36.62292,0.4262,-2.58,-6.408,0.243,51.0,8.116377,8.364006,7.674968,,1.4192541217172356e-12,2286.96265,2167.15674,2403.03174,6.659,0.022,6.13,0.01,5.255,0.015,4.446,0.028,7.177,0.026,7.05,0.023,6.755,0.017,,,-0.17,-0.1219,2.013997e-15,1.42881e-15,1.118305e-15,XMM
2075,HD 228535,B2IVe,Em*,?,,10.43,,303.73058,36.85356,0.4296,-3.65,-5.417,0.128,23.8,10.045268,10.420864,9.491667,,2.401617083287517e-13,2219.12988,2148.74023,2296.70947,7.83,0.01,7.7,0.008,7.522,0.023,7.051,0.083,9.338,0.021,9.245,0.018,9.2,0.015,,,0.6298,0.4624,6.362795e-16,2.80152e-15,7.621568e-15,XMM
2101,V2246 Cyg,B0Ve,HMXB,Be/Xray pulsar,https://ui.adsabs.harvard.edu/abs/2008A%26A...479..301B/abstract,19.7,,308.06329,37.6375,,,,,,,,,,,,,,,,,,,,,,,,,,,,,,0.8954,0.967,2.144067e-13,3.88393e-12,2.312472e-10,XMM
2106,W Del,A0Ve,**,Algol type variable,https://ui.adsabs.harvard.edu/abs/1896ApJ.....3..200P/abstract,9.81,30.0,309.41704,18.28438,1.2538,-3.618,4.204,0.227,72.4,9.732103,9.778762,9.601971,,3.204570010959569e-13,,,,8.975,0.014,9.032,0.009,9.001,0.042,9.081,,9.365,0.021,9.135,0.036,9.1,0.02,,,-0.2147,-0.4139,5.795463e-15,3.74652e-15,1.552926e-15,XMM
2123,HD 198931,B1Vnne,Em*,?,,8.81,,313.0405,44.43461,0.5433,-1.166,-2.968,2.059,3400.0,8.488976,8.858294,7.87987,,1.006979348911448e-12,2142.65967,1487.82837,2753.59912,6.741,0.022,5.908,0.011,5.081,0.017,4.221,0.031,7.129,0.024,6.863,0.031,6.535,0.018,,3.984,1.0,-0.2358,0.0,1.969594e-14,1.217878e-14,CXO
2134,GSC 03588-00834,B0Ve,HMXB,Be/Xray pulsar,https://ui.adsabs.harvard.edu/abs/2014A%26A...568A.115C/abstract,14.25,,315.89879,45.75153,0.1309,-3.505,-3.16,0.0,0.0,13.774436,14.475037,12.951386,,7.741704033414156e-15,,,,10.716,0.013,10.653,0.01,10.323,0.127,8.728,,11.842,0.021,11.535,0.021,11.362,0.023,114.49799999999999,1.8276,-0.739,-0.6262,2.500065e-13,3.751596e-14,8.624874e-15,CXO
2151,V2156 Cyg,B1.5Vnnpe,Be*,gamma Cas type variable,https://ui.adsabs.harvard.edu/abs/2020MNRAS.493.2511N/abstract,8.91,,321.26017,44.45177,1.0899,-0.406,-2.664,0.12,16.4,8.658449,8.986755,8.124928,,8.614525564497664e-13,896.514343,879.13092,915.7547,6.657,0.017,6.205,0.009,5.424,0.014,4.597,0.027,7.432,0.018,7.206,0.017,6.943,0.017,,0.8678,0.6667,0.352,5.265304e-14,2.632652e-13,5.492817e-13,XRT
2152,ALFIRK,B2IIIev,V*,beta Cep type variable,https://en.wikipedia.org/wiki/Beta_Cephei,3.216,20.0,322.165,70.56071,,,,7.374,75000.0,3.19459,3.158124,3.378576,,1.320611163457289e-10,,,,3.9699,0.0002,3.4883,0.0004,,,,,3.638,0.218,3.749,0.216,3.902,0.033,,,-0.7077,-0.8032,7.694779e-13,1.31721e-13,1.437389e-14,XMM
2162,V490 Cep,B1.5Ve,HMXB,Be/Xray pulsar,https://ui.adsabs.harvard.edu/abs/2018ATel11791....1N/abstract,14.29,,324.878,56.98611,0.1048,-2.964,-2.204,0.0,0.0,13.816205,14.523019,12.969804,,7.449531556007228e-15,,,,10.29,0.01,10.002,0.007,9.155,0.033,7.896,0.147,,,,,,,85.4343,1.3946,-0.7602,-0.5421,6.537486e-13,8.906233e-14,2.644776e-14,CXO
2171,EM Cep,B0.5Ve,Em*,Star,https://ui.adsabs.harvard.edu/abs/2016AJ....152...56K/abstract,7.03,304.0,328.45042,62.61443,1.5214,-2.929,-0.313,2.102,4730.0,6.959275,7.06385,6.704503,,4.12003555725369e-12,,,,6.621,0.015,6.513,0.009,6.285,0.015,5.663,0.035,6.487,0.026,6.501,0.033,6.524,0.018,,,0.1572,0.4613,1.038424e-15,1.425876e-15,3.867947e-15,CXO
2185,BD+53 2790,O9.5IIIe,HMXB,Accreting magnetar,https://ui.adsabs.harvard.edu/abs/2011BSRSL..80..634B/abstract,9.93,,331.98433,54.51844,0.3051,-4.173,-3.317,0.107,14.0,9.743357,9.880591,9.464358,,3.171525182693517e-13,,,,8.818,0.011,8.7,0.008,8.191,0.019,7.9,0.162,9.218,0.025,9.116,0.027,9.038,0.022,,0.0419,0.6831,0.8533,2.613188e-12,1.38765e-11,1.752831e-10,XMM
2198,pi Aqr,B1Ve,Em*,gamma Cas type variable,https://ui.adsabs.harvard.edu/abs/2002ApJ...573..812B/abstract,4.794,230.0,336.31925,1.3774,2.9761,17.518,2.563,0.759,746.0,4.525096,4.519456,4.457915,,3.87768533456156e-11,,,,4.1085,0.0002,3.5326,0.0004,4.074,0.016,3.605,0.027,5.305,0.037,5.365,0.049,5.351,0.02,,,0.5092,0.6689,5.524283e-13,1.69873e-12,8.561536e-12,XMM
2213,4U 2238+60,Be,HMXB,Be/Xray pulsar,https://ui.adsabs.harvard.edu/abs/2000A%26A...361...85I/abstract,,,339.83708,61.27411,0.104,-2.344,-1.015,0.044,1.04,14.104571,15.060287,13.122439,,5.711925891955655e-15,7315.11621,6784.97314,7996.52441,10.183,0.023,9.947,0.021,9.477,0.051,8.328,0.234,11.45,0.026,10.955,0.031,10.557,0.021,,,-0.9009,-0.6382,4.97954e-13,2.596061e-14,5.733738e-15,CXO
2218,EM* MWC 659,B0IIIpe,Em*,?,,10.15,,341.93904,57.28077,0.2773,-3.355,-2.986,0.086,10.9,9.916761,10.209489,9.415123,,2.703376686294131e-13,3401.40186,3273.69043,3620.22119,7.827,0.013,7.451,0.008,6.493,0.015,5.518,0.035,8.841,0.021,8.556,0.028,8.221,0.021,,1.791,0.832,0.213,3.090669e-14,3.370301e-13,5.194632e-13,XRT
2225,BD+61 2355,B7IVe,Em*,?,,9.63,,343.12162,62.68606,1.6821,2.835,-3.814,0.769,747.0,9.562364,9.714089,9.158236,,3.7468418651489137e-13,583.429138,558.467041,604.343018,8.275,0.007,8.398,0.007,7.93,0.016,5.573,0.028,8.751,0.021,8.659,0.029,8.602,0.017,,,0.4696,0.0863,4.831701e-15,1.3387e-14,1.591467e-14,XMM