#,epsi,sepsi
1,0.186,13.9
2,0,0
3,0.066,1.7
4,1.089,539
5,0.38,56
6,0,0
7,0,0
8,0.124,6.03
9,0.137,7.18
10,0,0
11,0,0
12,0,0
13,,
14,0,0
15,0.084,3.57
16,0,0
17,0,0
18,0,0
19,0,0
20,0,0
21,0,0
22,0,0
23,0.036,0.252
24,,
25,0,0
26,0,1.05E-15
27,0,0
28,0.464,37.1
29,0.149,5.54
30,0,0
31,0.06,1.26
32,0,0
33,,
34,0,0
35,1.397,675
36,3.37,1.69
37,0,0
38,0,0
39,0,0
40,0,0
41,0,0
42,0.378,0.0538
43,,
44,0,0
45,0,0
46,0.195,19.8
47,,
48,,
49,,
50,,
51,,
52,0.074,0.853
53,0,0
54,0,0
55,0,0
56,0,0
57,0,0
58,0,0
59,0,0
60,0.119,1.61
61,,
62,0,0
63,,
64,2.385,97.3
65,0,0
66,0.207,8.32
67,0.319,16.1
68,,
69,,
70,,
71,0.169,4.78
72,0,0
73,0.108,1.09
74,0.105,0.94
75,0.214,3.82
76,0.232,2.32
77,0.264,8.2
78,0.709,35.7
79,0.2,2.83
80,0.24,2.04
81,0.239,3.04
82,0.195,2.45
83,0.284,11.5
84,0,0
85,0.234,2.79
86,,
87,0.273,5.59
88,0.279,10.7
89,0.223,4.31
90,0.63,32.7
91,0.199,0.852
92,0.209,7.37
93,0.187,2.24
94,1.474,40.1
95,0.252,2.91
96,0.185,0.322
97,0.261,5.5
98,0,0
99,0.591,3.46
100,0.327,4.47
101,4.644,144
102,0.234,4.18
103,0.215,4.8
104,0.257,7.15
105,0.338,4.17
106,0.232,1.73
107,0.186,3.71
108,0.261,7.62
109,,
110,0.18,1.85
111,,
112,0,0
113,0.261,5.02
114,0.193,0.838
115,0.177,3.69
116,0.615,8.25
117,0.142,2.01
118,0.27,2.49
119,0.19,5.47
120,0.391,14.5
121,0.989,31.3
122,,
123,0.073,0.528
124,0.17,7.36
125,0.251,4.36
126,0.188,1.54
127,0.378,16.6
128,0.165,2.22
129,0.06,0.331
130,0.358,1.9
131,0.21,3.29
132,0.224,2.86
133,0.215,2.92
134,0.234,4.99
135,0.183,2.84
136,0.187,1.27
137,1.649,55.2
138,0.207,2.04
139,0.045,0.0349
140,0.218,1.73
141,0.39,5.08
142,0,1.30E-15
143,16.57,2550
144,0.156,1.6
145,0.16,1.18
146,0.644,30.5
147,0.239,3.21
148,0,2.77E-15
149,2.238,536
150,0.339,2.09
151,0.345,2.38
152,0.141,3.28
153,0.368,2.03
154,0,0
155,0.24,1.57
156,0.266,9.11
157,0.064,0.0715
158,0.182,1.53
159,0.197,2.27
160,0.2,3.93
161,0.752,2.42
162,3.598,637
163,0.158,1.68
164,,
165,0.075,0.605
166,0.17,5.07
167,0.186,0.982
168,0.174,8.11
169,0.098,0.364
170,0.147,0.237
171,0.285,15.8
172,0.188,2.77
173,0,0
174,0.283,4.19
175,0.209,5.22
176,0.27,3.74
177,0.108,0.882
178,0.173,4.13
179,0.103,1.13
180,1.872,0.973
181,0.195,1.32
182,0.648,0.772
183,0.56,12.6
184,0.272,13.2
185,0.196,2.42
186,0.284,7.42
187,0.358,6.69
188,0.49,2.94
189,0,0
190,0.429,13.7
191,0.439,12.7
192,0.186,2.11
193,0.569,16.2
194,0.556,8.29
195,0.225,2.03
196,0.265,8.19
197,0.145,0.68
198,0.554,4.72
199,0.257,6.82
200,,
201,0.262,10.8
202,0.277,4.58
203,0.265,5.45
204,0.035,0.043
205,0.392,5.53
206,0.799,8.74
207,0.269,1.27
208,0.217,4.81
209,,
210,0.232,5.55
211,,
212,0.231,3.67
213,0.131,0.503
214,0.499,2.34
215,0.408,2.97
216,0.103,0.515
217,5.731,6290
218,0.244,11.2
219,0.143,1.35
220,0.228,4.4
221,0.074,0.745
222,0.231,2.96
223,0.227,1.54
224,0.285,4.12
225,0.155,0.937
226,0.186,1.55
227,0.334,2.35
228,0.222,4.74
229,1.868,331
230,0.196,3.66
231,,
232,0.286,20.1
233,0,0
234,,
235,,
236,,
237,0,0
238,,
239,0.354,11.7
240,0,0
241,0.286,11.6
242,0.664,40.8
243,0.269,11.7
244,0,0
245,,
246,0.239,5.68
247,,
248,,
249,0.235,10.6
250,0.237,6.46
251,0,0
252,0,0
253,0,0
254,,
255,,
256,0,0
257,0,1.77E-15
258,0.317,8.29
259,,
260,0,0
261,,
262,0.21,8.85
263,0.177,6.41
264,,
265,,
266,,
267,0.144,8.07
268,0.225,8.6
269,,
270,0.29,6.06
271,0.254,8.34
272,,
273,,
274,0,0
275,,
276,,
277,0,0
278,,
279,,
280,0.256,11.1
281,0,0
282,0.209,11.9
283,,
284,,
285,16.359,92400
286,0,1.09E-15
287,0.157,2.49
288,0.11,5.03
289,0,0
290,0,0
291,0,0
292,0,0
293,0,0
294,0,0
295,0.057,1.94
296,0,0
297,,
298,0,4.02E-15
299,0,0
300,0.219,13.6
301,,
302,,
303,0,0
304,0,0
305,,
306,0,0
307,0,0
308,0,0
309,3.728,2040
310,0,0
311,0.14,14.8
312,0,0
313,0,0
314,,
315,0,0
316,1.074,347
317,0.07,0.883
318,0,0
319,0,0
320,0.053,1.11
321,0,0
322,1.403,330
323,0,0
324,0,0
325,0.062,1.55
326,1.482,676
327,0,0
328,0,0
329,0,0
330,0,0.872
331,0,0
332,0.311,37.8
333,0.171,6.99
334,0.104,4.63
335,0,9.52E-16
336,,
337,0,0
338,0,0
339,0,0
340,3.364,4130
341,0,0
342,0.075,2.36
343,0,1.81E-15
344,0.575,215
345,0,0
346,0,0
347,0,0
348,0,0
349,0,0
350,1.987,1410
351,0,0
352,0,0
353,0,0
354,0,0
355,0.323,30.8
356,0,0
357,0,0
358,0,0
359,0,0
360,0,0
361,0,0
362,0,0
363,0,0
364,0,0
365,0,0
366,0,0
367,0,0
368,0,0
369,0,0
370,0.41,89.3
371,0,0
372,0,0
373,0,0
374,0.177,15.4
375,0,0
376,0,0
377,0,0
378,0,0
379,0,2.63E-15
380,0,2.57
381,0,0
382,0,0
383,0,0
384,0,0
385,0,0
386,0,0
387,0,0
388,0,0
389,0,0
390,0,0
391,0,0
392,,
393,0,0
394,0,0
395,0,0
396,0,0
397,0,0
398,0,0
399,0,0
400,0,0
401,0,2.10E-15
402,0,0
403,0,0
404,0,0
405,0,0
406,0,0
407,,
408,0,0
409,2.137,2050
410,0.102,3.18
411,0,0
412,0,0
413,0,0
414,0,0
415,0.152,9.49
416,0,0
417,0.128,5.18
418,0,0
419,0,0
420,0,0
421,0,0
422,0,0
423,0.474,76.5
424,0,0
425,0,0
426,0,2.46E-15
427,0,0
428,0,0
429,0,0
430,0,0
431,0,0
432,0,0
433,0,0
434,0,0
435,0.186,11.3
436,0.135,4.21
437,0,0
438,0,0
439,0,0
440,0,0
441,0,0
442,0,1.86E-15
443,0.395,36.4
444,0,0
445,0,0.318
446,0,2.97E-15
447,0,0
448,0,0
449,0,0
450,0,0
451,0,0
452,0,0
453,,
454,0.168,10.8
455,0,0
456,0,0
457,0,0
458,0,0
459,0,0
460,0.146,7.05
461,0,0
462,0,0
463,0.327,24.2
464,0,0
465,0,0
466,0,0
467,0,0
468,0,0
469,0,0
470,0.071,1.61
471,,
472,0.416,67.4
473,0,0
474,0,1.04E-15
475,0,0
476,0,8.73E-16
477,,
478,0,0
479,0,0
480,0,0
481,0,0
482,0,0
483,0,0
484,0,0
485,0,0
486,0,0
487,0,0
488,0,0
489,0,0
490,0,0
491,0.052,0.995
492,0,0
493,0,0
494,0,1.71E-15
495,0,0
496,0.93,241
497,0,0
498,0,0
499,0,0
500,0.192,11.2
501,0.6,104
502,0,0
503,0,0
504,0,0
505,0,0
506,0,0
507,0.699,46.2
508,0.499,101
509,0,0
510,0.099,3.55
511,0,0
512,0,0
513,0,0
514,0,0
515,0,1.41E-15
516,2.613,2470
517,0,0
518,1.014,223
519,0,0
520,0,0
521,0,0
522,0,1.03
523,0,0
524,0,0
525,0,0
526,0,0
527,0,0
528,0,0
529,,
530,0,0
531,0,0
532,0,0
533,0,1.21E-15
534,0,0
535,0,0
536,,
537,0,0
538,0.128,6.36
539,0,0
540,0,0
541,0,0
542,0,0
543,0,0
544,3.434,3480
545,0,0
546,0,0
547,0,0
548,0,0
549,0,0
550,0,0
551,0.234,22.9
552,0,0
553,0,0
554,0.323,37.6
555,0,0
556,0.433,56.7
557,0.071,2.09
558,0,0
559,0,0
560,0,0
561,0,0
562,0,0
563,1.884,1260
564,0.102,2.51
565,0,0
566,0,1.99E-15
567,0,0
568,0,0
569,0,0
570,0,0
571,0,0
572,0,0
573,0,0
574,0,0
575,0,0
576,0,0
577,0,1.99E-15
578,0.195,20.9
579,0,0
580,3.471,2000
581,0,0
582,0.147,7.5
583,0,0
584,0,0
585,0.193,10.9
586,0,0
587,0,0
588,0,0
589,0,0
590,0,1.04E-15
591,0,0
592,0,0
593,0,0
594,0,1.95E-15
595,0,0
596,0,0
597,0,0
598,0,0
599,0,0
600,0,0
601,0,0
602,0,0
603,0,0
604,0,1.65E-15
605,0,0
606,0,1.10E-15
607,0,0
608,0,0
609,0,0
610,0,0
611,0,0
612,0.676,123
613,0,0
614,0.457,62.6
615,0,0
616,0.044,0.494
617,0,0
618,0,0
619,0,0
620,0,0
621,0,0
622,9.851,32800
623,0,0
624,0,0
625,0,0
626,0,0
627,0,0
628,0,0
629,0,0
630,0,0
631,0,0
632,0,0
633,0,0
634,0,0
635,0,0
636,0,0
637,0,0
638,0,0
639,0,0
640,0,0
641,0,0
642,0,0
643,0,0
644,0,0
645,0,0
646,0.257,22.2
647,0,0
648,0,0
649,0,0
650,0,0
651,0,0
652,0,0
653,0,0
654,0,0
655,0,0
656,0,0
657,0,0
658,0,0
659,0,0
660,0,0
661,0,0
662,0,0
663,0,0.454
664,0.595,147
665,0,0
666,0,0
667,0,0
668,0,0
669,0.133,5.96
670,0,0
671,3.136,3750
672,0.172,10.1
673,0,0
674,2.657,4670
675,0,0
676,0,0
677,0,0
678,0,0
679,0.438,6.54
680,0,0
681,0.497,114
682,,
683,0.124,6.2
684,0,0
685,0,0
686,0.09,3.31
687,0.121,5.58
688,0.199,8.28
689,1.673,825
690,0,0
691,0.088,2.97
692,0.508,141
693,0.413,60.2
694,1.901,1220
695,1.96,1590
696,2.543,1280
697,0.204,18.9
698,0.646,180
699,0,0.171
700,0,0
701,0,0
702,0,0
703,0,0
704,0.909,365
705,1.911,1240
706,0.152,11.7
707,,
708,0,0
709,1.98,1830
710,0,0
711,0,0
712,0,0
713,,
714,0,0
715,0,0
716,0.541,206
717,,
718,0,1.81E-15
719,0.17,14.2
720,0.112,5.56
721,0,0
722,0.395,69.9
723,0.187,15.6
724,0,0
725,0,0
726,0.567,65.7
727,0.2,20.5
728,0,0
729,1.638,1270
730,,
731,0.231,6.31
732,,
733,,
734,,
735,0.108,3.36
736,,
737,,
738,0.166,10.3
739,1.632,694
740,,
741,0.593,154
742,0.182,14.8
743,0.294,37.9
744,0.116,4.82
745,2.297,2580
746,0,0
747,0,0
748,0.087,2.58
749,0,0
750,0,0
751,0,0
752,0,0
753,0.251,5.44
754,0.172,5.72
755,0.267,6.28
756,,
757,0,0
758,,
759,0,0
760,0.257,14.7
761,,
762,0.129,3.81
763,0.268,28.4
764,0.127,5.39
765,0,0
766,0,0
767,0,0
768,0,0
769,0.151,6.71
770,,
771,2.99,2260
772,1.561,731
773,0,0.386
774,0,0
775,,
776,,
777,,
778,8.264,13.2
779,0.139,2.73
780,0.189,4.85
781,0.232,7.72
782,0.176,3.72
783,0.188,2.81
784,2.024,811
785,,
786,0.317,6.62
787,,
788,0.218,6.36
789,,
790,,
791,0.238,8.55
792,0.258,10.9
793,0.322,5.41
794,0.18,3.94
795,0.428,7.22
796,0.196,5.93
797,0.149,6.39
798,0.672,32.2
799,0.148,1.01
800,0.212,7.71
801,2.999,619
802,0.206,2.4
803,0.203,6.33
804,0,8.20E-16
805,0.285,6.37
806,0,0
807,0.252,4.67
808,0.246,8.49
809,0.77,31.6
810,0.253,4.2
811,0.346,8.42
812,0.07,0.11
813,0.81,21.3
814,,
815,0.19,3.64
816,0.353,6.11
817,0.331,2.34
818,0.291,5.08
819,0.179,3.55
820,0.189,1.97
821,0.185,4.93
822,0.274,2.3
823,0.243,6.36
824,0.314,3.63
825,0.463,3.08
826,0.192,6
827,0.191,2.87
828,0.388,10.6
829,0.254,6.95
830,0.293,5.21
831,0.248,9.46
832,2.239,1200
833,0.696,9.64
834,0,1.39E-15
835,0.601,12.4
836,0,0
837,,
838,0.23,5.81
839,0.121,0.281
840,,
841,,
842,,
843,1.108,217
844,0.369,19.4
845,0,0
846,0.298,10.8
847,0.043,0.1
848,0.269,25
849,,
850,0.307,9.87
851,0.502,82.2
852,0,0
853,0,0
854,0,0
855,0.178,4.55
856,0.099,3.2
857,1.08,418
858,0.833,3.23
859,0.454,53.4
860,0.21,7.04
861,1.018,138
862,0.132,4.6
863,0,0
864,0,0
865,0.127,6.39
866,0.086,2.38
867,3.732,3020
868,0,0
869,0.378,32.7
870,,
871,2.918,21.6
872,,
873,9.263,843
874,1.221,19.7
875,,
876,0,0
877,1.239,4.63
878,,
879,,
880,0.592,4.74
881,7.267,1290
882,2.501,257
883,,
884,1.595,4.86
885,10.114,1040
886,4.16,20.3
887,0.585,5.04
888,,
889,0.217,1.94
890,0,0
891,0,0
892,0,0
892,0,0
893,,
894,0,2.22E-15
895,1.398,588
896,0,0
897,3.116,2680
898,0,0.375
899,0.239,2.87
900,0.234,35.8
901,,
902,,
903,0.117,3.78
904,0.134,5.73
905,,
906,0.124,4.5
907,,
908,,
909,0.168,9.02
910,,
911,0.317,8.3
912,0.135,4.94
913,,
914,0.061,0.403
915,,
916,,
917,0,0
918,0,0.0473
919,0,0.236
920,0.163,7.62
921,0,0
922,0,0
923,0.077,1.88
924,0,0
925,0.41,46.7
926,0,0
927,0,0.96
928,0.163,8.33
929,0.187,20.3
930,0,1.03
931,0,0
932,0,0
933,0,0
934,0,0
935,0,0
936,0.633,141
937,0,0
938,0.179,9.19
939,,
940,,
941,0,0
942,0.402,77.6
943,0,0
944,0.301,23.5
945,0,0
946,1.052,315
947,0,0
948,0,0
949,0,0
950,0.404,58.7
951,0,0
952,0,0
953,0,0
954,1.539,495
955,0.252,19.4
956,0.156,9.87
957,0.227,23.2
958,0,0
959,0,0
960,,
961,0.157,5.14
962,0,0
963,0.583,155
964,0.387,47.5
965,0.175,6.05
966,0,0.419
967,0.184,9.03
968,0.095,2.12
969,0.187,15.3
970,0.13,12.5
971,0.08,1.71
972,0.086,2.4
973,,
974,0,2.34E-15
975,0.139,7.1
976,0.083,2.27
977,0.503,99.2
978,0.831,205
979,2.271,1480
980,0,0
981,0,0
982,0.175,18.5
983,0.284,22.7
984,0.176,8.21
985,0,0
986,0.285,36.6
987,0,0
988,0,0
989,0,0
990,0,0
991,0,0
992,0,0
993,,
994,0,0
995,0,0
996,0.39,50.3
997,0,0
998,0.205,12.2
999,0,0
1000,0,1.17E-15
1001,2.758,2480
1002,0,0
1003,0.827,302
1004,0.417,75.3
1005,0.173,13.7
1006,0.233,26.9
1007,0.046,0.627
1008,0.165,7.77
1009,0,0
1010,0,0
1011,1.923,1820
1012,0.19,8.3
1013,0.111,3.23
1014,0.406,74.1
1015,0,0
1016,0.16,7.35
1017,0,0
1018,0.12,3.34
1019,0.179,9.62
1020,0.138,4.38
1021,0.159,10.4
1022,0,0.283
1023,0.164,7.09
1024,0.144,7.72
1025,0.432,51.3
1026,0.053,0.728
1027,0.138,4.39
1028,0,0.686
1029,0.27,26.5
1030,0.169,8.01
1031,0,0
1032,0,0
1033,0.113,2.48
1034,0.117,3.94
1035,0.088,1.72
1036,,
1037,,
1038,0.157,6.67
1039,0.179,15.2
1040,0.073,2.49
1041,0.644,122
1042,0.737,291
1043,0.177,13.6
1044,5.316,6820
1045,0,0
1046,1.047,279
1047,0.107,2.84
1048,0.119,3.37
1049,0.146,6.27
1050,0,0
1051,0.18,14.7
1052,0,0
1053,0.561,174
1054,0,0
1055,0.116,3.54
1056,0.052,1.02
1057,0.172,7.73
1058,0.068,1.15
1059,0,0
1060,0.102,2.51
1061,0.344,67.4
1062,0.211,18.5
1063,0,0
1064,0.109,3.73
1065,0,0
1066,2.732,2730
1067,0,0
1068,1.958,1420
1069,0.107,4.57
1070,0.138,7.14
1071,0.151,12
1072,0.398,39.7
1073,2.833,2580
1074,0.143,7.78
1075,1.393,802
1076,0.844,328
1077,3.522,3910
1078,0.155,10.9
1079,1.595,416
1080,0.17,12.3
1081,0,0
1082,0.15,11.2
1083,0.159,11.4
1084,0.357,54.3
1085,0,0
1086,0.612,181
1087,0.132,5.7
1088,0.179,11
1089,0.632,140
1090,0,0
1091,0.284,25.4
1092,0.506,109
1093,4.265,4660
1094,0,0
1095,0,0
1096,0.897,265
1097,0.09,2.71
1098,0.145,7.36
1099,0.167,9.78
1100,,
1101,0,0
1102,12.472,42600
1103,0.136,8.3
1104,0.062,1.61
1105,0.163,9.65
1106,0.053,0.927
1107,0,0
1108,,
1109,0.122,6.31
1110,0.748,240
1111,0.187,13.2
1112,0,0
1113,0.13,6.65
1114,0.394,58.3
1115,3.58,4240
1116,0.17,8.83
1117,0.207,16.7
1118,0.162,10.8
1119,0,0
1120,0.131,5.33
1121,0.296,31.8
1122,0,0
1123,0.105,4.79
1124,0.046,0.872
1125,,
1126,0.232,22.8
1127,,
1128,0.178,12.5
1129,0,0
1130,0.073,2.75
1131,0.202,15.7
1132,2.757,3000
1133,0,0
1134,0,0
1135,0.081,2.58
1136,0,0
1137,0.131,7.19
1138,,
1139,,
1140,0,0
1141,0,0
1142,0.184,16.4
1143,0.574,148
1144,0,0
1145,0.092,2.91
1146,,
1147,0,0
1148,0,0.015
1149,0,0
1150,1.172,433
1151,,
1152,0.113,4.98
1153,,
1154,0.07,1.71
1155,0.081,2.02
1156,0.117,5.96
1157,,
1158,0.13,5.76
1159,0.056,1.4
1160,0,0
1161,0,0
1162,0,0
1163,3.662,5510
1164,0.197,14.4
1165,3.544,3790
1166,0.2,16.2
1167,0.132,5.77
1168,0.725,130
1169,0.11,5.21
1170,0.206,17.1
1171,0.159,11.7
1172,0.061,1.66
1173,0.139,9.11
1174,0.301,30.4
1175,,
1176,0,0
1177,0,0
1178,,
1179,0,0
1180,0,0
1181,0.102,4.52
1182,0.174,10
1183,0.155,11.2
1184,0.181,14.7
1185,0.122,5.02
1186,0,0
1187,,
1188,,
1189,0.109,4.36
1190,0.173,13.3
1191,0,0
1192,0.061,1.45
1193,0.127,5.48
1194,,
1195,1.065,413
1196,0.205,15.1
1197,2.856,2940
1198,,
1199,0,0.156
1200,0.194,14.2
1201,0,0
1202,0.109,4.62
1203,0.149,8.76
1204,0.105,4.83
1205,0.217,25.5
1206,,
1207,0,0
1208,1.075,320
1209,0.189,15.7
1210,0,0
1211,0.745,223
1212,0.103,4.02
1213,0.075,1.61
1214,0.239,21.3
1215,,
1216,0.065,1.63
1217,0.099,4.36
1218,0.179,14.4
1219,0.162,8.72
1220,0.188,14.9
1221,0,0
1222,0.081,2.13
1223,,
1224,0.048,0.849
1225,,
1226,0,0
1227,0,0
1228,0,0
1229,,
1230,0.164,10
1231,5.804,11900
1232,0.165,11
1233,0.232,19.2
1234,1.462,922
1235,0,0
1236,0,0
1237,0.14,6.64
1238,0,0
1239,0,0
1240,0,0
1241,0,0
1242,0.153,10.9
1243,0,0
1244,0,0
1245,0,1.97E-15
1246,0,0
1247,0.114,5.2
1248,0,0
1249,1.28,580
1250,0.125,6.07
1251,0.136,6.84
1252,0.067,2.37
1253,1.021,347
1254,0.249,27.4
1255,0,0
1256,0.11,4.62
1257,1.709,1110
1258,0.185,20.1
1259,0,0
1260,0.087,2.01
1261,,
1262,0.225,19.1
1263,0,0
1264,0,0
1265,0.148,7.22
1266,0.164,9.7
1267,0.096,3.22
1268,0,0
1269,0,0
1270,0,0
1271,0,0.199
1272,0,0
1273,0.223,15.9
1274,10.4,26600
1275,0,0.161
1276,0,1.76E-15
1277,,
1278,0.14,7.61
1279,0.108,3.43
1280,0.122,5.05
1281,0.113,5.02
1282,0.996,338
1283,0.199,14.7
1284,0.149,9.72
1285,0.128,4.49
1286,0,0
1287,0.089,2.41
1288,0.199,16.6
1289,0.106,4.03
1290,0.164,7.93
1291,0,1.84E-15
1292,0.083,2.61
1293,0,0
1294,0.125,5.13
1295,0.18,13.7
1296,0.208,16.3
1297,0.176,9.39
1298,0.736,141
1299,,
1300,0.072,1.75
1301,0.159,9.02
1302,0.099,3.53
1303,0.319,37.2
1304,0.175,11
1305,0.898,218
1306,0.174,9.17
1307,0,0
1308,0.858,226
1309,0,0
1310,0.159,8.73
1311,0.468,71.6
1312,0.239,18.3
1313,2.086,1680
1314,0,0
1315,0,0
1316,0.065,1.51
1317,0,0
1318,0,0
1319,,
1320,0.094,2.95
1321,0,0
1322,0,0
1323,0,0
1324,0,0
1325,0.163,8.92
1326,0.161,9.1
1327,0,0.892
1328,0,0
1329,6.421,10800
1330,0,0
1331,0,0
1332,0,0
1333,0.052,0.961
1334,0,0
1335,,
1336,0,0
1337,0.158,11.9
1338,0.163,9.02
1339,0,0
1340,0,0
1341,0.134,5.75
1342,0.176,10.8
1343,0.146,8.54
1344,0.146,7.83
1345,0.122,4.99
1346,0.166,7.41
1347,0.335,39
1348,0,0.229
1349,0,0.562
1350,2.307,1760
1351,0,0
1352,0,0
1353,0.082,2.56
1354,0,0
1355,0,1.89E-15
1356,0.101,3.44
1357,1.177,254
1358,0,0
1359,0.073,1.53
1360,,
1361,,
1362,0.147,7.84
1363,0.086,1.98
1364,3.311,4060
1365,0,1.83E-15
1366,0,0
1367,0,0
1368,0,1.87E-15
1369,0,0
1370,0,0
1371,0.318,47.5
1372,1.471,777
1373,0.296,26.6
1374,,
1375,0,0
1376,,
1377,0.09,2.86
1378,0,0.0182
1379,0,0
1380,0.987,252
1381,0,0
1382,0,0
1383,0,0.525
1384,0,0
1385,0,0
1386,0.367,41
1387,0,0
1388,0.103,4.07
1389,0.106,3.72
1390,,
1391,,
1392,0.07,1.77
1393,0,0.676
1394,,
1395,0.081,2.49
1396,0,0.303
1397,0,0
1398,0,0
1399,0,0
1400,0.154,7.52
1401,,
1402,0,0
1403,0.363,37.5
1404,0,0
1405,,
1406,0,0
1407,,
1408,,
1409,,
1410,,
1411,0.183,11.7
1412,0,0
1413,0.211,14.5
1414,0.233,19.2
1415,0,0
1416,0,0
1417,,
1418,,
1419,2.331,858
1420,0.524,117
1421,,
1422,,
1423,0,0
1424,0,0
1425,0.075,1.68
1426,0.076,2.36
1427,0,0
1428,0.115,4.88
1429,0,0
1430,0.127,6.43
1431,0,0
1432,0,0.0987
1433,0.054,0.918
1434,0,0
1435,0.109,4.23
1436,0,0
1437,0.127,7.2
1438,0.081,2.38
1439,0,0.168
1440,0.09,2.93
1441,0,0
1442,0.115,4.08
1443,0,1.59E-15
1444,3.152,3030
1445,,
1446,0.118,4.92
1447,0,0
1448,0,0
1449,0,0
1450,0,0
1451,1.26,445
1452,0,1.78E-15
1453,0.073,1.83
1454,0,0
1455,,
1456,0.277,22
1456,0.277,22
1457,0.244,22
1458,0,0
1459,1.232,615
1460,0,0
1461,0.109,4.21
1462,0,0.227
1463,0.119,5.19
1464,0.124,4.63
1465,0,0
1466,0.167,9.85
1467,0.059,1.16
1468,0.13,6.13
1469,0.107,3.98
1470,0.066,1.49
1471,0.044,0.647
1472,0.071,1.68
1473,0.065,1.5
1474,3.908,73.8
1475,0.127,8.16
1476,0.08,2.47
1477,0,0.52
1478,0.186,13.5
1479,0,0
1480,0,1.77E-15
1481,0,0
1482,0.163,9.46
1483,0,0
1484,0,1.77E-15
1485,0.364,50.8
1486,0.087,3.09
1487,0.088,2.97
1488,0.105,4.31
1489,0,0
1490,0.12,6.43
1491,0.136,7.04
1492,0,0
1493,0.105,4.28
1494,2.297,1680
1495,,
1496,,
1497,0,0.522
1498,0,0
1499,0.079,1.75
1500,0,0
1501,0.425,61
1502,0,0
1503,0,0.28
1504,0,0.38
1505,0.113,4.34
1506,12.559,58800
1507,0.046,0.861
1508,0.048,0.933
1509,2.304,2710
1510,4.494,7620
1511,0.593,182
1512,0,0
1513,0,0
1514,0,0
1515,0,3.34E-15
1516,5.025,7640
1517,0.118,4.88
1518,0,6.22E-15
1519,0.094,3.71
1520,0,0
1521,0.128,8.11
1522,0.131,7.06
1523,0.067,1.66
1524,,
1525,0,0
1526,0,0
1527,0.17,12.1
1528,0,0
1529,0,0
1530,1.949,1650
1531,0,0
1532,0,0
1533,0.116,6.33
1534,0,0
1535,0.843,307
1536,0,0
1537,0.619,149
1538,0,0
1539,0,0
1540,0,0
1541,0,0.79
1542,0,0
1543,0,0
1544,0.698,214
1545,0.054,1.22
1546,0.232,23.2
1547,0,2.88E-15
1548,0,0.476
1549,0,0
1550,0,0
1551,1.012,260
1552,0.824,249
1553,1.38,819
1554,0.18,15.4
1555,0,0
1556,0.043,0.766
1557,0,0
1558,0,0
1559,,
1560,0,0
1561,0,0
1562,0,0.0761
1563,0,0
1564,1.351,677
1565,0,0
1566,0.085,4.89
1567,0,0
1568,0.656,187
1569,0,0
1570,0.145,8.11
1571,,
1572,0.17,10.2
1573,0,0
1574,0.068,1.96
1575,0,0
1576,0.15,8.1
1577,2.173,2050
1578,0,0
1579,0.221,23.8
1580,0,0
1581,0,0
1582,0.19,13.8
1583,0,0
1584,0,0
1585,0.062,1.76
1586,0.28,33.5
1587,0,0
1588,0,0
1589,0,0
1590,0,0.818
1591,0,0
1592,0.153,10.7
1593,0.27,31.1
1594,0.237,12
1595,0.093,2.75
1596,0.245,20.3
1597,0.205,20.6
1598,0.11,5.46
1599,,
1600,0.15,8.45
1601,0.138,7.55
1602,0,1.05
1603,0.137,7.68
1604,0.14,9.32
1605,1.871,1110
1606,0,0
1607,0.175,12.8
1608,0.103,4.32
1609,0,0
1610,0.167,6.44
1611,0.624,115
1612,0.1,5.47
1613,0.128,7.82
1614,0.103,4.89
1615,0,0
1616,0.138,8.22
1617,0.13,7.46
1618,0,0
1619,0.099,5.01
1620,0.119,7.5
1621,0.121,6.88
1622,0,0.411
1623,0,0
1624,0.135,7.81
1625,0.949,281
1626,0.087,3.53
1627,,
1628,0,0
1629,0.13,8.26
1630,0,0
1631,,
1632,1.847,1650
1633,0.087,3.22
1634,,
1635,0,0
1636,0.128,6.16
1637,0,0
1638,0,0
1639,0,0
1640,0,0
1641,0.218,13.2
1642,0.109,3.7
1643,0,0
1644,0.073,2.54
1645,0,1.76E-15
1646,5.736,7880
1647,0,0
1648,0.316,38.9
1649,0,0
1650,0,0
1651,0,0
1652,0.097,2.95
1653,0.169,12.1
1654,0.073,1.9
1655,0.308,44.9
1656,0.142,7.9
1657,0,0.687
1658,0,0
1659,,
1660,0,0.592
1661,0.075,3.18
1662,0.189,13.9
1663,1.865,1250
1664,0.085,2.6
1665,2.371,2090
1666,0.104,4.26
1667,,
1668,0.098,3.08
1669,0,0.438
1670,0.086,3.62
1671,0,0
1672,0.494,77.1
1673,0.075,1.82
1674,,
1675,4.663,9080
1676,0,1.65E-15
1677,0.176,10.3
1678,0,1.62E-15
1679,4.892,6520
1680,0.148,5.97
1681,0.095,2.97
1682,0,0.171
1683,0.117,5.86
1684,0.148,7.11
1685,0.571,164
1686,0.868,409
1687,3.168,5980
1688,0,0.397
1689,0,0
1690,1.222,422
1691,0.151,14.5
1692,0.079,2.1
1693,0,0
1694,0.06,1.53
1695,0,0
1696,0,0
1697,0.194,20.2
1698,0,0
1699,0,0
1700,0.097,2.85
1701,0,1.19
1702,0,0
1703,0.567,165
1704,0,0
1705,0.434,98
1706,0,0.789
1707,0.134,6.49
1708,,
1709,1.24,762
1710,,
1711,0,0
1712,0,0.341
1713,0,0
1714,0.131,6.71
1715,0,0
1716,0,0
1717,0.088,3.97
1718,0,2.76E-15
1719,0,0
1720,0.048,1.03
1721,0,0
1722,0.11,6.11
1723,0.057,1.94
1724,0.137,9.95
1725,0,0
1726,0,0
1727,0,0
1728,0.096,4.41
1729,0.092,2.7
1730,0,1.83E-15
1731,0.133,8.6
1732,0.174,9.81
1733,0.074,2.26
1734,0.186,19.5
1735,0.124,4.75
1736,0,0
1737,0.25,35.7
1738,0.085,3.16
1739,0,0
1740,0,0
1741,1.402,849
1742,0,0
1743,,
1744,0.067,1.85
1745,4.143,7970
1746,0.08,2.38
1747,0,0
1748,0,3.20E-15
1749,,
1750,0,0
1751,0.132,6.53
1752,0,0
1753,0,0
1754,0.776,265
1755,0.088,3.21
1756,0,0
1757,0,1.64E-15
1758,2.807,2970
1759,0.153,11.2
1760,0.081,3.11
1761,0.144,8.1
1762,0.075,2.19
1763,0,0
1764,0.344,63.8
1765,0.185,11.2
1766,0,0
1767,0,0
1768,0,0
1769,0,0
1770,0.147,10.5
1771,0.148,8.62
1772,1.441,408
1773,0.943,243
1774,0,0
1775,0.07,1.74
1776,0,0
1777,1.602,0.594
1778,0.095,3.71
1779,0.064,1.55
1780,0,0
1781,0,0.593
1782,0,0
1783,0,0
1784,0.189,12.2
1785,0,2.04E-15
1786,0,0.973
1787,0,0
1788,0,0
1789,0,1.86E-15
1790,0,0
1791,0,0
1792,0.195,16.4
1793,0.148,7.61
1794,0.076,1.94
1795,0,0
1796,0,0.384
1797,0,1.80E-15
1798,0,0
1799,0,0
1800,0,0
1801,0,0
1802,0,0
1803,0.14,6.73
1804,0,0
1805,0,0
1806,0,0
1807,0,0
1808,0.472,52.1
1809,0,0
1810,0.162,15.2
1811,0.107,3.65
1812,0.353,36.3
1813,0,0
1814,0,0
1815,0.111,4.22
1816,0,1.86E-15
1817,0,0
1818,0,0
1819,0,0
1820,0.643,126
1821,0,0
1822,0,0
1823,0,0
1824,0.07,1.33
1825,0,0
1826,0.602,131
1827,2.074,1620
1828,0,0
1829,0,0.282
1830,0.056,0.87
1831,0.376,54.1
1832,1.319,424
1833,,
1834,0,0
1835,,
1836,0.104,4.12
1837,3.886,2400
1838,0,0
1839,0,0
1840,0.068,1.16
1841,0,1.20E-15
1842,0,0
1843,,
1844,0.107,2.69
1845,0,0
1846,0,0
1847,0,0
1848,0.073,1.41
1849,0,0
1850,0.15,5.56
1851,0,0
1852,0,0
1853,0,0
1854,0.057,1.01
1855,0.152,13.9
1856,0,0
1857,0.084,1.58
1858,0,0
1859,0,0
1860,0,1.24E-15
1861,0.134,4.95
1862,0.155,6.53
1863,0.152,11.8
1864,0.234,25.5
1865,0,0
1866,0,0
1867,0,0
1868,0,0
1869,0,0
1870,0,0
1871,0,0
1872,0,0
1873,0.252,10.1
1874,0,0.723
1875,0,0
1876,0.107,3.47
1877,0,0
1878,0,0
1879,,
1880,0.105,3.58
1881,0,0
1882,0,0
1883,1.954,1280
1884,0.159,19.8
1885,0.067,0.954
1886,,
1887,0.589,76
1888,0,0
1889,0,0
1890,0,0
1891,0.063,1.09
1892,0,0
1893,0,0
1894,0,0
1895,0,0
1896,0.076,1.52
1897,3.82,3690
1898,0.177,10.5
1899,0,0
1900,,
1901,0.064,1.11
1902,,
1903,0,0
1904,0,0
1905,0.117,3.18
1906,0,0
1907,1.45,1060
1908,0,1.09E-15
1909,0.069,1.09
1910,0.17,10.8
1911,0,0
1912,0,0
1913,0,0
1914,0,1.21E-15
1915,0,0.979
1916,0,0
1917,0,2.29
1918,0.099,1.9
1919,0.091,2.48
1920,0,0
1921,0,0
1922,0,0
1923,0,0
1924,0,0
1925,0.731,247
1926,0,0.856
1927,0,0
1928,0,0
1929,0,5.39E-16
1930,0,0
1931,,
1932,0,0
1933,0,0
1934,0.181,9.31
1935,0.158,10.9
1936,0,0
1937,0.172,14.5
1938,0.269,23.5
1939,0.365,25.7
1940,0,0
1941,0,0
1942,0,0
1943,0,0
1944,0,0
1945,0,0
1946,0,0
1947,0.144,6.79
1948,0,0
1949,0,0
1950,0,0
1951,,
1952,0,0
1953,0.122,4.09
1954,0.156,5.75
1955,0,0
1956,0.16,12.3
1957,0.431,76.9
1958,0,0
1959,0,0
1960,0,0
1961,0,0.604
1962,0.093,2.53
1963,0,0
1964,0.695,53.3
1965,0.139,4.39
1966,0.089,2.11
1967,0,0
1968,0,0
1969,0,0
1970,0.937,256
1971,0,0
1972,0,2.32E-15
1973,0.053,0.779
1974,0.371,58.6
1975,0,0
1976,0,0
1977,0.353,56.5
1978,0.064,1.28
1979,2.093,2260
1980,0,0
1981,0,0
1982,0,0
1983,0,0
1984,0.149,9.53
1985,1.963,1860
1986,0,0
1987,0,0
1988,3.567,3390
1989,0.198,16.8
1990,0,0
1991,0,0
1992,0.395,48.2
1993,0,0
1994,0,0.424
1995,0,0
1996,0.088,2.02
1997,0.315,23
1998,0.086,3.37
1999,0,0
2000,0.2,12.6
2001,1.163,784
2002,0.547,81.8
2003,0,0
2004,0.083,1.35
2005,0.098,2.84
2006,11.774,35900
2007,0,0
2008,0,0
2009,0.179,11
2010,,
2011,0.171,5.98
2012,0.179,15
2013,0,0
2014,0,0
2015,0,0
2016,0,0
2017,0,0
2018,0.154,10.7
2019,1.7,933
2020,0,0
2021,0.161,9
2022,0.192,14.8
2023,0.146,9.83
2024,0.144,6.88
2025,0.829,288
2026,0.458,89.9
2027,0.121,6.98
2028,0.262,29.8
2029,0,1.17E-15
2030,0.965,274
2031,0,0
2032,0.156,9.46
2033,1.546,722
2034,0,0
2035,0.245,19.1
2036,0,0
2037,0.126,6.05
2038,0,0
2039,0.119,5.6
2040,1.055,436
2041,0.353,43.1
2042,0.106,4.02
2043,,
2044,0,1.82E-15
2045,0,0
2046,0,0
2047,0.834,279
2048,0.167,10.2
2049,0,0
2050,0.099,4.35
2051,,
2052,0.107,3.83
2053,0,0
2054,0.097,2.96
2055,0,0
2056,,
2057,0.298,4
2058,0,0
2059,0,0
2060,0,0
2061,0.237,8.36
2062,0,0
2063,0.086,3.03
2064,1.295,644
2065,0.101,4.01
2066,0,0.101
2067,0,1.77E-15
2068,,
2069,0,0
2070,0.33,52.8
2071,0.125,5.85
2072,0,0
2073,0,0
2074,0,0
2075,0,0
2076,3.703,6570
2077,0,0
2078,0.08,2.42
2079,0,0
2080,0,0.589
2081,0.163,10.5
2082,0,0
2083,0,0
2084,0,0
2085,0.167,12.1
2086,0.081,2.27
2087,0.751,275
2088,0,0
2089,0,1.75E-15
2090,0.371,59
2091,0,0
2092,0,0
2093,0.071,1.96
2094,0.247,22.7
2095,0.354,46.5
2096,0,0
2097,0,0
2098,0,0
2099,0.519,100
2100,0,0
2101,0.644,13.4
2102,0,0
2103,,
2104,0,0
2105,0.065,1.74
2106,0.118,6.18
2107,0.237,31.7
2108,0.116,4.59
2109,,
2110,0,0
2111,0.151,10.5
2112,0,0
2113,0,0
2114,0,2.06E-15
2115,0,0
2116,,
2117,1.476,720
2118,0.422,47.6
2119,7.883,20100
2120,0.23,24
2121,0,0
2122,0.606,77.8
2123,1.048,269
2124,0,0.23
2125,0,0
2126,0.13,6.23
2127,0.242,24.8
2128,8.132,30300
2129,,
2130,1.994,1500
2131,0.188,12
2132,0.505,89.8
2133,0.17,5.26
2134,0,0
2135,0,1.76E-15
2136,0,0
2137,0.197,11.5
2138,0.216,18.8
2139,0.149,7.51
2140,0,0
2141,0,0
2142,0.473,82.1
2143,2.009,1840
2144,2.718,2650
2145,0.986,394
2146,0.138,4.38
2147,0,0
2148,0.137,6.3
2149,0.099,3.51
2150,0,0
2151,0,0
2152,5.2,11200
2153,0,0
2154,0.09,2.74
2155,0.146,9.43
2156,0.24,21.6
2157,0.197,15.3
2158,0.133,5.25
2159,0,9.25E-16
2160,0,0
2161,1.927,1210
2162,0,0
2163,0,0
2164,0,0
2165,0,0
2166,0,1.89E-15
2167,0.134,6.85
2168,1.023,383
2169,0,0
2170,0.127,7.7
2171,1.275,523
2172,0,0
2173,0.355,45.8
2174,0,0
2175,0,0
2176,0.148,9.11
2177,0.449,109
2178,0.102,3.86
2179,0,0
2180,0.847,272
2181,0.089,2.33
2182,0.422,63.2
2183,0.118,5.2
2184,,
2185,0,0
2186,0,0
2187,0,0
2188,,
2189,0,0
2190,0.07,1.88
2191,0.074,2.09
2192,0.073,2
2193,0,1.90E-15
2194,2.736,1390
2195,0,0
2196,0.145,7.14
2197,0,0.431
2198,1.727,1200
2199,0,0
2200,0.262,17.7
2201,0.069,1.87
2202,0.061,1.35
2203,0,0.453
2204,0.28,0.371
2205,0.045,0.105
2206,0.085,0.981
2207,0,0
2208,0,0
2209,0,3.74E-15
2210,0.274,39.7
2211,0.398,80.5
2212,0,0
2213,0.076,1.17
2214,1.301,618
2215,0,0
2216,0.138,7.16
2217,0,0
2218,0,0
2219,0,0
2220,0.118,4.79
2221,0.259,26.2
2222,0.162,10.1
2223,0.835,284
2224,0.116,4.7
2225,0.514,87.5
2226,,
2227,0.143,5.95
2228,,
2229,0.139,8.84
2230,0.748,159
2231,0.72,239
2232,0,0.896
2233,0.158,13.3
2234,4.567,10200
2235,0,3.60E-15
2236,0,0
2237,0.915,312
2238,3.19,2950
2239,0,0
2240,0,0
2241,0.836,280
2242,0,0
2243,0,0
2244,0,0
2245,0,0
2246,0,1.82E-15
2247,,
2248,,
2249,,
2250,,
2251,0,0
2252,0.63,202
2253,0,0
2254,0,1.86E-15
2255,0,0
2256,0,0
2257,0,0
2258,0.101,3.31
2259,0.048,0.87
2260,2.051,614
2261,0.15,9.97
2262,0.237,28.9
2263,0,0
2264,1.545,1100