angDist_x,#,Be star,Category,RA,DEC,V,Type,vsini,Nb of spectra in BeSS,RA_XMM,DE_XMM,Source,4XMM,RA_ICRS,DE_ICRS,srcML,Flux8,e_Flux8,HR1,HR2,HR3,HR4,ext,Var_flag,S,Nd,xcatDBdet,xcatDB,IRAP,angDist_y,RA_CSC,DE_CSC,2CXO,RAICRS,DEICRS,r0,r1,PA,fe,fc,fp,fv,fst,fs,fa,fi,fr,fm,ff,fVi,Ns,PFluxb,PFluxh,PFluxm,PFluxs,PFluxu,PFluxw,PF90b,PF90h,PF90m,PF90s,PF90u,PF90w,Fluxb,Fluxh,Fluxm,Fluxs,Fluxu,Fluxw,F90b,F90h,F90m,F90s,F90u,F90w,PFavgb,PFavgh,PFavgm,PFavgs,PFavgu,PFavgw,PF90avgb,PF90avgh,PF90avgm,PF90avgs,PF90avgu,PF90avgw,Favgb,Favgh,Favgm,Favgs,Favgu,Favgw,F90avgb,F90avgh,F90avgm,F90avgs,F90avgu,F90avgw,Ldet,LClass,S/N,NHGal,HRhm,HRhs,HRms,fdw,Nac,ExpAC,Nhrc,ExpHRC
1.0734489999999999,52,RX J0049.7-7323,Classical,00 49 41.99,-73 23 14.71,14.98,B2Ve,,0,12.42600111,-73.387425,201100001010003.0,J004942.2-732314,12.426001,-73.387425,10977.6,7.60512e-13,2.5123099999999998e-14,0.781369,0.672771,0.141023,-0.024442,0.0,0.0,1.0,3.0,xcatDBdet,xcatDB,IRAP,0.049000999999999996,12.42500346,-73.387415107,J004942.0-732314,12.4250035,-73.3874151,0.728,0.7240000000000001,32.28,1.0,0.0,0.0,1.0,0.0,0.0,0.0,0.0,0.0,0.0,0.0,1.0,1.0,1.1923442213789e-05,4.5619382749830995e-06,2.4621020123862997e-06,1.3314683242668998e-06,2.0268217314023e-06,,1.0909178977703e-05,4.402577593164799e-06,2.3468103678542003e-06,1.3022689806241999e-06,2.3225387326202e-06,,3.639864457828201e-14,2.8232364839923998e-14,6.3152514844405e-15,1.9918265552461e-15,0.0,,3.2079657111079e-14,2.6830708532872e-14,6.1111497351923e-15,1.8933473590482e-15,0.0,,7.012464363186701e-05,3.287047382733e-05,,5.8892262947635004e-06,,,6.974131647311801e-05,3.3030765229901e-05,,6.0203351962340995e-06,,,,,,,,,,,,,,,16881.59,TRUE,58.367,4.58,0.30106,0.5484100000000001,0.29481999999999997,1.0,10.0,287182.057,0.0,
0.313627,60,DZ Tuc,Classical,00 50 44.69,-73 16 05.16,15.44,Be,,0,12.68631111,-73.26818194,201100001010004.0,J005044.7-731605,12.686311,-73.268182,6693.44,9.690370000000002e-13,2.1061099999999998e-14,0.850844,0.628668,0.12086400000000001,-0.073112,0.0,0.0,0.0,3.0,xcatDBdet,xcatDB,IRAP,0.124204,12.686215047000001,-73.268134447,J005044.6-731605,12.686214999999999,-73.26813440000001,0.71,0.71,5.401,1.0,0.0,0.0,0.0,0.0,0.0,0.0,0.0,0.0,0.0,0.0,0.0,1.0,0.00010039364024384,4.7598852713931e-05,1.48239510524e-05,1.0410208380356e-05,2.0381218251882e-05,,9.5313350076636e-05,4.6725195293434e-05,1.4044719452007999e-05,9.7798637823865e-06,2.0623648960436e-05,,4.0528414618718997e-13,3.5645530817867e-13,3.7660337699568e-14,1.5959001742418003e-14,2.6417862020064995e-14,,3.8093676824715e-13,3.48286784812e-13,3.598763531700799e-14,1.4462202504118e-14,3.4398557997848005e-14,,0.00010259626627645999,4.715161912518e-05,1.5620356467797e-05,1.0667904333446001e-05,9.856989558853301e-06,,9.8721576171639e-05,4.6722688217734996e-05,1.5185279744716e-05,1.0205774326219e-05,1.0878980870338e-05,,,,,,,,,,,,,,25028.9,TRUE,66.336,4.83,0.52467,0.64085,0.17489000000000002,0.0,13.0,332653.563,0.0,
0.07584099999999999,66,SMC 25,Classical,00 51 52.01,-73 10 33.96,14.45,Be,,0,12.96667611,-73.17608111,201100001010002.0,J005152.0-731033,12.966676,-73.17608100000001,44734.8,1.8916e-12,2.45248e-14,0.664199,0.29775300000000005,-0.034881999999999996,-0.193246,0.0,1.0,1.0,3.0,xcatDBdet,xcatDB,IRAP,0.510026,12.966978554,-73.17621813,J005152.0-731034,12.9669786,-73.1762181,0.715,0.715,154.5,1.0,0.0,0.0,0.0,0.0,0.0,0.0,0.0,0.0,0.0,0.0,0.0,1.0,0.00018049969114951,6.688294089581e-05,3.2041098222577004e-05,4.4876282761482e-05,0.00023665801087255,,0.00018147068458981,6.7397895646378e-05,3.2428787621362e-05,4.4672318477404e-05,0.00026406812730215,,5.6989378204315e-13,4.3963088082397e-13,6.843061432030799e-14,7.1651962123379e-14,1.0331558847325999e-12,,5.698966834471899e-13,4.4615373924599996e-13,6.9075412284067e-14,6.6831470257848e-14,1.0808857451694001e-12,,0.00017563031054801002,6.0382808563035996e-05,3.2619946575015e-05,4.0104137626914e-05,7.9959674388505e-05,,0.00017257793027521,5.98526596502e-05,3.2358124568939e-05,3.9801489668774e-05,8.272563693564101e-05,,5.6671877921397e-13,4.3097073439522e-13,7.4989910561051e-14,6.6275639979123e-14,3.9562706650656e-15,,5.523986554981301e-13,4.2517835438563e-13,7.517123021079e-14,6.6410332510537e-14,5.3080202507504e-15,,46647.73,TRUE,50.777,5.03,0.35228000000000004,0.19613,-0.1674,0.0,20.0,536829.0329999999,0.0,
0.5068159999999999,69,X SMC X-3,Classical,00 52 05.77,-72 26 03.19,14.91,O9IVe,,0,13.02369,-72.43431194,205009801010001.0,J005205.6-722603,13.02369,-72.434312,442800.0,1.29055e-12,2.1561599999999998e-14,0.662555,0.442941,-0.007716,-0.290036,6.48557,1.0,2.0,4.0,xcatDBdet,xcatDB,IRAP,0.8278260000000001,13.023399149000001,-72.434343041,J005205.6-722603,13.023399099999999,-72.434343,1.248,0.92,108.4,0.0,0.0,0.0,0.0,0.0,0.0,0.0,0.0,0.0,0.0,0.0,0.0,1.0,1.9173308426839e-06,4.9276492726625e-07,2.9663235905591996e-07,7.993144564675701e-07,0.0,,1.8650026449649e-06,3.2576718022816e-07,3.8088436757182e-07,8.178632801125e-07,0.0,,5.8291374613198995e-15,3.9830125504711e-15,6.938504701814099e-16,1.3171534343028e-15,0.0,,5.671855757329099e-15,3.1810087277533997e-15,9.020363576259e-16,1.5588601750218e-15,0.0,,8.2638524086949e-05,3.6663766873336e-05,1.2482267109948e-05,9.3667902355708e-06,4.2159951073534e-06,0.0,8.789025644185e-05,3.8102831230037e-05,1.3462609420453e-05,9.7723595906026e-06,5.2389970754515e-06,0.0,2.9899807905390004e-13,2.9826481225515003e-13,2.9267255329707994e-14,1.5932531242992998e-14,0.0,0.0,3.0605417796565997e-13,3.2409669517603e-13,3.1621068231837e-14,1.761406663586e-14,0.0,0.0,11252.58,TRUE,38.81,7.15,0.29357,-0.25359,-0.49968999999999997,0.0,3.0,104402.094,1.0,1151.8519999999999
0.58294,82,CXOU J005323.8-722715,Classical,00 53 23.90,-72 27 15.12,16.19,Be,,0,13.34927194,-72.45433194,205009801010002.0,J005323.8-722715,13.349272000000001,-72.454332,9865.98,7.24506e-13,1.22374e-14,0.732062,0.523565,0.084874,-0.236643,0.0,1.0,1.0,6.0,xcatDBdet,xcatDB,IRAP,0.418282,13.349516327,-72.45431442,J005323.8-722715,13.3495163,-72.45431440000002,0.7120000000000001,0.71,92.83,1.0,0.0,0.0,1.0,0.0,0.0,0.0,0.0,0.0,0.0,0.0,0.0,1.0,0.00011220611904575,4.9171148689944e-05,1.7195209338704002e-05,1.2686696571386999e-05,2.7565024144327e-05,,0.00010917937501448,4.8588571830799e-05,1.6745854754464002e-05,1.1877628027126e-05,3.0001412655051002e-05,,2.4172833862659e-13,2.0689979301993e-13,2.4015664959590997e-14,1.1740500071705e-14,3.8704558094081005e-15,,2.3087230530158e-13,2.0123722595479e-13,2.369743096455e-14,1.1218461170663e-14,4.225929334430699e-15,,0.00010348831043443,4.5857640533785996e-05,1.5522473592177e-05,1.1919409773925e-05,1.8092562790023e-05,5.493184310941e-05,0.00010119904550189001,4.5594621740309e-05,1.5213766512592002e-05,1.109787132865e-05,1.9671903675783e-05,5.812594847721999e-05,2.3847825634383e-13,2.0389132094471e-13,2.2526257392942997e-14,1.2324129870328001e-14,3.847189561102799e-15,1.3145441266479e-13,2.3167872083648004e-13,2.0102423614023002e-13,2.2260873629018998e-14,1.1828891925336001e-14,4.3122723939845e-15,1.3889408609485002e-13,6942.158,TRUE,33.424,6.98,0.4822,0.58963,0.14740999999999999,0.0,3.0,104402.013,1.0,1151.8519999999999
1.314792,92,Cl* NGC 330 ELS 065055,Classical,00 53 55.34,-72 26 45.30,14.72,B1IIIe,420.0,0,13.48137806,-72.44564111,205009801010048.0,J005355.5-722644,13.481378,-72.44564100000001,32541.5,6.48374e-15,1.50648e-15,0.726733,0.496659,0.078942,-0.10501400000000001,0.0,1.0,1.0,6.0,xcatDBdet,xcatDB,IRAP,0.284183,13.480639219,-72.445993786,J005355.3-722645,13.480639199999999,-72.4459938,0.723,0.72,50.08,0.0,0.0,0.0,1.0,0.0,0.0,0.0,0.0,0.0,0.0,0.0,1.0,1.0,2.7710819702143e-06,5.2640059493902e-07,5.6882928600407e-07,9.8341757390255e-07,0.0,,2.748285655341e-06,5.121514253743499e-07,5.726963668965901e-07,9.9309668491449e-07,0.0,,6.6965195523638e-15,3.5559678595745e-15,1.5013347562725001e-15,1.6729236065701001e-15,0.0,,6.0439074876678e-15,3.4188652339646e-15,1.5086460625605e-15,1.7216702617118003e-15,0.0,,2.9888059354761e-06,5.667726893456701e-07,6.1625327194801e-07,1.0689272381998002e-06,0.0,0.0,2.9851776322981e-06,5.5448844065716e-07,6.227968084725199e-07,1.0771731988499e-06,0.0,0.0,6.947598316797e-15,3.6537356307225e-15,1.567564095244e-15,1.8011153799074e-15,0.0,0.0,6.4128563871278005e-15,3.5345115315123004e-15,1.5805630312534e-15,1.8601802944596e-15,0.0,0.0,307.8288,TRUE,7.359,6.97,-0.034980000000000004,-0.30981,-0.27608,0.0,3.0,104405.25300000001,1.0,1151.8519999999999
0.728114,117,Cl* NGC 330 ELS 016486,Classical,00 54 46.42,-72 25 22.76,15.58,B1IIIe,496.0,0,13.69321694,-72.42318194,200842001010034.0,J005446.3-722523,13.693217,-72.423182,3966.63,8.009019999999999e-14,5.58216e-15,0.835946,0.78198,0.195384,0.003597,0.0,1.0,0.0,7.0,xcatDBdet,xcatDB,IRAP,0.49523100000000003,13.692969448,-72.42301504699999,J005446.3-722522,13.692969400000003,-72.423015,0.7909999999999999,0.75,30.43,0.0,0.0,0.0,1.0,0.0,0.0,0.0,0.0,0.0,0.0,0.0,1.0,1.0,6.9540745874020995e-06,2.8146291617270003e-06,1.3251268196583e-06,6.786334689688301e-07,0.0,,6.847506816543e-06,2.7042530823737003e-06,1.3820851920207e-06,5.514914357945e-07,0.0,,2.4237047554565e-14,2.0432853895998003e-14,3.4037848659614e-15,1.1991294635575e-15,0.0,,2.3093468533921e-14,1.9629876723966002e-14,3.6033997656865e-15,9.5099129076071e-16,0.0,,7.3209658933584e-06,3.0173836009395e-06,1.3442903641296002e-06,8.4367917844826e-07,0.0,0.0,7.063167706319099e-06,2.9546321566252003e-06,1.3409373445437e-06,7.0863656446412e-07,2.7241788736479e-06,0.0,2.7046143843487004e-14,2.2891650503282996e-14,3.1417575465366e-15,1.2685084394473e-15,,0.0,2.6284547243558995e-14,2.2553058110487998e-14,3.1300329305524002e-15,1.0353017358486e-15,,0.0,480.9105,TRUE,11.22,6.98,0.36227,0.61087,0.3148,0.0,4.0,152532.565,1.0,1151.8519999999999
1.578314,164,2E 0054.4-7237,Classical,00 56 05.21,-72 22 00.12,15.88,Be,,0,14.02306694,-72.36654889,200842001010019.0,J005605.5-722159,14.023067000000001,-72.36654899999999,97.6809,2.88835e-14,4.1236600000000004e-15,0.42768999999999996,0.881626,0.05584600000000001,-0.489517,0.0,0.0,1.0,4.0,xcatDBdet,xcatDB,IRAP,,,,,,,,,,,,,,,,,,,,,,,,,,,,,,,,,,,,,,,,,,,,,,,,,,,,,,,,,,,,,,,,,,,,,,,,,,,,,,,,,,
0.606268,217,gam Cas,Classical,00 56 42.53,60 43 00.27,2.47,B0IVpe,432.0,9571,14.17688194,60.71668806,206516702010001.0,J005642.4+604300,14.176882,60.716688,13268000.0,2.1733199999999998e-10,1.36272e-13,0.600852,0.361398,-0.124144,-0.37551100000000004,0.0,1.0,1.0,5.0,xcatDBdet,xcatDB,IRAP,,,,,,,,,,,,,,,,,,,,,,,,,,,,,,,,,,,,,,,,,,,,,,,,,,,,,,,,,,,,,,,,,,,,,,,,,,,,,,,,,,
1.8542049999999999,248,[HP2004] 39,Classical,01 00 30.19,-72 20 35.16,,Be,,0,15.12581694,-72.342585,201100002010024.0,J010030.1-722033,15.125817000000001,-72.342585,3364.81,5.29741e-14,4.11516e-15,0.824425,0.40335,0.044962,-0.040202,0.0,1.0,1.0,13.0,xcatDBdet,xcatDB,IRAP,,,,,,,,,,,,,,,,,,,,,,,,,,,,,,,,,,,,,,,,,,,,,,,,,,,,,,,,,,,,,,,,,,,,,,,,,,,,,,,,,,
0.59504,258,RX J0101.3-7211,Classical,01 01 20.81,-72 11 18.96,15.49,Be,,0,15.33617194,-72.18862,201231102010007.0,J010120.6-721119,15.336172,-72.18862,4008.55,5.36326e-13,1.0185e-14,0.666565,0.450191,0.16765,0.05828,0.0,1.0,1.0,17.0,xcatDBdet,xcatDB,IRAP,0.68883,15.336083058,-72.18859449,J010120.6-721118,15.3360831,-72.1885945,0.778,0.747,84.36,1.0,0.0,0.0,1.0,0.0,0.0,0.0,0.0,0.0,0.0,0.0,0.0,1.0,,,,,,0.0,,,,,,0.0,,,,,,0.0,,,,,,0.0,,,,,,0.0,,,,,,0.0,,,,,,0.0,,,,,,0.0,3032.542,TRUE,26.796999999999997,6.85,,,,1.0,21.0,183264.645,1.0,19924.971999999998
0.52958,287,XTE J0111-7317,Classical,01 11 08.40,-73 16 45.84,15.52,B1IVe,,0,17.785375,-73.2795,206012125010015.0,J011108.4-731646,17.785375,-73.2795,201.418,3.7969499999999997e-14,7.096139999999999e-15,0.484245,0.21011999999999997,-0.076779,-0.276336,0.0,0.0,0.0,2.0,xcatDBdet,xcatDB,IRAP,,,,,,,,,,,,,,,,,,,,,,,,,,,,,,,,,,,,,,,,,,,,,,,,,,,,,,,,,,,,,,,,,,,,,,,,,,,,,,,,,,
1.717746,336,ACHERNAR,Classical,01 37 42.85,-57 14 12.31,0.5,B6Vpe,235.0,102,24.42781611,-57.23702389,204021201010001.0,J013742.6-571413,24.427816,-57.237024,12330.5,5.84488e-13,1.36749e-14,0.5354,-0.600626,-0.8590620000000001,-0.635355,0.0,0.0,0.0,1.0,xcatDBdet,xcatDB,IRAP,,,,,,,,,,,,,,,,,,,,,,,,,,,,,,,,,,,,,,,,,,,,,,,,,,,,,,,,,,,,,,,,,,,,,,,,,,,,,,,,,,
0.233107,382,V831 Cas,Classical,01 47 00.17,61 21 23.69,11.34,B1IVe,,68,26.750835,61.35655806,202011601010001.0,J014700.2+612123,26.750835,61.35655799999999,276678.0,2.54422e-11,1.79663e-13,0.819435,0.7256859999999999,0.104715,-0.170784,0.0,1.0,1.0,1.0,xcatDBdet,xcatDB,IRAP,,,,,,,,,,,,,,,,,,,,,,,,,,,,,,,,,,,,,,,,,,,,,,,,,,,,,,,,,,,,,,,,,,,,,,,,,,,,,,,,,,
0.21602600000000002,465,V782 Cas,Classical,02 08 45.44,65 02 14.73,7.622000000000001,B6IIe,,191,32.18933111,65.037485,201025808010005.0,J020845.4+650214,32.189331,65.037485,1129.54,7.12868e-12,3.445e-13,1.0,0.812409,0.570491,0.39774499999999996,0.0,0.0,0.0,1.0,xcatDBdet,xcatDB,IRAP,,,,,,,,,,,,,,,,,,,,,,,,,,,,,,,,,,,,,,,,,,,,,,,,,,,,,,,,,,,,,,,,,,,,,,,,,,,,,,,,,,
1.4916719999999999,536,NGC 884 2079,Classical,02 21 42.92,57 18 29.02,9.61,Be,,0,35.42911694,57.30844611,202011603010111.0,J022142.9+571830,35.429117,57.308445999999996,16.3797,5.39244e-15,3.2567300000000004e-15,0.845557,-0.062795,-0.574056,-1.0,0.0,0.0,0.0,1.0,xcatDBdet,xcatDB,IRAP,,,,,,,,,,,,,,,,,,,,,,,,,,,,,,,,,,,,,,,,,,,,,,,,,,,,,,,,,,,,,,,,,,,,,,,,,,,,,,,,,,
0.10917400000000001,597,V615 Cas,Classical,02 40 31.67,61 13 45.61,10.8,B0Ve,,5,40.13194111,61.22930694,201124301020001.0,J024031.6+611345,40.131941,61.22930699999999,427555.0,9.93006e-12,2.4099400000000003e-14,0.8114520000000001,0.668485,-0.06903,-0.40524299999999996,0.0,1.0,1.0,13.0,xcatDBdet,xcatDB,IRAP,0.438561,40.132071074,61.229227041,J024031.6+611345,40.132071100000005,61.229227,0.713,0.711,10.87,1.0,0.0,0.0,1.0,0.0,0.0,0.0,0.0,0.0,0.0,0.0,0.0,1.0,0.0005017677932658701,0.00023733950803748,7.7537739326937e-05,3.4346967141606e-05,3.4257846909586e-05,,0.00048821743857143,0.00023968827261821002,7.481444396557701e-05,3.1486812869134996e-05,2.8815472815346003e-05,,2.2137570962506e-12,1.9868767982223003e-12,2.1074120664767002e-13,5.1745586332554e-14,3.7365182249914e-14,,2.1658291368107e-12,2.0083556296408997e-12,2.0346227841174e-13,4.7430025148345004e-14,3.6485985008657005e-14,,,,,,0.00016756566978346,,,,,,0.00017714057317546,,,,,,3.8606222661676e-14,,,,,,3.8968297254928e-14,,120980.7,TRUE,126.436,88.95,0.50843,0.74703,0.38600999999999996,0.0,2.0,68157.576,0.0,
0.8579559999999999,682,GSC 02342-00359,Classical,03 29 10.32,31 21 59.51,14.25,B5e,,0,52.293240000000004,31.36640889,200658201010005.0,J032910.3+312159,52.293240000000004,31.366409,11525.9,5.754109999999999e-13,1.9337200000000002e-14,0.81782,0.8611260000000001,-0.202441,-0.565822,0.0,0.0,1.0,1.0,xcatDBdet,xcatDB,IRAP,0.8394010000000001,52.293230863000005,31.36640602,J032910.3+312159,52.2932309,31.366406,0.71,0.71,51.3,1.0,1.0,0.0,0.0,0.0,0.0,0.0,0.0,0.0,0.0,0.0,0.0,2.0,0.00011860609703713001,3.410938820384e-05,3.1235899240253e-05,1.0294623546193e-05,9.290047152453599e-06,,0.00011577601980382,3.4145794908462e-05,2.9868035417903998e-05,9.4210960099961e-06,9.872515130828801e-06,,2.7998386543634995e-13,1.9443648839787e-13,7.7173458000748e-14,1.2505027691389e-14,6.0492097896565e-14,,2.7479033805821e-13,1.9389958796225e-13,7.3854122771269e-14,1.1531176418828998e-14,6.3143489776719e-14,,0.00012241566990916,,3.1534488090503005e-05,1.1843250892783e-05,,,0.00011655883321933,,2.9923143406984002e-05,1.1011554015905e-05,,,3.2051212139783e-13,2.2638896385029002e-13,8.2856010093332e-14,1.5492764753943003e-14,2.2333110009453e-14,,3.0692951144845004e-13,2.2290759137912e-13,7.857647762236001e-14,1.4585879869651e-14,,,12570.27,TRUE,44.098,14.77,0.04372,0.53467,0.5021899999999999,0.0,3.0,119319.165,0.0,
0.975482,688,BQ Cam,Classical,03 34 59.89,53 10 23.59,11.3,Be,,0,53.749315,53.172985,205061901010001.0,J033459.8+531022,53.749315,53.172985,565.069,4.1206599999999996e-14,3.67519e-15,0.953155,0.8363790000000001,-0.344656,-0.9938530000000001,0.0,0.0,0.0,1.0,xcatDBdet,xcatDB,IRAP,0.142183,53.749592622,53.17319440399999,J033459.9+531023,53.7495926,53.1731944,0.763,0.757,98.14,0.0,0.0,0.0,0.0,0.0,0.0,0.0,0.0,0.0,0.0,0.0,0.0,1.0,1.0522087980844e-05,2.2351421065122e-06,4.1813368292072e-06,8.615847438502701e-07,0.0,,1.0448594694909e-05,2.2695958253266e-06,3.9972096798195e-06,9.256831944163201e-07,0.0,,2.1786870269255998e-14,1.2031261738186e-14,9.5545542425461e-15,1.3272187221408998e-15,,,2.1962994643799e-14,1.2217622070033e-14,9.0037650723139e-15,1.4259298325712e-15,,,1.0522087980844e-05,2.2351421065122e-06,4.1813368292072e-06,8.615847438502701e-07,0.0,,1.0448594694909e-05,2.2695958253266e-06,3.9972096798195e-06,9.256831944163201e-07,0.0,,2.1786870269255998e-14,1.2031261738186e-14,9.5545542425461e-15,1.3272187221408998e-15,,,2.1962994643799e-14,1.2217622070033e-14,9.0037650723139e-15,1.4259298325712e-15,,,244.3035,TRUE,3.818,81.78,-0.27358000000000005,0.49218999999999996,0.6583399999999999,0.0,1.0,5080.443,0.0,
0.768646,705,Menkhib,Classical,03 58 57.90,35 47 27.71,4.06,O7.5IIIe,213.0,4655,59.74115,35.79122806,207709901010001.0,J035857.8+354728,59.74115,35.791228000000004,724620.0,2.6379e-12,5.1575899999999995e-15,0.620686,-0.521706,-0.899642,-0.9873200000000001,0.0,0.0,1.0,2.0,xcatDBdet,xcatDB,IRAP,,,,,,,,,,,,,,,,,,,,,,,,,,,,,,,,,,,,,,,,,,,,,,,,,,,,,,,,,,,,,,,,,,,,,,,,,,,,,,,,,,
0.632022,745,lam Eri,Classical,05 09 08.78,-08 45 14.69,4.249,B2IVne,318.0,766,77.28672611,-8.75397611,204021203010001.0,J050908.8-084514,77.286726,-8.753976,930.868,9.60336e-14,7.726449999999999e-15,0.49874399999999997,-0.335595,-0.7392479999999999,-0.878474,0.0,0.0,0.0,1.0,xcatDBdet,xcatDB,IRAP,,,,,,,,,,,,,,,,,,,,,,,,,,,,,,,,,,,,,,,,,,,,,,,,,,,,,,,,,,,,,,,,,,,,,,,,,,,,,,,,,,
1.6673229999999999,758,RX J0516.0-6916,Classical,05 16 00.10,-69 16 09.12,15.0,Be,,0,78.99979194,-69.26879306,206907429010025.0,J051559.9-691607,78.999792,-69.268793,162.497,1.2610899999999998e-13,1.20804e-14,-0.012297,0.692607,0.599376,0.42321000000000003,0.0,0.0,0.0,2.0,xcatDBdet,xcatDB,IRAP,,,,,,,,,,,,,,,,,,,,,,,,,,,,,,,,,,,,,,,,,,,,,,,,,,,,,,,,,,,,,,,,,,,,,,,,,,,,,,,,,,
0.417253,772,25 Ori,Classical,05 24 44.83,01 50 47.20,4.873,B1Vpe,263.0,447,81.18684194,1.84654889,205546101010079.0,J052444.8+015047,81.186842,1.8465490000000002,131.797,1.20521e-14,4.45899e-15,0.034176,-0.7346699999999999,-0.919258,0.9378989999999999,0.0,0.0,0.0,1.0,xcatDBdet,xcatDB,IRAP,0.9465809999999999,81.186701721,1.846197351,J052444.8+015046,81.1867017,1.8461973999999999,1.7280000000000002,1.028,15.3,0.0,0.0,0.0,0.0,0.0,0.0,0.0,0.0,0.0,0.0,0.0,0.0,1.0,3.323619936415e-06,9.581254847818899e-07,2.6312882553618004e-07,1.6243818765528e-06,1.899224286345e-05,,2.7502686870893e-06,7.3187037707421e-07,2.8799353706798e-07,1.7839493517584e-06,2.123371075789e-05,,1.8548156548899e-14,1.5969529216708e-14,5.3031642869187e-16,2.7546774484585998e-15,0.0,,5.875286012304e-15,1.5371409848527e-14,6.231692990313799e-16,3.0345165667838998e-15,0.0,,3.323619936415e-06,9.581254847818899e-07,2.6312882553618004e-07,1.6243818765528e-06,1.899224286345e-05,,2.7502686870893e-06,7.3187037707421e-07,2.8799353706798e-07,1.7839493517584e-06,2.123371075789e-05,,1.8548156548899e-14,1.5969529216708e-14,5.3031642869187e-16,2.7546774484585998e-15,0.0,,5.875286012304e-15,1.5371409848527e-14,6.231692990313799e-16,3.0345165667838998e-15,0.0,,18.37985,TRUE,2.526,11.14,0.64335,-0.28607,-0.7770100000000001,0.0,1.0,9528.414,0.0,
1.9166779999999999,842,RX J0531.2-6609,Classical,05 31 13.30,-66 07 05.16,14.4,B0.7Ve,,0,82.80524889,-66.11862806,201040601010001.0,J053113.2-660707,82.805249,-66.118628,40812.5,7.2370899999999994e-12,8.405889999999999e-14,0.44026400000000004,0.403422,0.32671100000000003,0.17364300000000002,0.0,0.0,1.0,2.0,xcatDBdet,xcatDB,IRAP,,,,,,,,,,,,,,,,,,,,,,,,,,,,,,,,,,,,,,,,,,,,,,,,,,,,,,,,,,,,,,,,,,,,,,,,,,,,,,,,,,
1.932895,855,RX J0535.0-6700,Classical,05 35 05.90,-67 00 15.84,14.873,B0Ve,,0,83.77322889,-67.00430889,200717405010001.0,J053505.5-670015,83.773229,-67.00430899999999,1266.06,1.52788e-12,9.658089999999999e-14,0.381938,0.877734,0.566772,0.007367,0.0,0.0,0.0,1.0,xcatDBdet,xcatDB,IRAP,,,,,,,,,,,,,,,,,,,,,,,,,,,,,,,,,,,,,,,,,,,,,,,,,,,,,,,,,,,,,,,,,,,,,,,,,,,,,,,,,,
0.5410010000000001,857,43 Ori,Classical,05 35 22.90,-05 24 57.82,5.08,O9.5Vpe,183.0,291,83.84547694,-5.41619889,202124803010012.0,J053522.9-052458,83.845477,-5.416199,37578.9,1.0264299999999999e-12,1.2159e-14,0.775365,-0.399009,-0.803279,-0.915027,0.0,0.0,1.0,4.0,xcatDBdet,xcatDB,IRAP,0.198179,83.845378633,-5.416021151,J053522.8-052457,83.84537859999999,-5.4160212,0.71,0.71,0.0,1.0,1.0,0.0,1.0,0.0,0.0,0.0,0.0,0.0,0.0,0.0,1.0,2.0,0.00036793748098912997,2.3112281425752e-05,4.9642739807004e-05,0.00022555966718642003,9.351739117372399e-05,,0.00035088814502117003,2.3503050152807998e-05,4.7998285813073e-05,0.00020808670622043,,,6.972367659879101e-13,1.327735542495e-13,1.2270947676722e-13,4.4162008355795007e-13,1.8839874335232998e-13,,6.676272339323199e-13,1.3423054694426e-13,1.1906926365662e-13,4.0646832500539003e-13,2.0212053841112e-13,,,,7.1852604213056e-05,0.00022943354181595,0.00010333360690683,0.000631021602478,0.00044679782013449,,6.795447569807199e-05,0.00020825264350719,8.9630343846881e-05,0.0005915959433766,,,,,,1.5030684209548999e-12,,,,,,1.4090947549621001e-12,605957.6,TRUE,210.46200000000002,19.31,-0.36477,-0.8144899999999999,-0.6396,0.0,11.0,955891.625,1.0,62762.157999999996
0.295457,892,V725 Tau,Classical,05 38 54.57,26 18 56.83,9.19,O9.7IIe,,11,84.72737,26.31586806,206741801010001.0,J053854.5+261857,84.72737,26.315868,1175300.0,2.72642e-11,8.174739999999999e-14,0.755544,0.7059989999999999,0.120172,-0.345815,0.0,1.0,1.0,1.0,xcatDBdet,xcatDB,IRAP,0.25915,84.72741721,26.31572487,J053854.5+261856,84.7274172,26.3157249,0.71,0.71,0.0,1.0,0.0,1.0,1.0,1.0,0.0,0.0,0.0,0.0,0.0,0.0,0.0,1.0,0.0006414684220353,0.00032323895235295,8.508699195596601e-05,4.1360235339695e-05,4.4154599859643e-05,,0.00057082968305896,0.00030384317980048,7.2668517654894e-05,3.3569705463212e-05,3.2442703474701e-05,,3.145458074483e-12,2.9003733465433e-12,2.3148970604343e-13,6.522526355163299e-14,6.9206381933871e-14,,2.8971022725592997e-12,2.7674790488076e-12,1.9871378352555e-13,5.3784382587914e-14,5.1562267404256e-14,,0.0006414684220353,0.00032323895235295,8.508699195596601e-05,4.1360235339695e-05,4.4154599859643e-05,,0.00057082968305896,0.00030384317980048,7.2668517654894e-05,3.3569705463212e-05,3.2442703474701e-05,,3.145458074483e-12,2.9003733465433e-12,2.3148970604343e-13,6.522526355163299e-14,6.9206381933871e-14,,2.8971022725592997e-12,2.7674790488076e-12,1.9871378352555e-13,5.3784382587914e-14,5.1562267404256e-14,,45071.59,TRUE,89.197,59.61,0.58339,0.77327,0.34603,0.0,1.0,63224.307,0.0,
0.295457,892,V725 Tau,Classical,05 38 54.57,26 18 56.83,9.19,O9.7IIe,,11,84.72737,26.31586806,206741801010001.0,J053854.5+261857,84.72737,26.315868,1175300.0,2.72642e-11,8.174739999999999e-14,0.755544,0.7059989999999999,0.120172,-0.345815,0.0,1.0,1.0,1.0,xcatDBdet,xcatDB,IRAP,0.8863409999999999,84.727451691,26.315549696999998,J053854.5+261855X,84.7274517,26.3155497,1.403,1.403,0.0,1.0,,,,1.0,,0.0,0.0,0.0,0.0,0.0,,1.0,,,,,,,,,,,,,,,,,,,,,,,,,7.551689033068499e-05,3.3654035785563e-05,1.1900082531294e-05,6.7210491404294996e-06,8.0890474259633e-06,,,,,,,,3.0757937168663004e-13,2.6215331158264003e-13,3.1645387518764e-14,1.2923656421696e-14,1.7119322474818e-14,,,,,,,,1931.079,TRUE,27.094,59.61,,,,0.0,1.0,63224.307,0.0,
0.013696999999999999,942,HD 42054,Classical,06 07 03.67,-34 18 43.28,5.843,B4IVe,,7,91.76529389,-34.31201889,204021214010001.0,J060703.6-341843,91.765294,-34.312019,59243.6,3.5169199999999995e-12,4.90625e-14,0.500913,0.142491,-0.38558899999999996,-0.482063,0.0,1.0,0.0,1.0,xcatDBdet,xcatDB,IRAP,,,,,,,,,,,,,,,,,,,,,,,,,,,,,,,,,,,,,,,,,,,,,,,,,,,,,,,,,,,,,,,,,,,,,,,,,,,,,,,,,,
0.349594,972,PZ Gem,Classical,06 27 15.78,14 53 21.22,6.64,O9pe,,782,96.81583889,14.88927306,206700803010001.0,J062715.8+145321,96.815839,14.889273000000001,21333.4,2.49337e-13,7.60843e-15,0.710483,0.507459,-0.06704199999999999,-0.355512,0.0,0.0,0.0,2.0,xcatDBdet,xcatDB,IRAP,,,,,,,,,,,,,,,,,,,,,,,,,,,,,,,,,,,,,,,,,,,,,,,,,,,,,,,,,,,,,,,,,,,,,,,,,,,,,,,,,,
0.130495,990,HD 259440,Classical,06 32 59.25,05 48 01.18,9.12,B0pe,,3,98.24690111,5.80035306,205052001010001.0,J063259.2+054801,98.246901,5.800353,9263.75,5.56953e-13,1.4910499999999998e-14,0.863132,0.570992,-0.089165,-0.250135,0.0,0.0,0.0,1.0,xcatDBdet,xcatDB,IRAP,,,,,,,,,,,,,,,,,,,,,,,,,,,,,,,,,,,,,,,,,,,,,,,,,,,,,,,,,,,,,,,,,,,,,,,,,,,,,,,,,,
0.759426,1001,15 Mon,Classical,06 40 58.66,09 53 44.72,4.64,B1Ve,70.0,1866,100.24436389,9.89596,200114201010001.0,J064058.6+095345,100.244364,9.89596,235770.0,2.99485e-12,1.53393e-14,0.37977,-0.590142,-0.776943,-0.984477,0.0,0.0,1.0,1.0,xcatDBdet,xcatDB,IRAP,0.320766,100.24444723299999,9.895839415,J064058.6+095345,100.24444720000001,9.8958394,0.711,0.711,126.8,0.0,0.0,1.0,0.0,0.0,0.0,0.0,0.0,0.0,0.0,0.0,0.0,1.0,,4.902822654595599e-06,3.1117077361690005e-05,0.00041716370971522996,0.0010135681404606,,0.00053480861422002,5.158290129927201e-06,3.176384359665e-05,0.00041863704067649,0.0010058197553791,,1.2951748522001e-12,2.3111179863779e-14,7.541395801632201e-14,1.1862939537273999e-12,1.218245616015e-12,,1.3146234380273e-12,2.4381118310758002e-14,7.6985806538385e-14,1.191275889492e-12,1.2456140200561e-12,,,4.902822654595599e-06,3.1117077361690005e-05,0.00041716370971522996,0.0010135681404606,,0.00053480861422002,5.158290129927201e-06,3.176384359665e-05,0.00041863704067649,0.0010058197553791,,1.2951748522001e-12,2.3111179863779e-14,7.541395801632201e-14,1.1862939537273999e-12,1.218245616015e-12,,1.3146234380273e-12,2.4381118310758002e-14,7.6985806538385e-14,1.191275889492e-12,1.2456140200561e-12,,37444.95,TRUE,64.508,46.65,-0.72705,-0.9768899999999999,-0.8619600000000001,0.0,1.0,48134.672999999995,0.0,
1.235075,1046,19 Mon,Classical,07 02 54.78,-04 14 21.24,4.99,B1Ve,270.0,2983,105.72811499999999,-4.23954889,207610909010001.0,J070254.7-041422,105.72811499999999,-4.239549,330.233,4.93827e-14,7.2375e-15,0.193497,-0.697531,-0.9490799999999999,-0.30271,0.0,0.0,0.0,1.0,xcatDBdet,xcatDB,IRAP,,,,,,,,,,,,,,,,,,,,,,,,,,,,,,,,,,,,,,,,,,,,,,,,,,,,,,,,,,,,,,,,,,,,,,,,,,,,,,,,,,
0.12073900000000001,1080,HD 57682,Classical,07 22 02.05,-08 58 45.77,6.403,O9Ve,,689,110.50856111,-8.97935306,206503202010001.0,J072202.0-085845,110.50856100000001,-8.979353,9294.96,5.76129e-13,1.47401e-14,0.697483,-0.203738,-0.735771,-0.9332520000000001,0.0,0.0,0.0,1.0,xcatDBdet,xcatDB,IRAP,,,,,,,,,,,,,,,,,,,,,,,,,,,,,,,,,,,,,,,,,,,,,,,,,,,,,,,,,,,,,,,,,,,,,,,,,,,,,,,,,,
0.158192,1116,BN Gem,Classical,07 37 05.73,16 54 15.30,6.921,O8Vpev,362.0,475,114.27391194,16.90427611,206700802010002.0,J073705.7+165415,114.27391200000001,16.904276,586.403,6.759650000000001e-14,8.20189e-15,0.45588500000000004,-0.363218,-0.581497,-0.201129,0.0,0.0,0.0,1.0,xcatDBdet,xcatDB,IRAP,,,,,,,,,,,,,,,,,,,,,,,,,,,,,,,,,,,,,,,,,,,,,,,,,,,,,,,,,,,,,,,,,,,,,,,,,,,,,,,,,,
0.06141,1143,V392 Pup,Classical,07 46 10.54,-37 56 01.21,5.87,B7Ve,,2,116.54393806,-37.93366694,206947304010023.0,J074610.5-375601,116.54393799999998,-37.933667,1906.79,4.3262900000000005e-14,2.4475999999999998e-15,0.643803,-0.66979,-0.994461,0.978244,0.0,0.0,0.0,2.0,xcatDBdet,xcatDB,IRAP,,,,,,,,,,,,,,,,,,,,,,,,,,,,,,,,,,,,,,,,,,,,,,,,,,,,,,,,,,,,,,,,,,,,,,,,,,,,,,,,,,
0.050398,1168,V374 Car,Classical,07 58 50.55,-60 49 28.06,5.81,B2IVnpe,200.0,5,119.71065111,-60.82446694,201138906010001.0,J075850.5-604928,119.710651,-60.824467000000006,3758.05,1.88804e-13,4.97905e-15,0.620428,0.19198800000000002,-0.37404299999999996,-0.415911,0.0,0.0,0.0,9.0,xcatDBdet,xcatDB,IRAP,0.138734,119.710679813,-60.824433342,J075850.5-604927,119.7106798,-60.824433299999995,0.76,0.732,158.8,1.0,0.0,0.0,0.0,0.0,0.0,0.0,0.0,0.0,0.0,0.0,0.0,1.0,,,,,,7.108158959337e-05,,,,,,7.0536171885201e-05,,,,,,1.676133114263e-13,,,,,,1.6627899891878e-13,,,,,,5.9080636710171996e-05,,,,,,5.8809496442091e-05,,,,,,1.3930199621803e-13,,,,,,1.3863578635139002e-13,1004.883,TRUE,19.234,13.63,,,,0.0,0.0,,2.0,66845.86
0.920105,1330,HD 90563,Classical,10 25 52.46,-58 47 07.13,9.86,B2Ve,,1,156.46885,-58.78509889,207800707010004.0,J102552.5-584706,156.46885,-58.785099,76.928,1.83725e-13,4.36804e-14,-0.077793,0.9755950000000001,0.104557,0.019541,0.0,0.0,0.0,1.0,xcatDBdet,xcatDB,IRAP,,,,,,,,,,,,,,,,,,,,,,,,,,,,,,,,,,,,,,,,,,,,,,,,,,,,,,,,,,,,,,,,,,,,,,,,,,,,,,,,,,
1.481113,1411,HD 305891,Classical,11 02 29.99,-60 48 55.86,10.37,B3Ve,,1,165.62537889,-60.81516,201525701010035.0,J110230.0-604854,165.625379,-60.81516,113.9,3.1737599999999996e-14,5.1112499999999996e-15,0.789462,0.410426,-0.537991,-0.802191,0.0,1.0,0.0,1.0,xcatDBdet,xcatDB,IRAP,,,,,,,,,,,,,,,,,,,,,,,,,,,,,,,,,,,,,,,,,,,,,,,,,,,,,,,,,,,,,,,,,,,,,,,,,,,,,,,,,,
0.265825,1509,V863 Cen,Classical,12 08 05.22,-50 39 40.57,4.448,B6IIIe,,30,182.02185111,-50.66130611,207423401010002.0,J120805.2-503940,182.021851,-50.661306,1428.5,1.0094e-13,5.8173900000000004e-15,0.5402779999999999,-0.419072,-0.7724409999999999,-0.9676969999999999,0.0,0.0,0.0,1.0,xcatDBdet,xcatDB,IRAP,,,,,,,,,,,,,,,,,,,,,,,,,,,,,,,,,,,,,,,,,,,,,,,,,,,,,,,,,,,,,,,,,,,,,,,,,,,,,,,,,,
0.255996,1510,del Cen,Classical,12 08 21.50,-50 43 20.74,2.5610000000000004,B2Vne,260.0,25,182.08967306,-50.722384999999996,207423401010003.0,J120821.5-504320,182.089673,-50.722384999999996,1090.44,9.904830000000001e-14,8.64047e-15,0.579654,-0.6369779999999999,-0.891797,-0.254758,0.0,0.0,0.0,1.0,xcatDBdet,xcatDB,IRAP,,,,,,,,,,,,,,,,,,,,,,,,,,,,,,,,,,,,,,,,,,,,,,,,,,,,,,,,,,,,,,,,,,,,,,,,,,,,,,,,,,
0.32005700000000004,1537,BZ Cru,Classical,12 42 50.27,-63 03 31.05,5.316,B0.5IVpe,400.0,81,190.70961889,-63.05857389,201094801010001.0,J124250.3-630330,190.709619,-63.058574,1122710.0,1.84274e-11,4.1107499999999997e-14,0.779334,0.586491,-0.045437,-0.221387,0.0,1.0,1.0,4.0,xcatDBdet,xcatDB,IRAP,,,,,,,,,,,,,,,,,,,,,,,,,,,,,,,,,,,,,,,,,,,,,,,,,,,,,,,,,,,,,,,,,,,,,,,,,,,,,,,,,,
0.073503,1563,CPD-63 2495,Classical,13 02 47.66,-63 50 08.67,10.08,B2e,,3,195.69860611,-63.83572389,200928201010001.0,J130247.6-635008,195.698606,-63.835724,1801780.0,6.5108e-12,2.01977e-14,0.80506,0.6448,-0.069618,-0.392271,0.0,0.0,1.0,16.0,xcatDBdet,xcatDB,IRAP,0.162598,195.6985128,-63.835708915,J130247.6-635008,195.6985128,-63.8357089,0.71,0.71,0.0,1.0,0.0,0.0,0.0,1.0,0.0,0.0,0.0,0.0,0.0,0.0,1.0,1.0,0.00030583404079191,9.5105005339362e-05,7.0735211422946e-05,6.118783039203001e-05,4.7051681203798e-05,,0.00029602244534352996,9.4021056378414e-05,6.8659360276469e-05,5.8918833276151e-05,4.0725978269821996e-05,,9.7777567331011e-13,7.082495422928199e-13,1.8446712607458999e-13,1.0016919680308e-13,1.0244067692003999e-13,,9.4320269493819e-13,6.995030319789201e-13,1.7934548184429997e-13,9.7986741766714e-14,1.0971580814575e-13,,0.00040175319310154,,8.4135950178815e-05,7.0261553629448e-05,6.5772423216143e-05,,0.0003907420061112,,8.210363751198299e-05,6.5861694495485e-05,5.55046949411e-05,,1.353619226233e-12,,2.2090337000598998e-13,1.1806281024507e-13,8.346349035404699e-14,,1.3144130100007e-12,,,1.1242935668863001e-13,2.8070094516878997e-14,,121384.3,TRUE,131.14600000000002,168.03,0.14866,0.21736,0.07121,0.0,5.0,195875.715,0.0,
0.59502,1591,HD 117357,Classical,13 31 15.49,-61 43 57.42,9.14,O9.5Ve,,0,202.81424306,-61.73253111,207203002010037.0,J133115.4-614357,202.814243,-61.73253100000001,16.2011,1.1030500000000001e-14,9.60198e-15,0.739566,-1.0,1.0,0.884712,0.0,0.0,0.0,1.0,xcatDBdet,xcatDB,IRAP,,,,,,,,,,,,,,,,,,,,,,,,,,,,,,,,,,,,,,,,,,,,,,,,,,,,,,,,,,,,,,,,,,,,,,,,,,,,,,,,,,
0.153719,1601,HD 119682,Classical,13 46 32.57,-62 55 24.13,7.9079999999999995,B0Ve,200.0,15,206.63562611,-62.923390000000005,200879402010001.0,J134632.5-625524,206.635626,-62.923390000000005,42484.4,1.57766e-12,1.83276e-14,0.737911,0.404723,-0.212558,-0.329525,0.0,1.0,1.0,2.0,xcatDBdet,xcatDB,IRAP,0.156836,206.635741587,-62.923328593,J134632.5-625523,206.6357416,-62.9233286,0.71,0.71,179.7,0.0,0.0,1.0,0.0,0.0,0.0,0.0,0.0,0.0,0.0,0.0,0.0,1.0,0.00029152509528087,0.00010012878185166,5.7458621487205006e-05,6.2943666850237e-05,1.2946504438007001e-05,,0.00028539990462817996,0.0001002207393012,5.7552455621404e-05,6.1053481641646e-05,1.302673961365e-05,,9.100855907728e-13,6.8928329384921e-13,1.3547567807651e-13,9.491742360722301e-14,1.8967987692244998e-14,,8.867749522787701e-13,6.8769711879946e-13,1.3549746018483999e-13,9.252196753072099e-14,2.036068220024e-14,,0.00029152509528087,0.00010012878185166,5.7458621487205006e-05,6.2943666850237e-05,1.2946504438007001e-05,,0.00028539990462817996,0.0001002207393012,5.7552455621404e-05,6.1053481641646e-05,1.302673961365e-05,,9.100855907728e-13,6.8928329384921e-13,1.3547567807651e-13,9.491742360722301e-14,1.8967987692244998e-14,,8.867749522787701e-13,6.8769711879946e-13,1.3549746018483999e-13,9.252196753072099e-14,2.036068220024e-14,,7744.267,TRUE,33.242,193.4,0.27108000000000004,0.22985999999999998,-0.04372,0.0,1.0,14925.382,0.0,
1.421188,1611,V767 Cen,Classical,13 53 57.24,-47 07 41.39,5.83,B2Ve,130.0,53,208.48794111,-47.12827,204021218010001.0,J135357.1-470741,208.48794099999998,-47.12827,47712.6,3.74693e-12,5.84637e-14,0.5655220000000001,0.220793,-0.22494899999999998,-0.457467,0.0,1.0,1.0,1.0,xcatDBdet,xcatDB,IRAP,,,,,,,,,,,,,,,,,,,,,,,,,,,,,,,,,,,,,,,,,,,,,,,,,,,,,,,,,,,,,,,,,,,,,,,,,,,,,,,,,,
0.884842,1709,48 Lib,Classical,15 58 11.37,-14 16 45.69,4.9430000000000005,B8IIe,390.0,344,239.54714306,-14.27925889,206754702010001.0,J155811.3-141645,239.547143,-14.279259,265462.0,1.75517e-13,2.68599e-15,-0.784253,-0.9529780000000001,-0.9838950000000001,0.783485,0.0,1.0,3.0,4.0,xcatDBdet,xcatDB,IRAP,,,,,,,,,,,,,,,,,,,,,,,,,,,,,,,,,,,,,,,,,,,,,,,,,,,,,,,,,,,,,,,,,,,,,,,,,,,,,,,,,,
0.020826,1812,V1075 Sco,Classical,17 15 19.25,-33 32 54.31,5.612,O8Ve,211.0,24,258.83020389,-33.548415000000006,205544401010002.0,J171519.2-333254,258.830204,-33.548415000000006,57776.4,6.02871e-13,5.48789e-15,0.569894,-0.719255,-0.951039,-0.923834,0.0,0.0,1.0,1.0,xcatDBdet,xcatDB,IRAP,,,,,,,,,,,,,,,,,,,,,,,,,,,,,,,,,,,,,,,,,,,,,,,,,,,,,,,,,,,,,,,,,,,,,,,,,,,,,,,,,,
0.633534,1827,gam Ara,Classical,17 25 23.66,-56 22 39.81,3.312,B1IIe,302.0,54,261.34889111,-56.37776889,202015501010001.0,J172523.7-562239,261.34889100000004,-56.377768999999994,41398.4,6.59326e-13,7.2067e-15,0.613503,-0.41348,-0.815782,-0.9147700000000001,0.0,0.0,0.0,1.0,xcatDBdet,xcatDB,IRAP,,,,,,,,,,,,,,,,,,,,,,,,,,,,,,,,,,,,,,,,,,,,,,,,,,,,,,,,,,,,,,,,,,,,,,,,,,,,,,,,,,
0.710596,1829,V750 Ara,Classical,17 27 54.81,-47 01 34.40,6.652,B2Vne,310.0,44,261.97816,-47.02609,205510201010002.0,J172754.7-470133,261.97816,-47.02609,32939.1,4.0038e-12,7.992430000000001e-14,0.706839,0.445018,-0.180608,-0.194018,0.0,1.0,0.0,1.0,xcatDBdet,xcatDB,IRAP,,,,,,,,,,,,,,,,,,,,,,,,,,,,,,,,,,,,,,,,,,,,,,,,,,,,,,,,,,,,,,,,,,,,,,,,,,,,,,,,,,
0.9470379999999999,1838,Cl* NGC 6383 FJL 24,Classical,17 34 47.94,-32 35 20.29,11.38,B9Ve,,0,263.70004806,-32.58889111,200017302010015.0,J173448.0-323520,263.700048,-32.588891,64.3219,1.67491e-14,3.45416e-15,0.7604270000000001,0.130359,-0.73235,-0.46647700000000003,0.0,0.0,0.0,1.0,xcatDBdet,xcatDB,IRAP,,,,,,,,,,,,,,,,,,,,,,,,,,,,,,,,,,,,,,,,,,,,,,,,,,,,,,,,,,,,,,,,,,,,,,,,,,,,,,,,,,
1.354375,1851,V3892 Sgr,Classical,17 44 45.78,-27 13 44.50,8.69,Oe,,0,266.19035389,-27.229159999999997,202012001010001.0,J174445.6-271344,266.190354,-27.229159999999997,26225.3,1.53885e-12,1.98996e-14,0.797074,0.500925,-0.140665,-0.409862,0.0,1.0,1.0,2.0,xcatDBdet,xcatDB,IRAP,0.085462,266.19072340900004,-27.229025655,J174445.7-271344,266.1907234,-27.229025699999998,0.725,0.721,112.2,0.0,0.0,0.0,1.0,0.0,0.0,0.0,0.0,0.0,0.0,0.0,0.0,1.0,0.00031110226763628,9.7266247684265e-05,6.917214153977901e-05,5.2951551585941e-05,0.0,,0.00031528272065887004,9.7921468025788e-05,7.0984199219082e-05,5.1609103702927e-05,0.0,,9.254505843668499e-13,6.966094127931e-13,1.7257746833104997e-13,7.0113304845422e-14,0.0,,9.096391603030302e-13,7.046240689188101e-13,1.7772980267998999e-13,6.826735962579299e-14,0.0,,0.00031110226763628,9.7266247684265e-05,6.917214153977901e-05,5.2951551585941e-05,0.0,,0.00031528272065887004,9.7921468025788e-05,7.0984199219082e-05,5.1609103702927e-05,0.0,,9.254505843668499e-13,6.966094127931e-13,1.7257746833104997e-13,7.0113304845422e-14,0.0,,9.096391603030302e-13,7.046240689188101e-13,1.7772980267998999e-13,6.826735962579299e-14,0.0,,973.8852,TRUE,10.982999999999999,81.3,0.17489000000000002,0.29231999999999997,0.12117,0.0,1.0,2153.885,0.0,
1.119052,1875,HD 316568,Classical,17 54 42.71,-29 43 47.61,9.57,B2IVpe,,0,268.67783806,-29.72959889,202065902010004.0,J175442.6-294346,268.677838,-29.729599,809.138,8.83682e-14,6.9618399999999995e-15,0.680983,0.40654,-0.28680500000000003,-0.219796,0.0,0.0,0.0,2.0,xcatDBdet,xcatDB,IRAP,0.263975,268.67792636,-29.729823800000002,J175442.7-294347,268.6779264,-29.729823800000002,1.0090000000000001,0.853,57.74,0.0,0.0,0.0,1.0,0.0,0.0,0.0,0.0,0.0,0.0,0.0,0.0,1.0,1.2399309778491e-05,3.4341088321288e-06,2.9996921163864e-06,2.1375539518375e-06,0.0,,1.2167974651368e-05,3.5975310971522994e-06,2.8658518345106003e-06,2.3504896162741e-06,0.0,,8.881350951348301e-15,6.3259191056695e-15,1.8717324190983e-15,8.9435644532215e-16,0.0,,7.9288017887068e-15,5.8316135248792004e-15,1.7107396141473999e-15,9.7610612633118e-16,0.0,,1.2869432922636e-05,3.6170644995492006e-06,2.7320438549426e-06,2.6788539722921e-06,0.0,,1.2392284310907e-05,3.8512879542882995e-06,2.5237688629291e-06,2.6190316480152e-06,0.0,,9.370281356261399e-15,6.7365458377723e-15,1.7124917352867999e-15,1.0941507175556e-15,0.0,,8.4386903255984e-15,6.494000074963101e-15,1.4524963617351998e-15,1.0317285886274e-15,0.0,,162.8002,TRUE,8.265,48.35,0.07995,0.23110999999999998,0.15116,0.0,2.0,97747.901,0.0,
0.697667,1891,Cl* NGC 6530 ZCW 175,Classical,18 04 11.17,-24 21 45.11,10.37,B3Ve,,0,271.04632999999995,-24.36255,200088201010462.0,J180411.1-242145,271.04632999999995,-24.36255,94.4576,8.80529e-15,1.31448e-15,0.80776,-0.10991600000000001,-0.881935,-0.423303,0.0,0.0,3.0,4.0,xcatDBdet,xcatDB,IRAP,0.255899,271.046466824,-24.362550669,J180411.1-242145,271.0464668,-24.3625507,0.727,0.721,155.6,0.0,0.0,0.0,1.0,0.0,0.0,0.0,0.0,0.0,0.0,0.0,1.0,1.0,6.818879181853701e-06,6.917321718431999e-07,1.3027379778699e-06,3.3537448894924e-06,1.4631305179473e-06,,7.198846616716901e-06,6.6550125127999e-07,1.3916384940978001e-06,3.5077078852204e-06,1.3127319188216003e-06,,1.3276322800209999e-14,5.0487762929673995e-15,3.1047238820845e-15,5.1021240383985006e-15,0.0,,1.3163273591091001e-14,4.628965965816e-15,3.3361671843287e-15,5.3078242607375e-15,0.0,,6.818879181853701e-06,6.917321718431999e-07,1.3027379778699e-06,3.3537448894924e-06,1.4631305179473e-06,,7.198846616716901e-06,6.6550125127999e-07,1.3916384940978001e-06,3.5077078852204e-06,1.3127319188216003e-06,,1.3276322800209999e-14,5.0487762929673995e-15,3.1047238820845e-15,5.1021240383985006e-15,0.0,,1.3163273591091001e-14,4.628965965816e-15,3.3361671843287e-15,5.3078242607375e-15,0.0,,676.8954,TRUE,13.875,77.76,-0.30606,-0.65709,-0.43848000000000004,0.0,4.0,232591.53699999998,0.0,
0.965533,1893,HD 164906,Classical,18 04 25.84,-24 23 08.35,7.45,B0Ve,255.0,49,271.1075,-24.38587389,200088201010325.0,J180425.7-242309,271.1075,-24.385873999999998,25.2633,1.94498e-14,4.1634799999999996e-15,0.936011,-0.239177,-0.4256,-0.904643,0.0,0.0,1.0,2.0,xcatDBdet,xcatDB,IRAP,0.322496,271.10771691400004,-24.385729788000003,J180425.8-242308,271.10771689999996,-24.3857298,0.8079999999999999,0.768,137.3,0.0,0.0,0.0,1.0,0.0,0.0,0.0,0.0,0.0,0.0,0.0,0.0,1.0,4.1249017014931e-06,0.0,5.3642901421313e-07,2.66731260361e-06,3.7382996873080003e-06,,4.1333319276842e-06,8.580270899843699e-08,5.315145002492899e-07,2.6604224268124e-06,4.237361534868e-06,,4.4003316200665995e-15,0.0,1.0243368266288e-15,3.2032422820948e-15,9.3934077099233e-16,,4.4155303597708e-15,0.0,1.0202862738703998e-15,3.0365109160654e-15,1.0041267879567e-15,,4.1249017014931e-06,0.0,5.3642901421313e-07,2.66731260361e-06,3.7382996873080003e-06,,4.1333319276842e-06,8.580270899843699e-08,5.315145002492899e-07,2.6604224268124e-06,4.237361534868e-06,,4.4003316200665995e-15,0.0,1.0243368266288e-15,3.2032422820948e-15,9.3934077099233e-16,,4.4155303597708e-15,0.0,1.0202862738703998e-15,3.0365109160654e-15,1.0041267879567e-15,,224.3987,TRUE,5.962000000000001,75.8,-0.9993799999999999,-0.9993799999999999,-0.67083,0.0,1.0,60186.937000000005,0.0,
0.22954699999999997,1896,Cl* NGC 6530 ZCW 228,Classical,18 04 32.93,-24 18 44.57,10.49,B2.5Vne,,0,271.13716306,-24.31233194,200088201010259.0,J180432.9-241844,271.137163,-24.312332,727.9639999999999,5.21636e-14,4.28726e-15,0.884458,0.196226,-0.526081,-0.727589,0.0,0.0,0.0,4.0,xcatDBdet,xcatDB,IRAP,0.351195,271.137108603,-24.312345107,J180432.9-241844,271.13710860000003,-24.3123451,0.723,0.7140000000000001,72.2,0.0,0.0,0.0,1.0,0.0,0.0,0.0,0.0,0.0,0.0,0.0,1.0,1.0,1.3763528552510999e-05,4.4656542637075997e-07,2.9491821129881e-06,6.5535078754528e-06,3.0888967340698997e-06,,1.4642271241028e-05,1.0490407314928e-06,3.0654793853534e-06,6.528947998825e-06,1.95372827258e-06,,4.9102715567282e-15,0.0,7.339234151832e-15,1.1011224599946002e-14,0.0,,1.0078200169896e-14,0.0,7.5903515095606e-15,1.0725888029614e-14,0.0,,1.559650882813e-05,1.6066592870463001e-06,3.260791358697e-06,6.723012429238e-06,9.222076137655599e-07,,1.6178300203013002e-05,1.7197129379553001e-06,3.3570372170975e-06,6.7242898798078e-06,7.4048371794169e-07,,2.8003669462457005e-14,1.0168175358456999e-14,8.2212686641489e-15,1.1118672553671002e-14,,,2.6348768645145e-14,1.0031478312549999e-14,8.380925818313299e-15,1.0978908837157e-14,0.0,,1357.275,TRUE,16.119,76.55,-0.69082,-0.85946,-0.37976,0.0,4.0,230805.28100000002,0.0,
1.45156,1900,HD 164947,Classical,18 04 41.69,-24 20 53.88,8.87,B2Vne,120.0,3,271.17339194,-24.34858194,200088201010688.0,J180441.6-242054,271.173392,-24.348582,11.4331,1.28082e-14,4.559e-15,0.7375189999999999,0.073369,-0.524472,-0.363056,0.0,0.0,0.0,3.0,xcatDBdet,xcatDB,IRAP,,,,,,,,,,,,,,,,,,,,,,,,,,,,,,,,,,,,,,,,,,,,,,,,,,,,,,,,,,,,,,,,,,,,,,,,,,,,,,,,,,
1.185461,1903,Cl* NGC 6530 ZCW 254,Classical,18 04 50.61,-24 25 42.08,11.97,B4Ve,,0,271.21122111,-24.42845111,200088201010339.0,J180450.6-242542,271.211221,-24.428451000000003,383.88199999999995,7.93996e-14,1.35555e-14,0.9824280000000001,0.620039,-0.298338,-0.439758,6.02307,0.0,0.0,4.0,xcatDBdet,xcatDB,IRAP,,,,,,,,,,,,,,,,,,,,,,,,,,,,,,,,,,,,,,,,,,,,,,,,,,,,,,,,,,,,,,,,,,,,,,,,,,,,,,,,,,
0.114962,1908,HD 165783,Classical,18 08 27.09,-19 52 07.96,8.33,B4IIe,,4,272.11290694,-19.86886694,201528330010023.0,J180827.0-195207,272.112907,-19.868867,13.3293,8.769240000000001e-15,3.55367e-15,0.767095,-0.758625,0.157437,-0.593464,0.0,0.0,0.0,2.0,xcatDBdet,xcatDB,IRAP,,,,,,,,,,,,,,,,,,,,,,,,,,,,,,,,,,,,,,,,,,,,,,,,,,,,,,,,,,,,,,,,,,,,,,,,,,,,,,,,,,
1.107811,1930,BD-13 4928,Classical,18 18 42.79,-13 46 50.41,10.044,O9.5Vne,,0,274.67834500000004,-13.78036611,206051301010163.0,J181842.8-134649,274.67834500000004,-13.780366,17.2589,4.9203800000000005e-15,3.84621e-15,0.8743479999999999,-1.0,,,0.0,0.0,0.0,1.0,xcatDBdet,xcatDB,IRAP,0.451888,274.678263085,-13.780791860999999,J181842.7-134650,274.6782631,-13.780791899999999,0.726,0.7190000000000001,141.5,0.0,0.0,0.0,1.0,0.0,0.0,0.0,0.0,0.0,0.0,0.0,0.0,1.0,1.3010241642872e-05,9.253254907325399e-07,2.2505029907122996e-06,6.7928516719472e-06,0.0,,1.2454745393821e-05,7.9007136239219e-07,2.1781614536099997e-06,6.5930644263766e-06,0.0,,5.5239342695407e-15,1.1549518900514e-15,1.3891043272995e-15,3.0758687568473e-15,0.0,,5.423693651842999e-15,1.0332717434706e-15,1.328987299418e-15,3.0532863268478998e-15,0.0,,1.3010241642872e-05,9.253254907325399e-07,2.2505029907122996e-06,6.7928516719472e-06,0.0,,1.2454745393821e-05,7.9007136239219e-07,2.1781614536099997e-06,6.5930644263766e-06,0.0,,5.5239342695407e-15,1.1549518900514e-15,1.3891043272995e-15,3.0758687568473e-15,0.0,,5.423693651842999e-15,1.0332717434706e-15,1.328987299418e-15,3.0532863268478998e-15,0.0,,318.0338,TRUE,7.2379999999999995,110.02,-0.41973999999999995,-0.76702,-0.50593,0.0,1.0,77122.818,0.0,
1.166649,2059,HD 190864,Classical,20 05 39.80,35 36 27.99,7.79,O7IIIe,100.0,175,301.41622111,35.6077,205562603010007.0,J200539.8+353627,301.416221,35.6077,3343.06,9.95703e-14,4.82079e-15,0.696448,-0.521602,-0.9393540000000001,-0.9279959999999999,0.0,0.0,0.0,1.0,xcatDBdet,xcatDB,IRAP,,,,,,,,,,,,,,,,,,,,,,,,,,,,,,,,,,,,,,,,,,,,,,,,,,,,,,,,,,,,,,,,,,,,,,,,,,,,,,,,,,
0.752128,2073,HD 228438,Classical,20 13 50.28,36 37 22.53,8.37,B0.5IIIe,,50,303.45925306,36.62285889,207206001010050.0,J201350.2+363722,303.459253,36.622859000000005,31.5325,5.71055e-15,3.0712700000000003e-15,0.9075709999999999,-0.358487,-0.879239,0.976427,0.0,0.0,0.0,1.0,xcatDBdet,xcatDB,IRAP,,,,,,,,,,,,,,,,,,,,,,,,,,,,,,,,,,,,,,,,,,,,,,,,,,,,,,,,,,,,,,,,,,,,,,,,,,,,,,,,,,
1.754682,2075,HD 228535,Classical,20 14 55.34,36 51 12.83,10.43,B2IVe,,4,303.73091111,36.85315306,207206001010125.0,J201455.4+365111,303.730911,36.853153000000006,9.49564,1.15175e-14,9.17389e-15,0.52118,0.5705859999999999,-0.272162,0.260531,0.0,0.0,0.0,1.0,xcatDBdet,xcatDB,IRAP,,,,,,,,,,,,,,,,,,,,,,,,,,,,,,,,,,,,,,,,,,,,,,,,,,,,,,,,,,,,,,,,,,,,,,,,,,,,,,,,,,
0.970073,2101,V2246 Cyg,Classical,20 32 15.19,37 38 15.00,19.7,B0Ve,,0,308.06363111,37.63751889,207452402010001.0,J203215.2+373815,308.063631,37.637519,3239720.0,2.60068e-10,4.72574e-13,0.2514,0.9189860000000001,0.672257,-0.13059,0.0,1.0,1.0,1.0,xcatDBdet,xcatDB,IRAP,,,,,,,,,,,,,,,,,,,,,,,,,,,,,,,,,,,,,,,,,,,,,,,,,,,,,,,,,,,,,,,,,,,,,,,,,,,,,,,,,,
1.080056,2106,W Del,Classical,20 37 40.09,18 17 03.78,9.81,A0Ve,30.0,2,309.41722194,18.28413694,207425006010010.0,J203740.1+181702,309.41722200000004,18.284137,80.2868,1.6479900000000002e-14,5.94437e-15,0.9202170000000001,-0.218651,-0.9440139999999999,0.12370899999999999,0.0,0.0,1.0,1.0,xcatDBdet,xcatDB,IRAP,,,,,,,,,,,,,,,,,,,,,,,,,,,,,,,,,,,,,,,,,,,,,,,,,,,,,,,,,,,,,,,,,,,,,,,,,,,,,,,,,,
0.585204,2123,HD 198931,Classical,20 52 09.72,44 26 04.61,8.81,B1Vnne,,24,313.04068389,44.43451806,206795802010021.0,J205209.7+442604,313.040684,44.434518,567.803,5.9777e-14,9.067390000000001e-15,0.786986,0.381571,-0.613689,-0.40365100000000004,0.0,0.0,0.0,1.0,xcatDBdet,xcatDB,IRAP,0.8945709999999999,313.040809024,44.434728161,J205209.7+442605,313.04080899999997,44.4347282,3.225,1.2790000000000001,171.3,1.0,0.0,0.0,0.0,0.0,0.0,0.0,0.0,0.0,0.0,0.0,0.0,1.0,1.7773114137206e-05,1.7832413627647999e-06,4.607738868016599e-06,7.4770978321534e-06,0.0,,2.0508630542472e-05,3.2955639345349996e-06,5.427375966911401e-06,7.0958766927255005e-06,0.0,,1.1968032561297e-14,0.0,1.1695204569833e-14,1.1642301747508001e-14,,,5.457614789747099e-14,2.1052523030069e-14,1.3690385495686999e-14,1.0206513319376e-14,,,3.8615504627856e-05,6.919588653372e-06,1.0298948841639999e-05,1.2814879019764e-05,0.0,,3.8778436176098996e-05,7.5897119248429e-06,1.0511029422245e-05,1.2027336302669e-05,0.0,,8.1857988138699e-14,3.4811276124378e-14,2.5550677126212996e-14,2.0124290686994998e-14,0.0,,8.2004544185329e-14,2.9824223173018e-14,2.6141386187233996e-14,1.8361111866655e-14,0.0,,562.8016,TRUE,15.511,115.7,-0.33979000000000004,-0.56465,-0.24485,0.0,2.0,43558.047999999995,0.0,
0.595755,2152,ALFIRK,Classical,21 28 39.60,70 33 38.57,3.216,B2IIIev,20.0,8073,322.16475,70.56085694,203004902010001.0,J212839.5+703339,322.16475,70.560857,142989.0,1.17748e-12,3.85978e-15,0.43673199999999995,-0.6884140000000001,-0.916904,-0.9763780000000001,0.0,0.0,1.0,4.0,xcatDBdet,xcatDB,IRAP,,,,,,,,,,,,,,,,,,,,,,,,,,,,,,,,,,,,,,,,,,,,,,,,,,,,,,,,,,,,,,,,,,,,,,,,,,,,,,,,,,
0.309838,2185,BD+53 2790,Classical,22 07 56.24,54 31 06.40,9.93,O9.5IIIe,,32,331.98418889,54.518425,206506401010001.0,J220756.2+543106,331.984189,54.518425,11893600.0,2.66929e-10,2.59702e-13,0.69643,0.6953199999999999,0.26112399999999997,-0.174095,0.0,1.0,3.0,1.0,xcatDBdet,xcatDB,IRAP,,,,,,,,,,,,,,,,,,,,,,,,,,,,,,,,,,,,,,,,,,,,,,,,,,,,,,,,,,,,,,,,,,,,,,,,,,,,,,,,,,
0.097961,2198,pi Aqr,Classical,22 25 16.62,01 22 38.63,4.794,B1Ve,230.0,4125,336.31927694,1.37740111,207203907010001.0,J222516.6+012238,336.319277,1.377401,731756.0,1.19652e-11,4.72094e-14,0.710172,0.47598900000000005,-0.111483,-0.393044,0.0,1.0,1.0,1.0,xcatDBdet,xcatDB,IRAP,,,,,,,,,,,,,,,,,,,,,,,,,,,,,,,,,,,,,,,,,,,,,,,,,,,,,,,,,,,,,,,,,,,,,,,,,,,,,,,,,,
1.856739,2225,BD+61 2355,Classical,22 52 29.19,62 41 09.81,9.63,B7IVe,,1,343.12074111,62.68637694,207439803010045.0,J225228.9+624110,343.120741,62.686377,64.0161,3.53992e-14,2.38373e-14,0.97806,0.18213,-0.8052020000000001,-0.023129,0.0,0.0,0.0,1.0,xcatDBdet,xcatDB,IRAP,,,,,,,,,,,,,,,,,,,,,,,,,,,,,,,,,,,,,,,,,,,,,,,,,,,,,,,,,,,,,,,,,,,,,,,,,,,,,,,,,,
,67,2E 0050.1-7247,Classical,00 51 53.17,-72 31 48.50,14.87,Be,,0,,,,,,,,,,,,,,,,,,,,,0.48390600000000006,12.971246288,-72.53023991,J005153.0-723148,12.9712463,-72.53023990000001,0.966,0.7909999999999999,164.1,0.0,0.0,0.0,1.0,0.0,0.0,0.0,0.0,0.0,0.0,0.0,1.0,1.0,9.825284839137899e-06,3.8694827666834e-06,1.7845592555715e-06,1.7151014784427e-06,2.3295191828667002e-05,,1.0083743007874e-05,4.0185850813461e-06,1.8291167436197e-06,1.5251288740476002e-06,0.0,,2.8974960592146e-14,2.3013655119467004e-14,4.269410913962399e-15,2.1731608378625998e-15,0.0,,3.0157463398596e-14,2.4186192154931e-14,4.3570844531959e-15,1.7909775577101e-15,0.0,,1.3955065944075e-05,5.9193761118803e-06,2.3416501004101e-06,2.115573098714e-06,2.363005155646e-05,0.0002307646194245,1.4171019684528e-05,5.9324244309980005e-06,2.4368478109887997e-06,1.9710161877107e-06,1.8827477204678e-05,0.0002307646194245,4.4544135206796e-14,3.7092355701641997e-14,5.683414807319899e-15,3.1839133431434998e-15,,5.3946158152008e-13,4.489550935294999e-14,3.7625876928239997e-14,5.888977493350099e-15,2.7642628672856e-15,,5.3946158152008e-13,420.8789,TRUE,11.609000000000002,6.83,0.37101999999999996,0.37726,0.0,0.0,3.0,104402.094,1.0,1151.8519999999999
,71,2E 0050.4-7335,Classical,00 52 13.99,-73 19 18.84,14.67,Be,,0,,,,,,,,,,,,,,,,,,,,,0.257813,13.05853852,-73.321910468,J005214.0-731918,13.0585385,-73.3219105,1.58,0.9570000000000001,39.08,1.0,1.0,0.0,1.0,0.0,0.0,0.0,0.0,1.0,0.0,0.0,1.0,2.0,1.0110161960899e-06,3.1353855698894e-07,1.7609607055464e-07,3.8605121948248e-07,0.0,,9.614442504274599e-07,2.6468646278964e-07,1.6012534819305e-07,3.5201055847757e-07,0.0,,7.582223629094e-16,0.0,4.4861724484991e-16,6.304375661221801e-16,0.0,,1.9485573389063e-15,0.0,4.0746465470004e-16,5.7284934263909e-16,,,1.6281300914549e-06,4.2818244781037e-07,3.0580703568064e-07,4.5701439570073e-07,0.0,,1.5429567168754e-06,3.4926589292933996e-07,2.7957063336195997e-07,3.6738353454814e-07,,,2.6616807652649e-15,0.0,7.9836811205675e-16,7.1412302133943e-16,,,3.4259735987277998e-15,0.0,7.2712227823849e-16,5.935152345442399e-16,,,50.13374,TRUE,5.625,4.74,0.34978000000000004,-0.08868999999999999,-0.41849,0.0,5.0,128660.19699999999,0.0,
,228,RX J0057.4-7325,Classical,00 57 27.00,-73 25 19.55,15.67,Be,,0,,,,,,,,,,,,,,,,,,,,,0.487146,14.362974102,-73.422093612,J005727.1-732519,14.3629741,-73.4220936,0.7709999999999999,0.722,6.925,1.0,0.0,0.0,1.0,0.0,0.0,0.0,0.0,0.0,0.0,0.0,0.0,1.0,0.00018317113059119,7.8529656014932e-05,2.7511458137944e-05,2.5046910490895e-05,0.0,,0.00018387438949371999,7.7353938781482e-05,2.8184510523721998e-05,2.3525730968668e-05,0.0,,8.2139828225397e-13,7.092005504689e-13,7.5932139874396e-14,4.8511352327064006e-14,0.0,,8.2840379070579e-13,7.0087356777203e-13,7.680259549522299e-14,4.6225782117583e-14,0.0,,0.00018317113059119,7.8529656014932e-05,2.7511458137944e-05,2.5046910490895e-05,0.0,,0.00018387438949371999,7.7353938781482e-05,2.8184510523721998e-05,2.3525730968668e-05,0.0,,8.2139828225397e-13,7.092005504689e-13,7.5932139874396e-14,4.8511352327064006e-14,0.0,,8.2840379070579e-13,7.0087356777203e-13,7.680259549522299e-14,4.6225782117583e-14,0.0,,2455.764,TRUE,18.311,4.72,0.4822,0.51343,0.03998,0.0,1.0,9636.413,0.0,
,271,RX J0105.5-7221,Classical,01 04 35.52,-72 21 47.81,15.15,Be,,0,,,,,,,,,,,,,,,,,,,,,0.353052,16.147830012,-72.36336401300001,J010435.4-722148,16.14783,-72.363364,0.9059999999999999,0.763,14.88,0.0,0.0,0.0,0.0,0.0,0.0,0.0,0.0,0.0,0.0,0.0,0.0,1.0,0.0,0.0,0.0,0.0,0.0,,0.0,0.0,0.0,0.0,0.0,,0.0,0.0,0.0,0.0,,,0.0,0.0,0.0,0.0,,,2.8281329852547e-06,1.5413314631726002e-06,4.4366264939197997e-07,3.2511602528583e-07,,,2.7528584683097e-06,1.4237098528062e-06,4.1951027619174e-07,3.709425623529e-07,,,,,,,,,,,,,,,102.7641,TRUE,5.412000000000001,5.69,,,,0.0,9.0,206419.74,0.0,
,512,BD+56 511,Classical,02 18 47.92,57 04 02.09,9.11,B3IIIe,,1,,,,,,,,,,,,,,,,,,,,,0.582222,34.699963926,57.06724094,J021847.9+570402,34.6999639,57.0672409,1.2670000000000001,0.8590000000000001,71.36,0.0,0.0,0.0,0.0,0.0,0.0,0.0,0.0,0.0,0.0,0.0,0.0,1.0,2.3871709900178e-07,0.0,6.5361437717221e-08,9.0647550753218e-08,0.0,,2.5029630445406e-07,0.0,6.224291417096599e-08,1.2801462125808e-07,0.0,,3.4661201855453995e-16,0.0,1.4996799585351002e-16,7.1610258627535e-17,,,5.1984409411635e-16,0.0,1.3681549169806e-16,1.3200613519283003e-16,,,2.4755226860865e-07,0.0,5.6976722354561995e-08,1.3960237784080998e-07,0.0,,2.5145604055166e-07,0.0,5.565519293032e-08,1.4356608611489e-07,0.0,,0.0,0.0,1.1927176368158997e-16,1.4260744224946e-16,,,3.0767338150443e-16,0.0,1.176919942537e-16,1.620100776866e-16,,,33.736059999999995,TRUE,2.818,40.75,-0.12742,-0.8157399999999999,-0.29231999999999997,0.0,4.0,230933.366,0.0,
,514,Cl* NGC 869 W 284,Classical,02 18 56.82,57 07 43.21,12.052999999999999,B3e,,0,,,,,,,,,,,,,,,,,,,,,0.6041850000000001,34.736725944,57.12850212399999,J021856.8+570742,34.736725899999996,57.128502100000006,0.86,0.812,37.98,0.0,0.0,0.0,0.0,0.0,0.0,0.0,0.0,0.0,0.0,0.0,0.0,1.0,0.0,2.4758314979723e-07,0.0,0.0,0.0,,0.0,2.6075733850421e-07,0.0,0.0,0.0,,0.0,0.0,,,,,0.0,0.0,,,,,3.8158698489903e-07,9.2435375070307e-08,8.146574051370401e-08,1.0050164741094e-07,0.0,,3.3117690182161e-07,1.0585184153461e-07,8.1717668564044e-08,1.183595269987e-07,0.0,,4.1716607080983997e-16,2.4701621934111e-16,1.54339421558e-16,1.3226686354365e-16,,,3.8633362661698997e-16,2.8351616841379e-16,1.6735329046225e-16,1.4918216750262e-16,,,14.730670000000002,MARGINAL,2.421,41.38,0.9993799999999999,0.9993799999999999,-0.9993799999999999,0.0,4.0,230923.885,0.0,
,516,Cl* NGC 869 LAV 1039,Classical,02 19 08.56,57 03 49.10,12.37,B3e,,0,,,,,,,,,,,,,,,,,,,,,0.930106,34.786067555,57.063500173,J021908.6+570348,34.7860676,57.0635002,0.965,0.863,95.76,0.0,1.0,0.0,0.0,0.0,0.0,0.0,0.0,0.0,0.0,0.0,0.0,2.0,4.1110899826857e-07,0.0,1.0904215808132e-07,2.0503334365049e-07,0.0,,4.2257754967863e-07,0.0,9.450111486297699e-08,2.0642017299151001e-07,0.0,,4.476024754808799e-16,0.0,2.7762715266026e-16,3.459854976208e-16,,,4.874079421122799e-16,0.0,2.3296439904274997e-16,3.0878853609386e-16,,,4.3095491177490995e-07,0.0,9.9997410205086e-08,2.0974243719268999e-07,0.0,,4.6325701080904997e-07,,9.388047668134e-08,,0.0,,4.5038929145093e-16,0.0,2.3205632742758e-16,3.3162802636013996e-16,,,5.2708863821722e-16,,2.1076483740334e-16,3.1542693000824e-16,,,35.25333,TRUE,3.636,40.88,-0.90194,-0.9993799999999999,-0.36227,0.0,5.0,240768.74800000002,0.0,
,520,HD 14162,Classical,02 19 27.45,57 08 18.16,9.37,Be,,1,,,,,,,,,,,,,,,,,,,,,0.564247,34.86449109,57.138234258000004,J021927.4+570817,34.8644911,57.1382343,0.946,0.888,31.8,0.0,0.0,0.0,0.0,0.0,0.0,0.0,0.0,0.0,0.0,0.0,1.0,1.0,4.4167265681323994e-07,4.1016260949461e-08,9.5080680835631e-08,2.2372295096967e-07,0.0,,4.1650819013534e-07,3.0726418437591e-08,9.8893650389634e-08,2.5380000310559004e-07,1.3886091354709e-06,,5.2839849472476e-16,0.0,2.2450167368766e-16,2.5684716145528e-16,0.0,,4.4955740145032e-16,0.0,2.3825779477548e-16,3.2385815011935e-16,0.0,,4.8352701750921e-07,6.544284703395199e-08,9.443877996331401e-08,2.3516486718555003e-07,0.0,,4.7479367540664995e-07,5.5110865447905996e-08,9.445297121448901e-08,2.6361571907616e-07,0.0,,5.5627599219332e-16,2.3152941727829e-16,2.0836952645708e-16,2.7970101506398e-16,0.0,,5.440432321916401e-16,0.0,2.1647590238018e-16,3.3623273138718e-16,0.0,,48.359320000000004,TRUE,4.294,41.72,-0.27858,-0.67208,-0.43223,0.0,4.0,230936.407,0.0,
,695,MEROPE,Classical,03 46 19.57,23 56 54.08,4.164,B6IVe,240.0,744,,,,,,,,,,,,,,,,,,,,,0.609736,56.581696611000005,23.948262634000002,J034619.6+235653,56.5816966,23.948262600000003,1.136,0.845,12.65,1.0,0.0,0.0,0.0,0.0,0.0,0.0,0.0,0.0,0.0,0.0,0.0,1.0,0.00013357409979293002,8.941581216874901e-07,1.0755672614682e-05,0.00010259265492152,5.8324796677573e-05,,0.0001314153941376,8.561167842917599e-07,1.0364047777853e-05,9.9058823557515e-05,4.9785126937298e-05,,2.0433339370092002e-13,0.0,2.2362840281645e-14,1.7991207542327e-13,0.0,,2.0745066701639998e-13,3.0923374287721e-15,2.2265029200054e-14,1.8156502139327e-13,0.0,,0.00013357409979293002,8.941581216874901e-07,1.0755672614682e-05,0.00010259265492152,5.8324796677573e-05,,0.0001314153941376,8.561167842917599e-07,1.0364047777853e-05,9.9058823557515e-05,4.9785126937298e-05,,2.0433339370092002e-13,0.0,2.2362840281645e-14,1.7991207542327e-13,0.0,,2.0745066701639998e-13,3.0923374287721e-15,2.2265029200054e-14,1.8156502139327e-13,0.0,,2101.808,TRUE,20.383,10.83,-0.84072,-0.98314,-0.81199,0.0,1.0,21215.64,0.0,
,856,V1230 Ori,Classical,05 35 20.71,-05 21 44.39,9.736,B8IVve,,2,,,,,,,,,,,,,,,,,,,,,0.36580300000000004,83.83638647800001,-5.362292948,J053520.7-052144,83.8363865,-5.362292900000001,0.711,0.711,126.8,1.0,1.0,0.0,1.0,0.0,0.0,0.0,0.0,0.0,0.0,0.0,1.0,2.0,0.00035832036233773,8.3495332014915e-05,8.464400490228299e-05,7.8770926548205e-05,,,0.00033783694067945,8.5161917921367e-05,7.944984850857901e-05,6.8038389976809e-05,,,8.8108569144252e-13,5.5042316172649e-13,2.1958500437641e-13,1.1639846351660998e-13,,,8.490841388274e-13,5.616903889101701e-13,2.0659668767707e-13,1.0025889329966001e-13,,,0.00027703636919015,6.0448773042711e-05,6.628012366090501e-05,6.5930748330512e-05,1.6747725843696e-05,0.00013397975411822,0.0002622040122696,6.1596913038072e-05,6.2859217734962e-05,5.7214081911685996e-05,1.5091585902894e-05,0.00012759676719075,,,,,,3.2400712748768e-13,,,,,,3.0853814847821003e-13,353257.3,TRUE,220.895,19.45,-0.0075,0.028730000000000002,0.034980000000000004,0.0,11.0,955899.584,1.0,62762.157999999996
,985,Cl* NGC 2244 PS 26,Classical,06 31 29.75,04 54 49.45,11.41,B7Ve,,0,,,,,,,,,,,,,,,,,,,,,0.7795350000000001,97.873770138,4.913627802,J063129.7+045449,97.87377009999999,4.9136277999999995,1.324,0.9590000000000001,37.95,0.0,1.0,0.0,1.0,0.0,0.0,0.0,0.0,0.0,0.0,0.0,1.0,2.0,1.8869531819577999e-06,3.6546238728966e-07,3.1617844410801e-07,8.0097727655686e-07,0.0,,1.9977737998068003e-06,3.258121465929e-07,3.3633429806514003e-07,9.070197074209999e-07,0.0,,4.326280521583e-15,2.0800238499891e-15,7.3909284947018e-16,1.4575283692502999e-15,0.0,,3.9968058361364e-15,1.4189603338601e-15,7.6315957910638e-16,1.7004122055432e-15,,,1.8869531819577999e-06,3.6546238728966e-07,3.1617844410801e-07,8.0097727655686e-07,0.0,,1.9977737998068003e-06,3.258121465929e-07,3.3633429806514003e-07,9.070197074209999e-07,0.0,,4.326280521583e-15,2.0800238499891e-15,7.3909284947018e-16,1.4575283692502999e-15,0.0,,3.9968058361364e-15,1.4189603338601e-15,7.6315957910638e-16,1.7004122055432e-15,,,68.87899999999999,TRUE,5.091,72.77,0.10119,-0.37101999999999996,-0.44597,0.0,2.0,94705.362,0.0,
,987,Cl* NGC 2244 JOHN 33,Classical,06 32 15.48,04 55 20.21,12.005999999999998,B6Vne,,0,,,,,,,,,,,,,,,,,,,,,0.622696,98.064556095,4.922444249,J063215.4+045520,98.0645561,4.9224442,0.863,0.785,139.6,0.0,0.0,0.0,1.0,0.0,0.0,0.0,0.0,0.0,0.0,0.0,1.0,1.0,4.2015108764957e-06,8.2833821492072e-07,8.6594492271369e-07,1.2914758596046e-06,0.0,,4.247922613989e-06,8.046498626796099e-07,9.1905789000719e-07,1.327155112988e-06,0.0,,6.7438660967788e-15,3.7943451005725e-15,1.5842343514964002e-15,1.3185793271516e-15,,,6.7786824529751994e-15,3.8559488390288e-15,1.6691579377104003e-15,1.2539486521087002e-15,,,4.2015108764957e-06,8.2833821492072e-07,8.6594492271369e-07,1.2914758596046e-06,0.0,,4.247922613989e-06,8.046498626796099e-07,9.1905789000719e-07,1.327155112988e-06,0.0,,6.7438660967788e-15,3.7943451005725e-15,1.5842343514964002e-15,1.3185793271516e-15,,,6.7786824529751994e-15,3.8559488390288e-15,1.6691579377104003e-15,1.2539486521087002e-15,,,153.2247,TRUE,6.098,72.67,-0.01374,-0.23235,-0.21611,0.0,2.0,94705.362,0.0,
,1373,HD 303296,Classical,10 42 25.04,-59 09 24.49,9.5,B1Ve,,0,,,,,,,,,,,,,,,,,,,,,0.5866439999999999,160.604073174,-59.15670916,J104224.9-590924,160.6040732,-59.15670920000001,2.592,1.761,113.2,0.0,0.0,0.0,0.0,0.0,0.0,0.0,0.0,0.0,0.0,0.0,0.0,1.0,1.0505579437332e-06,0.0,1.9736255094451e-07,8.741530083806999e-07,0.0,,1.1323598636771003e-06,0.0,1.9364260074783e-07,9.351716807224899e-07,6.3765901021819e-06,,1.6175123716366e-15,0.0,5.2400636711132e-16,2.0977268070969e-15,0.0,,2.3694444709131e-15,0.0,5.1942131838862e-16,2.3776456560896002e-15,0.0,,1.0505579437332e-06,0.0,1.9736255094451e-07,8.741530083806999e-07,0.0,,1.1323598636771003e-06,0.0,1.9364260074783e-07,9.351716807224899e-07,6.3765901021819e-06,,1.6175123716366e-15,0.0,5.2400636711132e-16,2.0977268070969e-15,0.0,,2.3694444709131e-15,0.0,5.1942131838862e-16,2.3776456560896002e-15,0.0,,20.53054,TRUE,2.7430000000000003,132.56,-0.9993799999999999,-0.9993799999999999,-0.65709,0.0,2.0,58595.71,0.0,
,1375,HD 93190,Classical,10 44 19.62,-59 16 58.82,8.65,O9.5e,,0,,,,,,,,,,,,,,,,,,,,,0.280949,161.081806831,-59.282933113999995,J104419.6-591658,161.0818068,-59.2829331,0.882,0.787,140.2,0.0,0.0,0.0,1.0,0.0,0.0,0.0,0.0,0.0,0.0,0.0,0.0,1.0,9.017525562878599e-06,1.5656371023276002e-06,1.9000267970215e-06,3.6071414552608e-06,0.0,,8.6732024720479e-06,1.6586778065088998e-06,1.7764671167757e-06,3.6097382441818e-06,7.5982789643513e-06,,1.8635017845002e-14,1.0201907300427e-14,4.1112453453187e-15,4.5277028479354004e-15,0.0,,1.9429000763658e-14,1.1777626216812e-14,3.9644881952294995e-15,4.751650269089001e-15,0.0,,9.017525562878599e-06,1.5656371023276002e-06,1.9000267970215e-06,3.6071414552608e-06,0.0,,8.6732024720479e-06,1.6586778065088998e-06,1.7764671167757e-06,3.6097382441818e-06,7.5982789643513e-06,,1.8635017845002e-14,1.0201907300427e-14,4.1112453453187e-15,4.5277028479354004e-15,0.0,,1.9429000763658e-14,1.1777626216812e-14,3.9644881952294995e-15,4.751650269089001e-15,0.0,,287.0784,TRUE,9.038,132.55,-0.09119,-0.396,-0.3148,0.0,1.0,55327.337,0.0,
,1389,HD 93843,Classical,10 48 37.78,-60 13 25.47,7.33,O6IIIe,,47,,,,,,,,,,,,,,,,,,,,,0.220185,162.15733675200002,-60.223788205,J104837.7-601325,162.1573368,-60.2237882,0.7120000000000001,0.711,172.8,0.0,0.0,0.0,0.0,0.0,0.0,0.0,0.0,0.0,0.0,0.0,0.0,1.0,6.9071737403374e-05,2.0144877613761003e-06,9.002392677353e-06,5.1740747565409996e-05,6.637390142299699e-05,,6.860654761733901e-05,1.9259031907718003e-06,8.907089014816198e-06,5.2405608770634005e-05,6.18020562022e-05,,1.1590498018544002e-13,8.5679622862245e-15,1.7838096192933e-14,8.843500050708501e-14,6.7106967085344e-14,,1.1369395913471e-13,8.284744497411801e-15,1.7546138032823e-14,8.861352799503e-14,6.9754546164213e-14,,7.1889981256152e-05,1.9393413796478e-06,9.4842095649004e-06,5.3421704949245004e-05,5.176134167889e-05,,7.1732269402882e-05,1.8811267123944e-06,9.4418857631584e-06,5.3336256994629996e-05,5.0523811659901e-05,,1.2426448685535002e-13,8.59176808989e-15,1.9547109797819998e-14,9.5104113446995e-14,2.6431122307435005e-14,,1.2362046270941e-13,8.426875884423999e-15,1.9403164651206002e-14,9.4919292806519e-14,2.6274910058267e-14,,5050.795999999999,TRUE,26.63,149.49,-0.6346,-0.9256700000000001,-0.70581,0.0,2.0,55388.676,0.0,
,1448,2E 1118.7-6138,Classical,11 20 57.22,-61 55 00.29,12.12,O9.5IVe,,0,,,,,,,,,,,,,,,,,,,,,0.437436,170.238178188,-61.916700733,J112057.1-615500,170.2381782,-61.9167007,0.715,0.7120000000000001,37.8,0.0,0.0,0.0,1.0,0.0,0.0,0.0,0.0,0.0,0.0,0.0,0.0,1.0,0.00063663325182918,0.00035891843109547996,0.00011791652316625,2.9301390992475e-05,3.2918813725802e-06,,0.00064678397267762,0.00036604119200199997,0.00012050070104758999,3.0462640449351e-05,4.0371086823796e-06,,2.9229327150992e-12,2.6052274580997998e-12,3.0738743396539005e-13,4.563869822938599e-14,8.3832733485772e-16,,2.9290221680404e-12,2.646872240006e-12,3.1467988662528004e-13,4.7467503364348e-14,1.3119788926306001e-15,,0.00063663325182918,0.00035891843109547996,0.00011791652316625,2.9301390992475e-05,3.2918813725802e-06,,0.00064678397267762,0.00036604119200199997,0.00012050070104758999,3.0462640449351e-05,4.0371086823796e-06,,2.9229327150992e-12,2.6052274580997998e-12,3.0738743396539005e-13,4.563869822938599e-14,8.3832733485772e-16,,2.9290221680404e-12,2.646872240006e-12,3.1467988662528004e-13,4.7467503364348e-14,1.3119788926306001e-15,,20847.94,TRUE,53.325,140.82,0.50593,0.8494700000000001,0.60087,0.0,1.0,17396.918,0.0,
,1451,HD 99146,Classical,11 23 52.97,-59 18 17.32,8.18,B3Ve,,0,,,,,,,,,,,,,,,,,,,,,0.1063,170.97075893,-59.304825422,J112352.9-591817,170.97075890000002,-59.3048254,0.7490000000000001,0.7490000000000001,0.0,1.0,1.0,0.0,0.0,0.0,0.0,0.0,0.0,1.0,0.0,0.0,1.0,2.0,1.3449573187511001e-06,0.0,0.0,1.5377316198802e-06,3.8861283057357e-06,,8.643060783928301e-07,0.0,0.0,9.5648143470567e-07,0.0,,3.5303374120742e-15,0.0,0.0,3.5490092669201006e-15,,,3.4396529843048002e-15,8.5188073718452e-16,0.0,2.5534385846801e-15,,,1.594731572438e-06,0.0,0.0,1.6342335109652999e-06,5.2594116002107e-06,,1.0125824857357e-06,0.0,2.0571547706456e-08,1.0185986452718e-06,4.0414357295751e-06,,4.1902665575243e-15,5.6283824016379e-16,7.1508104370482e-17,3.6040294307062e-15,,,3.4176342750928997e-15,1.0697280279134e-15,0.0,2.4425108468784997e-15,,,317.0207,TRUE,6.684,61.8,-0.01124,-0.9993799999999999,-0.9993799999999999,0.0,6.0,506439.24600000004,0.0,
,1456,HD 100199,Classical,11 31 06.91,-62 56 48.94,8.17,B0.5IIIne,,0,,,,,,,,,,,,,,,,,,,,,0.235145,172.77893499799998,-62.946931875,J113106.9-625648,172.77893500000002,-62.9469319,0.713,0.713,45.51,1.0,0.0,1.0,1.0,1.0,0.0,0.0,0.0,0.0,0.0,0.0,0.0,1.0,0.00045617922259801,0.00025838435695514,5.0657824702482e-05,9.3070305264603e-06,0.0,,0.00037313183417991,0.00023426051233589,3.7697547380627e-05,9.119989097539699e-06,0.0,,2.660139160646e-12,2.5638112912406e-12,1.3853484135923e-13,1.2921820840846999e-14,0.0,,2.3175542243703e-12,2.408913178992e-12,1.0481107645516001e-13,1.3334424186443001e-14,0.0,,0.00045617922259801,0.00025838435695514,5.0657824702482e-05,9.3070305264603e-06,0.0,,0.00037313183417991,0.00023426051233589,3.7697547380627e-05,9.119989097539699e-06,0.0,,2.660139160646e-12,2.5638112912406e-12,1.3853484135923e-13,1.2921820840846999e-14,0.0,,2.3175542243703e-12,2.408913178992e-12,1.0481107645516001e-13,1.3334424186443001e-14,0.0,,1681.96,TRUE,20.855,163.48,0.67208,0.9306700000000001,0.68582,0.0,1.0,5058.327,0.0,
,1456,HD 100199,Classical,11 31 06.91,-62 56 48.94,8.17,B0.5IIIne,,0,,,,,,,,,,,,,,,,,,,,,0.847118,172.77914529,-62.946756012,J113106.9-625648X,172.7791453,-62.94675600000001,2.002,2.002,0.0,1.0,,,,1.0,,0.0,0.0,0.0,0.0,0.0,,1.0,,,,,,,,,,,,,,,,,,,,,,,,,0.00021846097565344,9.960525555769e-05,2.6417560285842e-05,2.9307761585456e-05,,,,,,,,,1.015483619269e-12,8.888946781044401e-13,7.1901415532802e-14,5.9231811539126e-14,,,,,,,,,515.9024,TRUE,13.58,163.48,,,,0.0,1.0,5058.327,0.0,
,1492,V801 Cen,Classical,11 48 00.02,-62 12 24.89,8.94,B1Vne,,4,,,,,,,,,,,,,,,,,,,,,0.18540399999999999,177.000126115,-62.206866408,J114800.0-621224,177.0001261,-62.206866399999996,0.711,0.71,167.6,1.0,0.0,1.0,1.0,0.0,0.0,0.0,0.0,0.0,0.0,0.0,0.0,1.0,0.0019276563495208,0.0009169453340114301,0.00033501535761243,0.00025316356948865,9.502209017802199e-05,,0.0018517273402120001,0.0009091991530105801,0.00031964159097783997,0.00024322341150402997,9.176173550466801e-05,,8.4882884778473e-12,7.322927718878401e-12,8.5656490833604e-13,4.1202405205558e-13,5.7326615417321e-14,,8.1722519264509e-12,7.275642533724599e-12,8.173992773519699e-13,3.9579371871363e-13,5.5499979660797997e-14,,0.0019276563495208,0.0009169453340114301,0.00033501535761243,0.00025316356948865,9.502209017802199e-05,,0.0018517273402120001,0.0009091991530105801,0.00031964159097783997,0.00024322341150402997,9.176173550466801e-05,,8.4882884778473e-12,7.322927718878401e-12,8.5656490833604e-13,4.1202405205558e-13,5.7326615417321e-14,,8.1722519264509e-12,7.275642533724599e-12,8.173992773519699e-13,3.9579371871363e-13,5.5499979660797997e-14,,78427.56,TRUE,107.43700000000001,152.11,0.46471,0.56715,0.13865999999999998,0.0,1.0,22671.56,0.0,
,1608,HD 120526,Classical,13 52 17.33,-66 24 15.81,8.8,B9IIIne,,0,,,,,,,,,,,,,,,,,,,,,0.221363,208.072095613,-66.40434989100001,J135217.3-662415,208.0720956,-66.4043499,0.846,0.8109999999999999,105.1,0.0,0.0,0.0,0.0,0.0,0.0,0.0,0.0,0.0,0.0,0.0,0.0,1.0,6.6642868338934e-07,0.0,1.488268664565e-07,3.4118210735282e-07,0.0,,7.2714740260931e-07,0.0,1.5632549839093e-07,3.7208029437522997e-07,0.0,,7.6067441353321e-16,,3.7458168982097e-16,5.6114086881251e-16,,,8.6784695049085e-16,,3.9396584192339e-16,6.119330408271201e-16,,,6.6642868338934e-07,0.0,1.488268664565e-07,3.4118210735282e-07,0.0,,7.2714740260931e-07,0.0,1.5632549839093e-07,3.7208029437522997e-07,0.0,,7.6067441353321e-16,,3.7458168982097e-16,5.6114086881251e-16,,,8.6784695049085e-16,,3.9396584192339e-16,6.119330408271201e-16,,,24.33168,TRUE,2.1109999999999998,49.46,-0.9993799999999999,-0.9993799999999999,-0.42099,0.0,1.0,27114.752,0.0,
,1703,V1040 Sco,Classical,15 53 55.86,-23 58 41.15,5.4,B2Ve,340.0,266,,,,,,,,,,,,,,,,,,,,,0.416321,238.482762671,-23.978212285999998,J155355.8-235841,238.4827627,-23.978212300000003,0.71,0.71,100.6,0.0,0.0,0.0,0.0,0.0,0.0,0.0,0.0,0.0,0.0,0.0,0.0,1.0,0.00016260894753648,4.2434879977110996e-05,3.2267353160867996e-05,5.6413700630273e-05,3.3838132182021e-05,,0.00016105187057971002,4.2173912093467e-05,3.2144478523445e-05,5.4915807717211e-05,3.1798458803376004e-05,,,,8.055014727169401e-14,9.810808514043199e-14,1.4030065367964e-14,,,,8.031113541021699e-14,9.5398186648254e-14,1.3324782822296998e-14,,0.00016260894753648,4.2434879977110996e-05,3.2267353160867996e-05,5.6413700630273e-05,3.3838132182021e-05,,0.00016105187057971002,4.2173912093467e-05,3.2144478523445e-05,5.4915807717211e-05,3.1798458803376004e-05,,,,8.055014727169401e-14,9.810808514043199e-14,1.4030065367964e-14,,,,8.031113541021699e-14,9.5398186648254e-14,1.3324782822296998e-14,,7586.363,TRUE,33.128,11.86,0.13616,-0.14115999999999998,-0.27108000000000004,0.0,1.0,25632.285,0.0,
,1758,zet Oph,Classical,16 37 09.54,-10 34 01.53,2.5780000000000003,O9Ve,348.0,2660,,,,,,,,,,,,,,,,,,,,,0.36894499999999997,249.289840637,-10.567142306000001,J163709.5-103401,249.2898406,-10.5671423,0.71,0.71,90.0,1.0,0.0,1.0,0.0,1.0,0.0,0.0,0.0,0.0,0.0,0.0,0.0,1.0,0.0010179428643495,,0.000166389011164,0.0007268182710814201,0.0010633520944332,,0.0009427403370754699,,0.00015700933895301,0.00065250444634393,0.0008672599790262099,,2.418993982056e-12,,3.9862212185181e-13,1.4861142297095001e-12,4.4056684820878e-12,,2.2699155336892996e-12,,3.7971281443711e-13,1.3417128604128e-12,2.6341925093997997e-12,,0.0010179428643495,,0.000166389011164,0.0007268182710814201,0.0010633520944332,,0.0009427403370754699,,0.00015700933895301,0.00065250444634393,0.0008672599790262099,,2.418993982056e-12,,3.9862212185181e-13,1.4861142297095001e-12,4.4056684820878e-12,,2.2699155336892996e-12,,3.7971281443711e-13,1.3417128604128e-12,2.6341925093997997e-12,,99375.99,TRUE,113.065,13.28,,,,0.0,1.0,72136.408,0.0,
,1790,HD 153295,Classical,17 00 25.25,-42 19 00.29,9.05,B2e,,3,,,,,,,,,,,,,,,,,,,,,0.10722999999999999,255.105201046,-42.316776517,J170025.2-421900,255.10520099999997,-42.3167765,1.0490000000000002,0.825,155.2,0.0,0.0,0.0,0.0,0.0,0.0,0.0,0.0,0.0,0.0,0.0,0.0,1.0,0.0,0.0,0.0,0.0,0.0,,0.0,0.0,0.0,0.0,0.0,,0.0,0.0,0.0,0.0,,,0.0,0.0,0.0,0.0,,,1.6646336171214e-05,9.380652004257001e-06,2.3589822352814e-06,1.7476968926169997e-06,0.0,,1.647674824116e-05,9.141071061642501e-06,2.1743283747039e-06,1.9779323771399e-06,0.0,,5.7224790719348e-14,4.8711916226696003e-14,5.8664712193589005e-15,2.0274998833323e-15,,,5.88072480799e-14,4.9427106207807e-14,5.520917911059e-15,2.5257623141659005e-15,,,104.7846,TRUE,2.6319999999999997,191.41,,,,0.0,4.0,14521.473,0.0,
,1858,HD 316341,Classical,17 48 35.53,-29 57 28.81,9.06,B0Ve,120.0,0,,,,,,,,,,,,,,,,,,,,,0.445533,267.148121527,-29.958105389,J174835.5-295729,267.1481215,-29.9581054,1.089,0.8690000000000001,132.9,0.0,0.0,0.0,1.0,0.0,0.0,0.0,0.0,0.0,0.0,0.0,0.0,1.0,,,,,,4.1352041837585e-05,,,,,,4.1352041837585e-05,,,,,,9.814636094951801e-14,,,,,,9.814636094951801e-14,8.3297233960464e-05,3.3399664183114e-05,1.4114764200388001e-05,1.4019108213589002e-05,0.0,4.1352041837585e-05,8.745778565113101e-05,3.379678521576e-05,1.4983288252769e-05,1.4712778579395998e-05,0.0,4.1352041837585e-05,2.5377106059937003e-13,2.1078702519655998e-13,3.5597406385498e-14,1.6658070203852e-14,0.0,9.814636094951801e-14,2.6872385050409e-13,2.2187090904515998e-13,3.7374408487643997e-14,1.7699832095195e-14,0.0,9.814636094951801e-14,261.0031,TRUE,5.7010000000000005,96.76,,,,0.0,2.0,4304.710999999999,1.0,57764.185999999994
,1868,HD 316520,Classical,17 52 03.41,-28 45 31.21,10.79,B5IVnne,,0,,,,,,,,,,,,,,,,,,,,,0.9275059999999999,268.014232004,-28.758412641,J175203.4-284530,268.014232,-28.7584126,14.100999999999999,8.908999999999999,168.6,0.0,0.0,0.0,0.0,0.0,0.0,0.0,0.0,0.0,0.0,0.0,0.0,1.0,3.8148890750082e-05,1.053761482768e-05,1.2131695178086999e-05,5.1309451332212005e-06,0.0,,3.1310010052358004e-05,7.135834413309301e-06,1.2629643857133e-05,0.0,0.0,,3.4311623255191e-13,3.1363513714255e-13,3.293292626936799e-14,8.774475255077102e-15,0.0,,1.6257035097272e-13,1.0308235668728e-13,3.4405429326327994e-14,0.0,0.0,,1.3559202578425e-05,0.0,5.526832489039599e-06,0.0,0.0,,1.396180032386e-05,0.0,6.6969818949251e-06,0.0,0.0,,0.0,0.0,8.291053926988801e-15,0.0,0.0,,4.0532489446864e-15,0.0,1.1851455361848e-14,0.0,0.0,,12.04738,MARGINAL,3.1180000000000003,84.47,0.02249,0.35728000000000004,0.31855,0.0,2.0,4313.89,0.0,
,1887,HD 164492D,Classical,18 02 23.13,-23 01 59.95,8.76,Be,,2,,,,,,,,,,,,,,,,,,,,,0.724685,270.596293293,-23.033132714,J180223.1-230159,270.5962933,-23.0331327,0.7140000000000001,0.7140000000000001,0.0,1.0,1.0,0.0,1.0,0.0,0.0,0.0,0.0,0.0,0.0,0.0,0.0,2.0,0.00011757521888233001,2.1550630428672e-05,2.4958321717992003e-05,3.7617335370232e-05,1.5816493679024e-05,,0.00010924889149262,2.0079950403548e-05,2.3566390745549e-05,3.4898386011316e-05,1.1611619202191e-05,,2.678719641399e-13,1.4360403376872e-13,6.431287068616999e-14,6.1491066740005e-14,1.3489296156375e-14,,2.4317759396313e-13,1.3099313462155e-13,6.1022265197872e-14,5.829421877592e-14,6.6536817707751996e-15,,0.00011757521888233001,2.1550630428672e-05,2.4958321717992003e-05,3.7617335370232e-05,1.5816493679024e-05,,0.00010924889149262,2.0079950403548e-05,2.3566390745549e-05,3.4898386011316e-05,1.1611619202191e-05,,2.678719641399e-13,1.4360403376872e-13,6.431287068616999e-14,6.1491066740005e-14,1.3489296156375e-14,,2.4317759396313e-13,1.3099313462155e-13,6.1022265197872e-14,5.829421877592e-14,6.6536817707751996e-15,,8388.98,TRUE,36.677,141.34,-0.07121,-0.26983,-0.20237,0.0,1.0,58061.6,0.0,
,1895,Cl* NGC 6530 ZCW 221,Classical,18 04 29.00,-24 25 26.22,10.66,B2.5Ve,,0,,,,,,,,,,,,,,,,,,,,,0.27762800000000004,271.120750735,-24.423967067,J180428.9-242526,271.1207507,-24.4239671,0.873,0.873,0.0,0.0,1.0,0.0,0.0,0.0,0.0,0.0,0.0,0.0,0.0,0.0,0.0,2.0,2.290789779657e-06,0.0,4.8474779934611e-07,1.0954370401511999e-06,3.8998823908627e-06,,1.9539525448569e-06,0.0,2.2041943212166e-07,6.5684585732676e-07,4.2410691847542e-06,,3.4348120748197e-15,0.0,1.2913700789153e-15,1.9298126844568e-15,0.0,,2.8782020122107e-15,,6.955527312410999e-16,9.2219441979195e-16,7.8667167775735e-14,,2.290789779657e-06,0.0,4.8474779934611e-07,1.0954370401511999e-06,3.8998823908627e-06,,1.9539525448569e-06,0.0,2.2041943212166e-07,6.5684585732676e-07,4.2410691847542e-06,,3.4348120748197e-15,0.0,1.2913700789153e-15,1.9298126844568e-15,0.0,,2.8782020122107e-15,,6.955527312410999e-16,9.2219441979195e-16,7.8667167775735e-14,,188.0476,TRUE,4.4,74.74,-0.9993799999999999,-0.9993799999999999,-0.4035,0.0,1.0,60186.937000000005,0.0,
,1911,V3903 Sgr,Classical,18 09 17.70,-23 59 18.23,7.36,B6IIIe,,38,,,,,,,,,,,,,,,,,,,,,0.30307,272.323658137,-23.988390642,J180917.6-235918,272.32365810000005,-23.988390600000002,1.3219999999999998,1.182,41.51,1.0,1.0,0.0,0.0,0.0,0.0,0.0,0.0,0.0,0.0,0.0,0.0,2.0,9.1360090015837e-05,1.4525008140738001e-06,1.0513238316508e-05,7.0284047845395e-05,0.0,,9.1812095694466e-05,1.2280755692717e-06,9.8663273391262e-06,7.072218478419201e-05,0.0,,1.2580146844548e-13,0.0,2.2291760478468998e-14,1.2424235330268e-13,,,1.6842814178271998e-13,0.0,2.0663674193465e-14,1.2342304083318e-13,,,9.1360090015837e-05,1.4525008140738001e-06,1.0513238316508e-05,7.0284047845395e-05,0.0,,9.1812095694466e-05,1.2280755692717e-06,9.8663273391262e-06,7.072218478419201e-05,0.0,,1.2580146844548e-13,0.0,2.2291760478468998e-14,1.2424235330268e-13,,,1.6842814178271998e-13,0.0,2.0663674193465e-14,1.2342304083318e-13,,,1368.735,TRUE,21.059,47.94,-0.73454,-0.9594,-0.74079,0.0,1.0,29584.7,0.0,
,1929,Cl* NGC 6611 PPM 38,Classical,18 18 39.76,-13 46 55.70,13.705,B8Ve,,0,,,,,,,,,,,,,,,,,,,,,0.5583670000000001,274.66567895599997,-13.782293530999999,J181839.7-134656,274.665679,-13.7822935,0.741,0.726,98.25,0.0,0.0,0.0,0.0,0.0,0.0,0.0,0.0,0.0,0.0,0.0,0.0,1.0,2.2015229609052003e-06,3.0117997933942e-07,6.4380267782773e-07,5.7094500078212e-07,0.0,,2.327970794642e-06,2.7530638719640996e-07,7.1345526185262e-07,5.3857441413327e-07,0.0,,3.8243960748764e-15,1.7355128973354002e-15,1.4648457261384002e-15,7.7136597615258e-16,,,3.3380365695045002e-15,1.1261347088562e-15,1.6109460430213002e-15,6.1434696831647e-16,,,2.2015229609052003e-06,3.0117997933942e-07,6.4380267782773e-07,5.7094500078212e-07,0.0,,2.327970794642e-06,2.7530638719640996e-07,7.1345526185262e-07,5.3857441413327e-07,0.0,,3.8243960748764e-15,1.7355128973354002e-15,1.4648457261384002e-15,7.7136597615258e-16,,,3.3380365695045002e-15,1.1261347088562e-15,1.6109460430213002e-15,6.1434696831647e-16,,,117.7837,TRUE,5.353,109.35,-0.35853,-0.32355,0.04622,0.0,1.0,77122.818,0.0,
,2033,HD 344783,Classical,19 43 06.79,23 16 12.40,9.8,B0IVe,,2,,,,,,,,,,,,,,,,,,,,,0.13818699999999998,295.778250797,23.270103123000002,J194306.7+231612,295.77825079999997,23.2701031,0.8490000000000001,0.78,148.5,0.0,0.0,0.0,0.0,0.0,0.0,0.0,0.0,0.0,0.0,0.0,0.0,1.0,8.265423111887201e-06,1.122487490456e-06,2.3298455597087996e-06,2.8814144696892e-06,0.0,,1.0156455262819001e-05,1.3183500132164e-06,2.3700351352404e-06,2.801869536889e-06,0.0,,2.2554728901104998e-14,0.0,5.9404006931123e-15,1.0004911350129999e-14,,,3.6659004926032004e-14,1.1942749599118e-14,6.3494444039914e-15,1.1591561258939e-14,,,1.5660887306698998e-05,2.8366616292828e-06,2.6810907150369e-06,7.038106329215599e-06,0.0,,1.7287842800135002e-05,3.0302025569872997e-06,2.8018290639479998e-06,7.3401152010877e-06,0.0,,3.9460329597989e-14,1.8453674280459998e-14,6.579918022310899e-15,1.6021958244884998e-14,,,4.6817555521397995e-14,1.9997233788837e-14,6.991467591801999e-15,1.7422598628831003e-14,,,107.9427,TRUE,3.8789999999999996,124.28,-0.22985999999999998,-0.44347,-0.20112,0.0,2.0,7926.6,0.0,
,2134,GSC 03588-00834,Classical,21 03 35.71,45 45 05.51,14.25,B0Ve,,1,,,,,,,,,,,,,,,,,,,,,0.184718,315.898719484,45.751540351,J210335.6+454505,315.89871949999997,45.751540399999996,0.71,0.71,96.38,0.0,0.0,0.0,1.0,0.0,0.0,0.0,0.0,0.0,0.0,0.0,1.0,1.0,5.5019148727496996e-05,2.9476423310894e-05,1.0867173480658e-05,4.2380682576166e-06,2.0793070296579e-06,,5.4992541846134995e-05,2.9737222791468e-05,1.0832596843866e-05,4.235458150547e-06,0.0,,2.2261576192502997e-13,1.9282472103292002e-13,2.8078387850523996e-14,6.5019412547748006e-15,0.0,,2.2271105832706998e-13,1.9376801038713003e-13,2.8134331551959e-14,6.519010616577801e-15,0.0,,5.5019148727496996e-05,2.9476423310894e-05,1.0867173480658e-05,4.2380682576166e-06,2.0793070296579e-06,,5.4992541846134995e-05,2.9737222791468e-05,1.0832596843866e-05,4.235458150547e-06,0.0,,2.2261576192502997e-13,1.9282472103292002e-13,2.8078387850523996e-14,6.5019412547748006e-15,0.0,,2.2271105832706998e-13,1.9376801038713003e-13,2.8134331551959e-14,6.519010616577801e-15,0.0,,4706.878,TRUE,27.56,77.09,0.46346000000000004,0.74953,0.43348000000000003,0.0,2.0,50008.08,0.0,
,2162,V490 Cep,Classical,21 39 30.72,56 59 10.01,14.29,B1.5Ve,,1,,,,,,,,,,,,,,,,,,,,,0.555208,324.877865154,56.986249488999995,J213930.6+565910,324.8778652,56.9862495,0.7120000000000001,0.711,10.47,0.0,0.0,0.0,0.0,0.0,0.0,0.0,0.0,0.0,0.0,0.0,0.0,1.0,0.00014311915530119,7.8244151659468e-05,2.6313973677685e-05,1.0470914401111e-05,1.2665752007203999e-05,,0.00013850614615498998,7.608966692078101e-05,2.5580935186946e-05,1.0150182266162e-05,0.0,,6.5948629393158e-13,5.803014840108e-13,6.9128351569117e-14,1.8197449140869e-14,3.2981357700231e-15,,6.2752695906462e-13,5.7225747056387e-13,6.561833339325e-14,1.8057379295294e-14,,,0.00014311915530119,7.8244151659468e-05,2.6313973677685e-05,1.0470914401111e-05,1.2665752007203999e-05,,0.00013850614615498998,7.608966692078101e-05,2.5580935186946e-05,1.0150182266162e-05,0.0,,6.5948629393158e-13,5.803014840108e-13,6.9128351569117e-14,1.8197449140869e-14,3.2981357700231e-15,,6.2752695906462e-13,5.7225747056387e-13,6.561833339325e-14,1.8057379295294e-14,,,1173.974,TRUE,13.254000000000001,91.43,0.49843999999999994,0.76827,0.43848000000000004,0.0,1.0,4401.596,0.0,
,2171,EM Cep,Classical,21 53 48.10,62 36 51.94,7.03,B0.5Ve,304.0,87,,,,,,,,,,,,,,,,,,,,,0.401172,328.45064631099996,62.614392278000004,J215348.1+623651,328.4506463,62.6143923,0.742,0.736,139.6,0.0,0.0,0.0,0.0,0.0,0.0,0.0,0.0,0.0,0.0,0.0,1.0,1.0,2.4460373831874003e-06,1.8361348358157e-07,4.4197856637922e-07,1.5178544611123998e-06,0.0,,2.5509964725592003e-06,1.8850920412293999e-07,4.7168800951179e-07,1.377997146954e-06,0.0,,4.8550188742358e-15,7.5508975239153e-16,1.0508218696376e-15,3.0107537473031997e-15,,,4.2815188241819e-15,7.770151764803e-16,1.1220311897070999e-15,2.3182144198947e-15,,,2.1565140266382998e-06,7.9683354252969e-08,4.2482291008692997e-07,1.3796134106596e-06,0.0,,2.1706905268293e-06,8.1438830632869e-08,4.1420187860932e-07,1.3751518500299e-06,0.0,,3.8743023649922e-15,3.8463712468762996e-16,1.0449137770443e-15,2.5971689958596e-15,,,3.6827039772440006e-15,4.0852955956996e-16,1.0263182785550999e-15,2.37619406216e-15,,,348.3162,TRUE,5.4,45.55,-0.37976,-0.79575,-0.57839,0.0,4.0,69211.521,0.0,
,2213,4U 2238+60,Classical,22 39 20.90,61 16 26.80,,Be,,0,,,,,,,,,,,,,,,,,,,,,0.6039899999999999,339.836836125,61.273992655,J223920.8+611626,339.8368361,61.2739927,0.715,0.7140000000000001,113.1,0.0,0.0,0.0,0.0,0.0,0.0,0.0,0.0,0.0,0.0,0.0,0.0,1.0,5.9857645049729004e-05,4.1165130523066e-05,7.103073389631599e-06,2.5995832827872995e-06,0.0,,5.8028072675851e-05,4.2843262840814004e-05,6.7268433698094e-06,2.8030581501362003e-06,0.0,,3.7880638267384e-13,3.6208725046227e-13,1.9132075063507e-14,4.463057620915599e-15,,,3.4815851619409007e-13,3.6754729036892e-13,1.7925511905538002e-14,4.8126829362183e-15,,,5.9857645049729004e-05,4.1165130523066e-05,7.103073389631599e-06,2.5995832827872995e-06,0.0,,5.8028072675851e-05,4.2843262840814004e-05,6.7268433698094e-06,2.8030581501362003e-06,0.0,,3.7880638267384e-13,3.6208725046227e-13,1.9132075063507e-14,4.463057620915599e-15,,,3.4815851619409007e-13,3.6754729036892e-13,1.7925511905538002e-14,4.8126829362183e-15,,,531.4583,TRUE,8.652999999999999,98.37,0.7095600000000001,0.88195,0.44722,0.0,1.0,4596.991,0.0,
