angDist,#,parallax,epsi,sepsi,ruwe
0.039771,1,0.8427,0.477,3.140e+02,3.759
0.035407,2,0.7747,0.124,1.440e+01,0.868
0.026781,3,0.7951,0.307,7.676e+01,1.041
0.031067,4,10.5075,0.790,8.803e+02,0.814
0.044846,5,3.4070,0.472,3.145e+02,0.950
0.045767,6,0.4007,0.079,8.273e+00,0.882
0.093247,7,0.3515,0.126,2.216e+01,1.013
0.019004,8,0.7294,0.185,4.589e+01,1.376
0.027004,9,1.4128,0.299,9.167e+01,1.460
0.026146,10,1.2645,0.069,6.543e+00,0.887
0.103768,11,0.4110,0.118,1.856e+01,0.891
0.425819,12,0.1689,0.000,0.000e+00,1.032
0.247098,13,1.0458,1.640,1.802e+03,9.301
0.332513,13,0.2505,0.463,1.558e+02,3.176
0.034108,14,0.2110,0.058,1.040e+00,1.033
0.027248,15,0.4522,0.158,4.176e+01,1.010
0.030002,16,0.2453,0.000,0.000e+00,0.961
0.117208,17,0.3383,0.000,0.000e+00,0.991
0.061245,18,0.3489,0.066,5.786e+00,0.833
0.044727,19,0.3475,0.116,2.133e+01,1.005
0.010661,20,1.9722,0.162,2.225e+01,1.069
0.051851,21,0.2295,0.000,0.000e+00,0.960
0.043385,22,0.3946,0.090,1.089e+01,1.028
0.064821,23,0.1408,0.000,0.000e+00,0.987
0.052059,26,1.1049,0.142,2.557e+01,0.984
0.452602,29,0.1321,0.284,5.163e+01,2.695
0.225271,30,0.3643,0.062,5.633e+00,0.838
0.083445,31,0.3741,0.076,6.595e+00,1.129
0.437443,32,0.5211,0.056,4.838e+00,1.036
0.068999,34,0.2937,0.116,2.027e+01,1.130
0.025252,35,0.5116,4.067,2.391e+04,3.123
0.075482,36,-0.7999,1.935,9.731e-01,1.100
0.367816,37,0.0878,0.000,1.941e-15,1.010
0.409940,38,0.2798,0.000,0.000e+00,0.993
0.129629,39,1.7931,0.102,1.528e+01,1.239
0.380202,40,0.2848,0.000,0.000e+00,0.990
0.382493,41,0.2714,0.000,0.000e+00,0.986
0.443563,42,0.6672,0.336,5.287e-02,1.029
0.062405,44,0.2636,0.081,2.027e+00,1.148
0.056922,45,0.1572,0.093,1.169e+00,1.067
0.035683,46,0.2059,0.350,1.814e+02,1.136
0.083437,52,-0.0301,0.090,2.317e+00,1.035
0.033900,53,0.3592,0.092,1.253e+01,0.988
0.323688,54,0.3448,0.000,0.000e+00,1.014
0.337692,55,0.1765,0.057,6.386e-01,1.056
0.067060,56,0.3752,0.057,1.722e+00,1.070
0.022370,57,0.3193,0.076,8.552e+00,0.934
0.302366,58,0.1678,0.000,4.255e-15,1.000
0.059422,59,0.2089,0.000,0.000e+00,1.028
0.281061,60,-0.0248,0.064,7.221e-01,0.987
0.019485,65,1.0117,0.099,1.213e+01,0.944
0.191558,66,-0.0247,0.110,5.039e+00,1.037
0.269857,67,0.0078,0.282,2.263e+01,1.279
0.036518,71,-0.0646,0.000,0.000e+00,0.916
0.018677,72,0.5206,0.098,1.201e+01,0.924
0.196045,74,0.0306,0.000,0.000e+00,0.944
0.147655,75,0.0086,0.000,0.000e+00,0.913
0.072593,76,-0.0260,0.103,6.299e-01,0.999
0.215041,77,-0.0790,0.167,5.647e+00,1.045
0.201341,78,-0.0188,0.518,2.609e+01,1.709
0.228653,79,0.0459,0.177,2.984e+00,1.069
0.122318,80,-0.0182,0.119,7.609e-01,1.038
0.237678,81,0.0088,0.302,6.527e+00,1.113
0.375104,82,0.0096,0.037,1.174e-01,0.888
0.239669,83,0.0026,0.165,7.157e+00,1.003
0.163603,84,0.0489,0.104,2.446e-01,1.039
0.170469,85,0.0466,0.236,3.998e+00,1.112
0.224930,87,-0.0176,0.135,2.183e+00,1.030
0.146040,88,0.0495,0.182,8.117e+00,1.089
0.173232,89,0.0175,0.098,1.260e+00,0.985
0.181327,90,-0.0947,0.352,1.624e+01,1.558
0.228654,91,-0.0543,0.000,0.000e+00,0.972
0.162339,92,-0.0412,0.104,3.471e+00,0.987
0.138353,93,-0.0074,0.126,1.488e+00,1.000
0.167832,94,1.1645,1.341,4.677e+01,2.056
0.465154,94,,0.000,0.000e+00,
0.240276,95,-0.0281,0.000,0.000e+00,0.983
0.350626,96,-0.0334,0.000,0.000e+00,0.965
0.250344,97,0.0157,0.107,1.332e+00,0.958
0.306002,98,-0.0676,0.000,0.000e+00,0.911
0.245795,99,-0.0894,0.562,4.056e+00,1.093
0.261387,100,-0.0429,0.142,1.200e+00,1.035
0.474311,101,0.2787,4.714,8.921e+01,3.945
0.279343,102,0.0103,0.000,0.000e+00,0.873
0.183569,103,-0.0392,0.086,1.250e+00,1.008
0.194977,104,-0.0239,0.105,1.978e+00,0.988
0.232599,105,0.0099,0.229,2.856e+00,1.046
0.233142,106,0.0210,0.000,0.000e+00,1.013
0.207353,107,-0.0071,0.083,1.196e+00,0.979
0.211237,108,0.0437,0.149,4.102e+00,1.071
0.340414,110,-0.0226,0.080,5.115e-01,1.055
0.078290,112,0.1711,0.000,0.000e+00,0.956
0.233065,113,-0.0553,0.129,1.750e+00,1.033
0.223703,114,-0.0968,0.000,0.000e+00,0.951
0.196441,115,-0.0083,0.082,1.312e+00,0.936
0.193382,116,0.1771,0.728,1.466e+01,1.458
0.228163,117,-0.0360,0.096,1.479e+00,1.012
0.278774,118,0.0192,0.178,1.439e+00,1.053
0.074626,119,-0.0275,0.029,2.346e-01,0.908
0.072425,120,0.0114,0.270,1.074e+01,1.477
0.214503,121,-0.5045,0.930,3.655e+01,2.374
0.204420,123,-0.0265,0.019,5.943e-02,0.943
0.160789,125,-0.0676,0.098,9.554e-01,1.023
0.297539,126,0.0210,0.181,2.085e+00,1.141
0.198581,127,-0.0262,0.241,1.016e+01,1.332
0.401515,128,-0.0263,0.092,1.138e+00,1.015
0.125610,129,-0.0748,0.129,2.777e+00,1.019
0.144124,130,0.0019,0.072,1.039e-01,0.993
0.215727,131,-0.1086,0.000,0.000e+00,0.927
0.149543,132,-0.0187,0.062,3.361e-01,0.978
0.221713,133,-0.0187,0.119,1.264e+00,1.058
0.183032,134,-0.0001,0.099,1.464e+00,1.048
0.231193,135,0.0171,0.095,1.211e+00,0.980
0.192151,137,0.7828,1.746,7.440e+01,2.731
0.132689,138,0.0041,0.019,2.646e-02,0.941
0.184557,139,0.0912,0.000,0.000e+00,0.967
0.138434,141,0.0145,0.149,1.066e+00,1.041
0.177221,142,-0.0917,0.000,0.000e+00,1.006
0.274594,143,,19.172,3.073e+03,
0.277257,144,0.0276,0.099,8.976e-01,1.000
0.130745,145,-0.0635,0.087,5.161e-01,0.999
0.172122,146,0.2477,0.606,3.815e+01,2.152
0.337144,147,-0.0414,0.000,0.000e+00,0.983
0.131248,148,-0.0290,0.000,0.000e+00,0.967
0.139691,149,0.0865,1.381,3.703e+02,3.547
0.357524,150,0.0016,0.000,0.000e+00,0.958
0.166496,151,-0.0032,0.295,2.269e+00,1.084
0.017723,152,-0.0483,0.017,9.350e-02,0.968
0.457665,153,-0.0169,0.275,1.540e+00,1.050
0.170925,154,-0.1236,0.000,0.000e+00,0.979
0.126130,155,-0.0902,0.146,7.603e-01,1.023
0.105828,156,0.0107,0.160,5.956e+00,0.959
0.092488,157,-0.1601,0.000,0.000e+00,0.973
0.190455,158,0.0077,0.000,0.000e+00,0.972
0.202663,159,0.0341,0.000,0.000e+00,0.966
0.123908,160,0.0246,0.177,4.885e+00,1.109
0.186049,161,-0.0823,0.413,9.567e-01,1.056
0.377742,163,-0.0762,0.000,0.000e+00,0.986
0.295441,165,-0.0235,0.000,0.000e+00,0.920
0.271467,167,-0.0026,0.204,1.557e+00,1.027
0.124012,168,-0.0361,0.068,3.659e+00,0.946
0.121632,169,0.0759,0.000,0.000e+00,0.969
0.216901,170,0.1614,0.220,7.448e-01,1.046
0.076375,171,-0.0172,0.167,1.136e+01,1.004
0.318126,172,0.0328,0.211,5.045e+00,1.091
0.111420,173,0.2709,0.076,2.736e+00,1.132
0.151487,174,0.0451,0.150,1.741e+00,1.016
0.173879,175,-0.0097,0.162,5.412e+00,1.049
0.424323,176,0.0140,0.000,0.000e+00,0.959
0.161568,177,-0.0480,0.072,6.051e-01,0.978
0.290048,178,-0.0795,0.036,3.321e-01,0.962
0.173105,179,0.0808,0.085,1.374e+00,0.977
0.136641,181,-0.0243,0.262,3.215e+00,1.017
0.118210,183,0.0551,0.688,2.242e+01,1.454
0.275352,184,-0.0728,0.216,1.614e+01,1.211
0.187064,185,-0.0119,0.000,0.000e+00,0.974
0.168003,186,-0.0108,0.152,3.441e+00,1.149
0.292624,187,-0.0436,0.233,4.232e+00,1.233
0.291089,188,0.1134,0.342,1.885e+00,1.048
0.081418,189,0.2238,0.000,0.000e+00,0.958
0.133266,190,-0.2366,0.557,3.363e+01,1.519
0.156149,191,0.2346,0.377,1.210e+01,1.163
0.114231,192,0.0526,0.170,2.603e+00,1.110
0.120600,194,-0.0574,0.532,8.626e+00,1.208
0.206159,195,-0.0323,0.000,0.000e+00,0.985
0.200043,196,-0.1578,0.198,7.844e+00,1.173
0.215937,197,0.0024,0.000,0.000e+00,0.997
0.144150,198,0.0070,0.377,2.944e+00,1.121
0.175542,199,-0.0462,0.146,3.561e+00,1.037
0.083175,201,-0.0337,0.192,1.107e+01,0.991
0.208897,202,-0.0151,0.162,2.210e+00,1.028
0.145127,203,0.0144,0.106,1.289e+00,0.982
0.229432,204,-0.0197,0.000,0.000e+00,0.992
0.147866,205,0.0500,0.175,1.556e+00,1.084
0.176469,206,-0.3212,0.670,8.238e+00,1.272
0.240003,207,-0.0518,0.000,0.000e+00,0.994
0.270510,208,-0.0769,0.089,1.308e+00,1.002
0.300498,209,,89.948,2.495e+02,
0.157805,210,-0.0028,0.073,8.623e-01,1.031
0.150588,212,-0.0250,0.109,1.248e+00,1.007
0.212518,213,-0.0107,0.080,2.510e-01,1.008
0.160418,214,-0.1548,0.260,7.753e-01,1.041
0.445378,215,-0.0661,0.266,1.670e+00,1.066
0.432661,217,,2.042,2.968e+03,
0.266143,218,-0.0199,0.066,1.788e+00,0.919
0.225098,219,-0.0145,0.000,0.000e+00,0.995
0.217923,220,0.0114,0.065,5.690e-01,0.902
0.372589,222,-0.0850,0.156,1.981e+00,1.021
0.181816,223,-0.0124,0.000,0.000e+00,0.983
0.197871,224,-0.0226,0.084,4.817e-01,1.050
0.197217,225,0.0017,0.000,0.000e+00,0.947
0.275771,226,-0.0702,0.000,0.000e+00,0.979
0.148901,227,0.0267,0.026,1.731e-02,1.044
0.245278,228,0.0293,0.072,7.259e-01,0.953
0.334243,229,-0.5858,1.760,3.977e+02,5.003
0.180083,230,-0.0337,0.000,0.000e+00,0.952
0.229954,232,-0.0340,0.138,1.392e+01,0.959
0.360580,233,0.3467,0.000,0.000e+00,1.005
0.079210,237,0.2253,0.000,0.000e+00,0.947
0.170440,239,0.0094,0.323,1.534e+01,1.394
0.075436,240,0.3445,0.000,0.000e+00,0.941
0.210925,242,0.0880,0.574,4.627e+01,1.810
0.472118,243,-0.0253,0.157,7.356e+00,1.025
0.405483,244,0.3175,0.000,0.000e+00,1.041
0.261045,246,-0.0248,0.203,6.262e+00,1.043
0.267293,249,-0.0329,0.294,3.211e+01,1.091
0.285277,250,-0.0192,0.052,4.744e-01,0.968
0.304469,251,0.1062,0.000,0.000e+00,0.948
0.170283,252,0.3086,0.000,0.000e+00,0.941
0.290688,253,0.3302,0.044,1.980e+00,1.122
0.314765,256,0.2596,0.190,2.348e+01,1.712
0.146346,257,0.3591,0.077,8.866e+00,0.837
0.029685,260,0.3097,0.000,0.000e+00,0.986
0.021444,262,-0.0227,0.080,3.059e+00,0.932
0.476930,263,0.0380,0.089,3.676e+00,0.968
0.017410,267,0.8153,0.281,9.002e+01,1.014
0.110185,268,0.0070,0.109,4.087e+00,1.001
0.351889,270,-0.0314,0.119,1.487e+00,1.014
0.010174,274,2.5769,0.191,3.751e+01,1.016
0.053817,277,0.2156,0.000,0.000e+00,0.996
0.186752,280,-0.0051,0.173,1.039e+01,0.982
0.067921,281,0.3111,0.000,0.000e+00,1.003
0.396718,282,-0.0221,0.097,6.904e+00,0.932
0.230013,285,,10.366,1.797e+05,
0.069416,286,0.1174,0.000,1.872e-15,1.018
0.160059,288,0.4284,0.151,4.345e+01,0.976
0.086166,289,0.9021,0.113,2.045e+01,0.969
0.099041,290,0.2926,0.000,0.000e+00,0.956
0.209618,291,0.6639,0.038,1.812e+00,0.925
0.232214,292,0.3350,0.129,1.859e+01,1.153
0.345306,293,0.1353,0.000,0.000e+00,1.042
0.134775,294,0.2938,0.027,2.702e-01,1.043
0.047847,295,1.1324,0.275,1.278e+02,1.229
0.033570,296,0.3455,0.082,7.886e+00,0.905
0.064628,298,0.3501,0.100,2.119e+01,0.946
0.067264,299,0.3335,0.076,1.246e+01,0.969
0.368156,300,0.2851,0.306,7.578e+01,2.534
0.264347,303,0.1660,0.000,0.000e+00,1.005
0.005424,304,0.3965,0.064,7.048e+00,0.935
0.236372,306,0.1784,0.000,0.000e+00,1.012
0.080160,307,0.2212,0.000,3.602e-15,0.944
0.053339,308,0.1782,0.000,0.000e+00,0.961
0.122117,309,-1.7801,4.322,4.518e+03,17.653
0.173643,310,0.2734,0.000,0.000e+00,1.034
0.077393,311,0.2511,0.253,1.509e+02,1.790
0.199079,312,0.1685,0.000,0.000e+00,0.959
0.099318,313,0.2938,0.000,0.000e+00,1.049
0.038411,315,0.7890,0.186,5.560e+01,1.602
0.081333,316,0.3731,1.122,1.145e+03,10.616
0.170892,317,0.1314,0.108,4.102e+00,1.157
0.199572,318,0.3024,0.080,8.155e+00,1.027
0.256649,319,0.1815,0.000,0.000e+00,1.036
0.072391,320,0.3915,0.238,1.035e+02,1.262
0.053313,321,0.2998,0.000,0.000e+00,1.037
0.226064,322,-0.7994,1.477,8.281e+02,7.834
0.045948,323,0.4859,0.103,2.254e+01,0.988
0.116526,324,0.1020,0.000,0.000e+00,0.938
0.081838,326,-0.1767,1.554,2.177e+03,13.854
0.344232,327,0.0936,0.000,0.000e+00,1.054
0.046202,328,0.3129,0.290,1.809e+02,1.994
0.215649,329,0.3123,0.071,6.100e+00,1.032
0.104907,330,1.6421,0.325,1.148e+02,2.043
0.047596,331,0.3410,0.073,8.607e+00,0.904
0.055793,333,3.7716,0.288,7.840e+01,1.111
0.006553,334,3.4721,0.226,6.210e+01,0.996
0.081956,335,0.3422,0.000,0.000e+00,0.994
0.246149,337,0.1737,0.142,2.203e+01,1.696
0.054461,338,0.1738,0.000,0.000e+00,1.003
0.050488,339,0.0825,0.077,1.354e+00,1.059
0.127327,340,,8.151,6.384e+04,
0.173208,341,0.2828,0.000,0.000e+00,1.039
0.073010,342,1.4221,0.281,9.942e+01,2.115
0.034586,343,0.3750,0.125,2.610e+01,1.001
0.074029,344,0.5402,0.922,1.889e+03,6.307
0.089886,345,0.3532,0.089,1.289e+01,0.944
0.094991,346,0.1549,0.000,0.000e+00,0.899
0.168734,347,0.4506,0.000,0.000e+00,0.912
0.184088,348,0.3367,0.000,0.000e+00,0.979
0.198539,349,0.2672,0.000,0.000e+00,1.064
0.019550,350,5.4048,1.182,1.873e+03,1.804
0.061395,351,0.2096,0.000,0.000e+00,1.020
0.384896,352,0.3258,0.090,1.329e+01,1.081
0.329401,353,0.3198,0.106,1.753e+01,1.133
0.064268,354,0.2590,0.000,0.000e+00,0.987
0.216843,355,0.1200,0.386,1.381e+02,3.412
0.117072,356,0.3508,0.103,1.636e+01,0.940
0.057645,358,0.3492,0.116,2.413e+01,1.084
0.359262,359,0.3599,0.205,8.577e+01,1.303
0.117275,360,0.2444,0.000,0.000e+00,0.948
0.395762,361,0.3303,0.109,2.266e+01,1.162
0.160159,362,0.3868,0.046,3.830e+00,0.912
0.356709,363,0.3212,0.155,4.637e+01,1.396
0.450778,364,0.3762,0.000,0.000e+00,1.054
0.125218,365,0.3183,0.144,3.650e+01,1.021
0.054364,366,0.3267,0.057,6.050e+00,0.845
0.092263,367,0.3421,0.000,0.000e+00,0.965
0.333057,368,0.3464,0.150,4.257e+01,1.140
0.124507,369,0.3760,0.146,2.907e+01,1.438
0.074161,370,0.3720,1.258,3.060e+03,9.488
0.279045,371,0.1623,0.000,0.000e+00,0.968
0.103848,372,0.3202,0.000,0.000e+00,0.961
0.113798,373,0.3551,0.072,1.012e+01,0.910
0.093626,374,0.3746,0.427,3.375e+02,3.388
0.321499,375,0.3528,0.070,8.866e+00,0.860
0.089140,376,0.3417,0.087,1.410e+01,0.946
0.059411,377,0.3431,0.110,2.107e+01,1.210
0.058076,378,0.3562,0.095,1.653e+01,0.928
0.064014,379,0.3302,0.085,1.339e+01,1.085
0.296582,380,0.3010,0.249,1.252e+02,1.606
0.464881,381,0.3579,0.105,1.369e+01,1.368
0.306051,382,0.3280,0.184,6.495e+01,1.352
0.392889,383,0.3499,0.094,1.645e+01,1.150
0.259536,385,0.3882,0.208,8.766e+01,1.348
0.295155,386,0.3284,0.053,5.404e+00,0.919
0.147754,387,0.1665,0.000,0.000e+00,1.033
0.068474,388,0.3528,0.077,1.238e+01,0.989
0.260888,389,0.2827,0.000,0.000e+00,1.035
0.165313,390,0.1824,0.000,0.000e+00,1.048
0.089026,391,0.1604,0.029,1.298e-01,1.053
0.278664,393,0.1843,0.000,0.000e+00,0.998
0.018319,394,0.1866,0.000,0.000e+00,0.995
0.300091,395,0.1328,0.000,0.000e+00,0.939
0.238989,396,0.3765,0.146,2.433e+01,1.517
0.072980,397,0.1522,0.031,1.554e-01,1.033
0.052800,398,0.4125,0.106,2.913e+01,0.977
0.124873,399,0.3488,0.018,4.102e-01,1.063
0.111724,400,0.1600,0.000,0.000e+00,1.011
0.022583,401,0.6844,0.172,2.415e+01,1.085
0.061762,402,0.3117,0.087,1.729e+01,0.942
0.067098,403,0.1642,0.000,0.000e+00,0.996
0.203056,404,0.1518,0.000,0.000e+00,0.966
0.259822,405,0.2960,0.128,2.321e+01,1.141
0.278680,406,0.3800,0.000,0.000e+00,1.017
0.094283,408,0.3473,0.150,5.648e+01,1.255
0.027187,409,7.0037,1.920,6.334e+03,2.467
0.103191,410,0.1851,0.000,0.000e+00,1.047
0.046958,411,0.1169,0.000,0.000e+00,0.988
0.064378,412,0.3604,0.114,2.394e+01,1.054
0.182094,413,0.3974,0.000,0.000e+00,0.980
0.094668,414,0.1635,0.000,0.000e+00,0.989
0.027460,415,1.8296,0.250,7.028e+01,1.039
0.002670,416,0.2112,0.000,0.000e+00,0.997
0.029682,417,0.6036,0.191,4.291e+01,1.347
0.012749,418,0.4336,0.304,1.682e+02,0.984
0.280695,419,0.1339,0.000,0.000e+00,1.013
0.202655,420,0.4141,0.050,4.739e+00,0.953
0.071978,421,0.3465,0.000,0.000e+00,0.985
0.039621,422,0.1339,0.000,0.000e+00,0.963
0.033415,423,0.2112,0.504,3.075e+02,5.337
0.031562,424,0.3355,0.092,1.367e+01,1.020
0.151024,425,0.3858,0.011,7.513e-02,1.015
0.146475,426,0.4680,0.109,2.566e+01,1.073
0.106648,427,0.1307,0.000,0.000e+00,1.102
0.021221,428,0.1523,0.000,0.000e+00,0.981
0.020941,429,0.3447,0.064,9.102e+00,0.932
0.165835,430,0.1452,0.000,0.000e+00,1.033
0.240978,431,0.3931,0.069,6.362e+00,1.014
0.292284,432,0.0937,0.000,0.000e+00,1.015
0.012732,433,0.1697,0.000,0.000e+00,1.022
0.017121,434,0.2381,0.000,0.000e+00,0.998
0.090756,435,-0.0450,0.281,9.020e+01,2.664
0.094276,436,0.0480,0.181,1.986e+01,1.647
0.220227,437,0.1873,0.000,0.000e+00,0.952
0.159134,438,0.2979,0.000,0.000e+00,0.993
0.211376,439,0.3085,0.000,0.000e+00,1.041
0.034215,440,0.1097,0.000,0.000e+00,1.002
0.014495,441,1.0024,0.148,1.585e+01,0.971
0.176017,442,0.2120,0.064,1.333e+00,1.113
0.049463,443,0.1620,0.488,1.282e+02,3.487
0.059191,444,0.1365,0.000,0.000e+00,1.001
0.213511,445,1.1991,0.252,1.040e+02,1.461
0.036921,446,0.4223,0.172,4.986e+01,1.052
0.046512,447,0.4338,0.102,1.637e+01,1.027
0.082362,448,0.1750,0.044,1.402e+00,1.093
0.060792,449,0.3468,0.091,1.616e+01,1.023
0.012644,450,0.4217,0.124,2.296e+01,0.986
0.238226,451,0.1443,0.000,0.000e+00,1.001
0.079480,452,0.1783,0.044,2.968e+00,0.882
0.037402,454,0.6291,0.200,6.396e+01,1.245
0.261903,455,0.1094,0.000,0.000e+00,1.023
0.339186,456,0.3699,0.000,0.000e+00,1.047
0.180434,457,0.3463,0.070,7.706e+00,1.064
0.109916,458,0.1133,0.000,0.000e+00,1.036
0.085889,459,0.1576,0.119,7.853e+00,1.239
0.005328,460,0.1509,0.614,5.443e+02,3.784
0.017770,461,0.1147,0.000,0.000e+00,0.991
0.281509,462,0.3994,0.000,0.000e+00,1.023
0.059411,463,0.1882,0.240,3.022e+01,1.737
0.081285,464,0.1130,0.000,3.376e-15,1.014
0.020202,465,1.1826,0.319,1.103e+02,1.874
0.325202,466,0.2690,0.121,2.509e+01,1.005
0.029811,467,0.7858,0.110,2.072e+01,0.942
0.128885,468,0.1500,0.000,3.231e-15,0.976
0.236946,469,0.3784,0.000,0.000e+00,1.023
0.043437,470,0.4839,0.205,4.758e+01,1.239
0.099407,472,0.3310,0.689,5.718e+02,5.014
0.034787,473,0.0808,0.048,2.885e-01,1.013
0.212924,474,0.3243,0.000,0.000e+00,0.929
0.024151,475,0.2991,0.102,1.733e+01,1.069
0.243064,476,0.2702,0.000,0.000e+00,0.960
0.050795,478,0.2434,0.000,0.000e+00,1.051
0.051586,479,0.2535,0.021,9.838e-02,1.022
0.089880,480,0.1944,0.011,8.607e-02,1.062
0.105442,481,0.2739,0.000,0.000e+00,1.047
0.082031,482,0.1604,0.000,0.000e+00,0.993
0.363184,483,0.4482,0.080,1.310e+01,1.091
0.038880,484,0.3993,0.092,1.200e+01,1.017
0.031210,485,0.8063,0.131,3.822e+01,1.035
0.194508,486,0.4386,0.095,1.163e+01,1.043
0.044825,487,0.1215,0.000,0.000e+00,1.037
0.027762,488,0.4682,0.079,5.855e+00,1.195
0.098566,489,0.1729,0.048,7.068e-01,1.003
0.048951,490,0.4674,0.145,3.379e+01,1.035
0.020349,491,1.2851,0.318,1.173e+02,1.373
0.030725,492,1.4314,0.156,3.977e+01,1.056
0.006560,493,0.9987,0.131,1.416e+01,0.945
0.029999,494,0.1587,0.000,0.000e+00,0.990
0.069399,495,0.4479,0.113,1.744e+01,1.072
0.045285,496,2.0048,3.148,7.033e+03,11.721
0.022454,497,0.4416,0.183,3.525e+01,1.019
0.043177,498,0.1295,0.000,0.000e+00,1.009
0.030715,499,0.4065,0.103,1.683e+01,0.999
0.031141,500,0.4772,0.393,2.006e+02,2.463
0.020753,501,-0.2161,1.123,1.948e+03,6.639
0.078024,502,0.4720,0.119,2.117e+01,1.184
0.097927,503,0.1218,0.015,1.784e-01,1.047
0.053345,504,0.4201,0.097,1.489e+01,1.078
0.081326,505,0.1259,0.000,0.000e+00,1.002
0.147104,506,0.3531,0.144,3.768e+01,1.183
0.134334,508,7.2220,0.534,2.620e+02,1.072
0.160311,509,0.3980,0.091,1.396e+01,0.999
0.060937,510,0.3505,0.137,3.010e+01,1.046
0.224185,511,0.3992,0.208,6.984e+01,1.618
0.172847,512,0.3865,0.109,1.783e+01,1.121
0.271231,514,0.4000,0.085,1.217e+01,1.017
0.385088,515,0.4225,0.000,3.970e-15,1.015
0.121649,519,0.4483,0.095,1.498e+01,1.076
0.191782,521,0.3688,0.113,2.270e+01,0.956
0.448139,523,0.4234,0.095,1.725e+01,1.016
0.129580,524,0.0901,0.000,0.000e+00,1.026
0.047986,525,0.0983,0.000,0.000e+00,0.982
0.105081,527,0.1550,0.000,0.000e+00,0.992
0.117020,528,0.1820,0.092,1.152e+00,1.055
0.111385,530,0.2386,0.000,0.000e+00,0.979
0.065352,531,0.1754,0.000,0.000e+00,0.971
0.041447,533,0.4341,0.122,2.383e+01,1.093
0.460039,535,0.4446,0.062,7.337e+00,0.922
0.422324,537,0.4203,0.109,1.777e+01,1.046
0.100043,539,0.3729,0.102,1.360e+01,1.013
0.408443,540,0.4249,0.108,1.875e+01,1.056
0.031590,541,1.1881,0.122,2.172e+01,1.139
0.365831,542,0.4299,0.098,1.804e+01,0.973
0.078543,545,0.4342,0.096,1.572e+01,1.139
0.142743,546,0.1111,0.056,1.062e+00,1.030
0.104523,547,0.4358,0.000,0.000e+00,0.955
0.355816,548,0.3983,0.104,1.826e+01,1.063
0.285309,549,0.4095,0.109,2.075e+01,0.998
0.426853,550,0.4391,0.061,6.283e+00,1.020
0.053573,551,0.7640,0.275,8.464e+01,0.995
0.025545,555,0.4357,0.094,1.255e+01,0.978
0.021208,556,0.5335,2.464,1.123e+04,17.506
0.101328,557,0.4327,0.105,1.790e+01,0.897
0.037052,558,0.3378,0.000,0.000e+00,0.986
0.255431,559,0.4789,0.083,8.526e+00,1.153
0.136825,560,0.2425,0.000,0.000e+00,0.992
0.059256,561,0.1809,0.000,0.000e+00,1.032
0.056022,563,0.5178,2.257,7.835e+03,16.029
0.142208,564,0.2288,0.000,0.000e+00,1.040
0.019254,565,0.4798,0.150,3.567e+01,1.283
0.162293,566,0.1381,0.000,0.000e+00,1.000
0.221354,567,0.1696,0.055,5.144e+00,1.140
0.023256,568,1.0657,0.084,1.101e+01,0.910
0.036250,569,1.5005,0.131,2.211e+01,0.953
0.489364,570,0.4692,0.072,8.437e+00,0.922
0.059610,571,0.1117,0.005,2.119e-02,1.053
0.002866,572,0.1235,0.074,1.325e+00,1.067
0.078138,573,0.2453,0.042,6.999e-01,1.074
0.074510,574,0.1801,0.096,4.439e+00,1.174
0.043951,575,0.7917,0.126,2.897e+01,1.220
0.065005,576,0.4173,0.000,0.000e+00,0.939
0.049464,577,0.1154,0.000,3.094e-15,0.987
0.280473,578,0.4477,0.410,2.558e+02,3.149
0.070321,579,0.1732,0.000,0.000e+00,0.999
0.194536,580,0.6101,6.432,4.499e+04,56.924
0.006175,581,0.3975,0.000,0.000e+00,0.990
0.062523,582,0.2236,0.028,8.206e-01,1.116
0.119173,583,0.1500,0.000,0.000e+00,1.016
0.046712,584,0.2400,0.000,0.000e+00,0.943
0.021215,585,2.9489,0.459,1.783e+02,1.734
0.087825,586,0.1747,0.000,0.000e+00,1.012
0.058270,587,0.1596,0.079,1.233e+00,1.041
0.098040,588,0.4423,0.094,1.395e+01,1.004
0.066590,589,0.1814,0.000,0.000e+00,0.993
0.243248,590,0.1594,0.000,0.000e+00,0.994
0.138698,591,0.2777,0.023,7.565e-01,1.058
0.209969,592,0.1187,0.035,1.307e+00,1.065
0.131061,593,0.1900,0.000,0.000e+00,1.027
0.035641,594,0.4260,0.082,9.412e+00,0.987
0.301454,595,0.4532,0.000,0.000e+00,0.960
0.029562,596,0.4049,0.084,1.132e+01,0.944
0.043229,597,0.3776,0.070,8.108e+00,0.927
0.062944,598,0.0874,0.065,7.233e-01,1.035
0.081417,599,0.4371,0.000,0.000e+00,0.972
0.057471,600,0.4554,0.056,1.426e+00,1.058
0.164891,601,0.3161,0.042,1.792e+00,1.120
0.175647,602,0.0748,0.000,0.000e+00,1.025
0.029864,603,0.1101,0.000,0.000e+00,1.016
0.035833,604,0.2478,0.000,0.000e+00,1.034
0.045905,605,0.1317,0.000,0.000e+00,1.036
0.082922,606,0.4634,0.000,0.000e+00,0.991
0.030287,607,0.1212,0.000,0.000e+00,1.002
0.076109,608,0.0564,0.000,0.000e+00,0.996
0.042483,609,0.1509,0.108,1.446e+00,1.053
0.084842,610,0.1216,0.000,0.000e+00,0.934
0.110485,611,0.1639,0.017,2.384e-01,1.049
0.107637,612,-0.1022,0.900,6.610e+02,7.870
0.219283,613,0.3378,0.024,6.690e-01,1.047
0.150863,614,0.2860,0.640,3.148e+02,4.657
0.006199,615,0.1592,0.029,1.325e-01,1.007
0.052317,616,0.3510,0.222,4.499e+01,2.010
0.093042,617,0.1633,0.000,0.000e+00,0.942
0.046537,618,0.1474,0.000,0.000e+00,0.982
0.202906,619,0.1233,0.105,1.260e+01,1.040
0.071778,620,0.1529,0.000,0.000e+00,1.008
0.066622,621,0.1728,0.000,0.000e+00,1.026
0.301257,622,,8.516,7.056e+04,
0.047367,623,0.2808,0.046,2.700e+00,1.134
0.194728,624,0.3142,0.017,3.074e-01,1.103
0.093103,625,0.1781,0.000,0.000e+00,1.000
0.074203,626,0.1555,0.000,0.000e+00,0.945
0.152161,627,0.1520,0.000,0.000e+00,1.001
0.032806,628,0.4147,0.141,2.674e+01,0.998
0.113752,629,0.3897,0.080,8.414e+00,1.034
0.053907,630,0.4314,0.000,0.000e+00,0.985
0.205300,631,0.1623,0.000,0.000e+00,0.981
0.222422,632,0.4268,0.050,2.500e+00,1.089
0.070739,633,0.1707,0.000,0.000e+00,0.960
0.122280,634,0.1104,0.000,0.000e+00,0.988
0.152576,635,0.1791,0.000,0.000e+00,0.995
0.192535,636,0.4535,0.000,0.000e+00,1.023
0.044225,637,0.3966,0.000,2.216e-15,1.032
0.188082,638,0.2135,0.000,0.000e+00,0.992
0.159401,639,0.4024,0.000,2.236e-15,1.002
0.058082,640,0.1729,0.107,8.665e-01,1.075
0.053690,641,0.1772,0.036,4.191e-01,1.039
0.031102,642,0.1417,0.000,1.731e-15,1.005
0.057271,643,0.4426,0.000,0.000e+00,1.028
0.195527,644,0.3031,0.000,0.000e+00,0.989
0.070915,645,0.1081,0.105,8.404e+00,1.289
0.085847,646,4.4630,0.396,1.901e+02,1.311
0.127562,647,0.3208,0.000,0.000e+00,0.920
0.052200,648,0.2343,0.000,0.000e+00,0.980
0.041664,649,0.1326,0.002,1.985e-03,1.019
0.158855,650,0.2654,0.000,0.000e+00,1.009
0.049377,651,0.8836,0.193,3.718e+01,1.400
0.163849,652,0.2025,0.000,2.170e-15,0.972
0.162837,653,0.1287,0.000,0.000e+00,0.990
0.072386,654,0.1930,0.022,2.457e-01,1.067
0.081828,655,0.3794,0.000,2.321e-15,1.010
0.041178,656,0.1564,0.000,0.000e+00,1.037
0.022058,657,1.5102,0.105,1.836e+01,1.008
0.114431,658,0.0775,0.049,7.009e-01,1.033
0.060821,659,2.2828,0.157,2.289e+01,0.993
0.213799,660,0.2488,0.000,0.000e+00,0.988
0.191992,661,0.2311,0.000,0.000e+00,0.985
0.084512,662,0.2005,0.000,0.000e+00,0.953
0.046321,663,3.3128,0.233,5.977e+01,0.861
0.026435,664,1.0826,0.553,4.647e+02,2.736
0.111179,665,0.1522,0.000,0.000e+00,0.989
0.104672,666,0.1958,0.000,0.000e+00,0.988
0.034161,667,0.1649,0.015,2.953e-02,1.034
0.007279,668,1.3829,0.135,1.196e+01,1.017
0.016108,669,1.1216,0.491,1.739e+02,2.588
0.030705,670,0.8799,0.353,1.731e+02,2.978
0.009322,671,0.7883,0.485,2.424e+02,3.471
0.081267,672,1.1527,0.370,8.614e+01,1.076
0.009607,673,1.6648,0.201,3.409e+01,0.959
0.035841,674,4.0589,2.764,2.110e+04,4.103
0.035093,675,1.6214,0.070,6.527e+00,0.770
0.000446,676,1.9043,0.129,1.388e+01,0.991
0.042329,677,0.8245,0.312,9.516e+01,1.678
0.010957,678,1.6510,0.082,1.004e+01,0.969
0.115590,679,5.6770,0.240,1.890e+00,1.055
0.021191,680,0.9582,0.287,6.289e+01,1.789
0.027073,681,5.7860,0.734,9.938e+02,1.622
0.066258,683,6.0801,0.209,6.077e+01,0.967
0.046521,684,0.9158,0.076,9.447e+00,0.886
0.016488,685,3.0871,0.201,4.581e+01,0.875
0.012154,686,7.5117,0.247,9.584e+01,1.100
0.036092,687,5.7803,0.235,5.100e+01,0.839
0.351672,688,0.1343,0.000,4.279e-15,1.070
0.005153,689,5.9635,0.928,1.348e+03,0.786
0.042176,690,1.2609,0.167,2.250e+01,1.134
0.105665,691,0.2905,0.195,4.014e+01,1.277
0.033357,692,5.1404,0.783,1.248e+03,1.747
0.032823,693,6.2758,0.426,2.177e+02,1.030
0.040333,694,8.3457,1.617,3.353e+03,2.768
0.218132,695,7.0670,1.505,3.081e+03,2.330
0.052720,697,4.0027,0.259,1.101e+02,1.121
0.046687,698,7.2414,0.685,7.860e+02,1.303
0.017852,699,1.5179,0.527,3.579e+02,2.898
0.012220,700,1.2494,0.163,2.963e+01,1.027
0.020441,701,0.6106,0.120,2.636e+01,1.120
0.107513,702,0.3832,0.137,2.980e+01,1.082
0.019223,703,1.1537,0.130,1.246e+01,0.912
0.032732,704,8.4614,0.695,9.423e+02,0.990
0.029573,705,2.4457,1.328,3.186e+03,2.236
0.051393,706,3.4691,0.258,6.599e+01,1.157
0.001651,708,0.9518,0.117,1.385e+01,0.889
0.036082,709,6.3756,1.760,7.769e+03,3.857
0.036404,710,2.4983,0.126,1.487e+01,1.002
0.080440,711,1.4301,0.165,1.784e+01,1.042
0.041349,712,0.9259,0.198,2.669e+01,1.170
0.071909,714,2.1630,0.207,6.485e+01,1.991
0.032017,715,1.0451,0.149,1.709e+01,0.976
0.067523,716,2.1159,0.618,8.772e+02,1.123
0.030035,718,1.4564,0.114,1.428e+01,0.964
0.050428,719,1.1167,0.357,1.685e+02,1.143
0.024273,720,1.5735,0.279,6.498e+01,1.125
0.008660,721,1.7637,0.110,1.272e+01,0.960
0.016654,722,1.3187,0.454,3.894e+02,1.139
0.006228,723,4.6727,0.232,7.630e+01,0.961
0.074036,724,1.7180,0.094,8.663e+00,0.921
0.082218,725,1.0302,0.189,4.642e+01,1.453
0.093468,726,-0.0317,0.829,4.128e+02,6.443
0.059302,727,0.6180,0.287,1.000e+02,0.923
0.007118,728,0.9468,0.102,1.450e+01,0.876
0.036939,729,14.9058,1.236,3.234e+03,1.872
0.396396,731,-0.0209,0.100,1.957e+00,0.985
0.051517,735,0.6727,0.150,1.954e+01,0.810
0.030954,738,1.0065,0.169,4.260e+01,0.885
0.069934,739,1.0124,0.269,7.692e+01,1.832
0.021367,741,4.7543,0.643,6.603e+02,1.032
0.023136,742,0.4853,0.293,1.094e+02,1.027
0.073238,743,3.2854,0.263,9.137e+01,1.079
0.054191,744,2.8357,0.279,5.092e+01,0.846
0.061235,745,3.6256,1.547,4.507e+03,2.283
0.041828,746,0.9026,0.135,1.687e+01,0.939
0.029857,747,0.7552,0.171,3.026e+01,0.863
0.028901,748,0.7396,0.211,6.133e+01,0.925
0.057079,749,0.3548,0.139,3.354e+01,1.002
0.045610,750,0.9630,0.122,1.471e+01,0.928
0.097936,751,0.3077,0.149,3.803e+01,1.269
0.046931,752,0.9073,0.197,4.138e+01,0.953
0.188971,753,-0.0572,0.164,3.588e+00,0.976
0.043601,755,-0.0437,0.174,4.018e+00,1.093
0.198185,757,0.3067,0.116,1.609e+01,1.154
0.035846,759,1.5264,0.165,2.251e+01,0.849
0.060049,760,1.5056,0.518,1.726e+02,1.415
0.049384,762,0.9831,0.187,2.197e+01,0.836
0.016936,763,2.6605,0.552,4.232e+02,1.001
0.053121,764,2.3458,0.347,2.105e+02,1.226
0.016638,765,0.7214,0.182,2.383e+01,1.048
0.083110,767,0.3285,0.022,4.402e-01,1.038
0.091056,768,0.2958,0.000,0.000e+00,1.030
0.085606,769,1.0305,0.122,1.743e+01,0.920
0.038855,771,1.5783,2.025,6.196e+03,12.236
0.039254,772,2.9321,0.823,1.467e+03,1.025
0.066878,773,0.6074,0.148,2.929e+01,1.156
0.051240,774,0.8841,0.157,1.558e+01,0.961
0.188619,779,-0.0072,0.036,3.697e-01,0.948
0.099733,780,-0.0007,0.092,2.452e+00,1.029
0.146001,781,-0.0537,0.161,7.847e+00,1.072
0.088649,782,-0.0229,0.000,0.000e+00,0.943
0.102985,783,-0.0128,0.068,6.528e-01,1.000
0.013492,784,-1.1878,2.177,3.180e+03,10.158
0.161313,786,-0.0671,0.106,1.369e+00,0.987
0.123103,788,-0.0092,0.188,9.185e+00,1.015
0.145305,791,-0.0285,0.098,3.444e+00,0.979
0.168650,792,-0.0089,0.152,7.878e+00,0.987
0.102092,793,-0.0357,0.210,3.599e+00,1.074
0.144395,794,-0.0250,0.098,2.175e+00,0.976
0.278501,795,0.2553,0.862,4.182e+01,1.856
0.142109,796,-0.0362,0.071,1.766e+00,1.001
0.045958,797,2.7814,0.341,1.125e+02,1.053
0.121242,798,-0.0284,0.581,3.424e+01,1.890
0.066032,799,0.0069,0.000,0.000e+00,0.976
0.084645,800,-0.0259,0.113,4.345e+00,0.974
0.098430,801,0.1066,2.837,7.893e+02,7.817
0.157190,802,0.0105,0.000,0.000e+00,0.923
0.093243,803,-0.0120,0.071,1.811e+00,0.995
0.103726,805,-0.0155,0.118,1.752e+00,1.049
0.120062,806,0.1126,0.000,0.000e+00,0.961
0.169013,807,-0.0231,0.000,0.000e+00,0.932
0.072042,808,0.0285,0.136,5.940e+00,0.921
0.072677,809,0.0501,1.108,1.056e+02,2.962
0.079206,810,-0.0248,0.076,6.984e-01,1.008
0.246501,811,-0.0286,0.238,6.035e+00,1.136
0.142827,812,0.0379,0.198,1.171e+00,1.021
0.121014,815,-0.0129,0.000,0.000e+00,0.972
0.087780,816,-0.0037,0.126,1.232e+00,1.022
0.146977,817,0.1101,0.259,1.828e+00,1.048
0.145408,818,-0.0601,0.102,1.058e+00,1.033
0.259985,819,-0.0539,0.164,5.169e+00,1.054
0.107311,820,-0.0125,0.198,3.418e+00,1.038
0.110042,822,-0.0125,0.000,0.000e+00,0.966
0.431932,823,-0.0298,0.046,4.392e-01,1.006
0.109586,824,0.0213,0.146,1.063e+00,1.021
0.091245,825,-0.0212,0.263,1.333e+00,1.031
0.405658,826,-0.0349,0.056,1.204e+00,0.904
0.232415,827,0.0104,0.063,4.639e-01,0.986
0.128502,828,-0.0186,0.120,1.697e+00,0.994
0.235817,829,0.0124,0.031,1.918e-01,0.947
0.108465,830,-0.0872,0.203,4.225e+00,1.034
0.145034,832,0.5977,2.192,3.379e+03,11.981
0.314672,834,-0.0291,0.000,0.000e+00,0.988
0.305186,835,0.1018,0.601,1.605e+01,1.273
0.126749,836,0.0752,0.000,0.000e+00,0.961
0.436381,838,-0.0170,0.128,2.980e+00,1.106
0.302789,839,0.0045,0.185,8.316e-01,1.033
0.253036,844,0.0117,0.410,3.786e+01,1.822
0.078922,845,1.2165,0.185,3.013e+01,1.058
0.108606,846,-0.0074,0.207,9.603e+00,1.014
0.034255,848,2.8515,0.327,2.364e+02,1.180
0.021577,850,0.0033,0.213,8.612e+00,1.063
0.006537,851,2.5409,0.531,5.682e+02,1.118
0.030734,852,0.5760,0.214,6.093e+01,1.718
0.079462,853,0.5058,0.078,8.513e+00,1.074
0.014287,854,0.7024,0.160,1.472e+01,1.014
0.436340,855,-0.0051,0.078,1.661e+00,0.954
0.161933,856,2.4554,0.220,7.005e+01,1.975
0.022413,857,2.9728,1.433,4.567e+03,2.614
0.164859,858,-0.1045,0.000,0.000e+00,0.983
0.101149,859,2.6595,0.409,1.357e+02,1.033
0.084169,861,4.8443,3.515,1.415e+04,25.047
0.036793,862,2.3406,0.367,1.040e+02,1.130
0.071681,863,0.5216,0.133,2.983e+01,1.099
0.125677,864,0.0451,0.089,6.337e+00,0.882
0.008899,865,4.6624,0.291,7.420e+01,0.866
0.052836,866,1.1796,0.289,1.444e+02,1.534
0.340066,867,,2.419,5.771e+03,
0.068949,868,0.8522,0.171,1.904e+01,1.028
0.072359,869,2.6792,0.529,2.347e+02,1.591
0.417797,877,,2.113,1.113e+01,
0.061403,887,0.0971,0.371,2.286e+00,1.075
0.119557,891,0.6389,0.164,4.355e+01,1.015
0.066140,892,0.5245,0.123,2.519e+01,1.285
0.089291,894,0.5662,0.210,5.927e+01,1.551
0.063410,895,1.9761,1.073,2.112e+03,1.150
0.040377,896,3.2258,0.167,1.756e+01,0.926
0.020290,897,11.4008,2.025,4.852e+03,2.118
0.045462,898,1.4345,0.145,3.129e+01,1.067
0.011803,900,2.4293,0.426,3.495e+02,1.112
0.038130,903,1.4318,0.228,5.396e+01,0.963
0.038400,904,1.4303,0.174,4.484e+01,1.014
0.075657,906,1.2064,0.442,3.086e+02,2.880
0.034521,909,3.6196,0.329,1.612e+02,1.052
0.386280,911,-0.0035,0.135,2.599e+00,0.991
0.009297,912,1.2744,0.243,7.256e+01,1.049
0.198631,914,0.0382,0.000,0.000e+00,0.932
0.085456,917,0.8123,0.107,1.664e+01,0.914
0.049671,918,0.8121,0.181,4.798e+01,1.260
0.115460,919,0.7018,0.163,3.624e+01,1.379
0.050113,920,2.8772,0.352,1.427e+02,1.005
0.012074,921,0.9899,0.248,4.339e+01,1.014
0.020228,922,2.9854,0.302,5.562e+01,1.099
0.027479,923,0.9492,0.150,3.558e+01,1.267
0.043198,924,1.2985,0.198,3.393e+01,1.045
0.030357,925,1.9633,0.735,5.743e+02,5.126
0.029393,926,0.8878,0.166,3.427e+01,1.204
0.030018,927,1.0231,0.230,5.600e+01,1.173
0.127500,928,0.5975,0.222,8.382e+01,1.534
0.061177,929,1.3202,0.269,1.280e+02,1.087
0.036885,930,0.7833,0.178,4.774e+01,1.139
0.069965,931,0.9183,0.125,1.985e+01,1.121
0.050426,932,0.4688,0.163,3.350e+01,1.620
0.008575,933,0.4592,0.138,1.298e+01,1.174
0.091255,934,0.4671,0.111,1.461e+01,1.012
0.181002,935,0.5351,0.099,1.305e+01,0.840
0.045670,936,2.0004,0.922,1.279e+03,1.515
0.011717,938,1.7754,0.341,1.015e+02,1.073
0.042967,941,0.4418,0.111,1.397e+01,1.080
0.006346,942,3.4337,0.463,3.206e+02,1.167
0.029605,943,2.1039,0.170,2.069e+01,1.048
0.012203,944,6.4273,0.277,8.812e+01,1.079
0.084246,945,1.0483,0.105,1.104e+01,0.948
0.006442,946,5.0265,0.856,1.066e+03,1.302
0.089882,947,0.8625,0.110,1.340e+01,0.922
0.043609,948,0.4894,0.163,2.670e+01,1.380
0.021726,949,2.3616,0.167,1.682e+01,0.790
0.045336,950,1.6065,0.973,7.350e+02,2.784
0.061933,951,0.4824,0.100,9.970e+00,0.954
0.020085,952,1.2328,0.203,2.633e+01,0.929
0.022579,953,0.5635,0.117,1.359e+01,1.106
0.033878,954,1.5553,0.544,1.776e+02,1.994
0.049677,955,4.6484,0.349,1.242e+02,0.956
0.031306,956,1.0557,0.277,8.507e+01,1.094
0.020874,957,3.2307,0.447,3.531e+02,1.047
0.052379,958,0.3829,0.094,1.051e+01,1.023
0.053182,959,0.5359,0.102,8.237e+00,1.089
0.012004,961,1.5792,0.416,1.057e+02,2.124
0.014693,962,0.2350,0.210,2.056e+01,1.375
0.004068,963,1.7701,0.962,1.285e+03,1.168
0.051175,964,1.8635,0.330,1.547e+02,0.823
0.020885,965,1.1236,0.339,5.522e+01,1.560
0.019059,966,0.2603,0.189,4.238e+01,1.217
0.046469,967,4.0113,0.403,1.613e+02,1.287
0.025149,968,0.6784,0.198,2.831e+01,0.977
0.040171,969,2.5024,0.290,1.306e+02,0.858
0.036899,970,0.3449,0.202,8.847e+01,1.024
0.006794,971,1.2216,0.149,2.646e+01,0.811
0.024153,972,1.1281,0.268,8.188e+01,1.297
0.036799,974,0.7695,0.133,2.360e+01,1.074
0.030881,975,1.7481,0.336,1.082e+02,1.503
0.045424,976,0.6113,0.172,3.289e+01,1.080
0.044681,977,2.9141,0.573,4.830e+02,0.927
0.008595,978,4.7209,0.748,1.135e+03,0.852
0.055627,979,4.4475,2.067,4.909e+03,1.824
0.019729,980,0.4566,0.135,2.084e+01,1.170
0.039273,981,0.9593,0.194,3.299e+01,1.287
0.031059,982,1.6669,0.404,2.504e+02,1.027
0.032123,983,1.4952,0.363,1.409e+02,1.271
0.111449,984,1.8128,0.340,1.104e+02,1.507
0.351561,985,0.6626,0.086,8.508e+00,1.094
0.001626,986,5.3553,0.271,6.935e+01,0.581
0.187189,987,0.6008,0.127,1.832e+01,1.169
0.338546,988,0.6368,0.075,6.118e+00,1.086
0.029908,989,1.1563,0.203,4.184e+01,1.827
0.100468,990,0.5404,0.102,1.064e+01,1.095
0.039469,991,1.7706,0.282,5.575e+01,1.231
0.020399,992,0.6283,0.232,4.353e+01,1.363
0.044163,994,0.6610,0.129,1.891e+01,0.974
0.009405,995,0.7025,0.190,2.258e+01,1.107
0.008690,996,4.3762,0.523,3.329e+02,1.077
0.013270,997,1.2770,0.177,4.229e+01,1.094
0.070276,998,2.9432,0.625,3.565e+02,2.265
0.063910,999,0.7090,0.091,8.646e+00,0.895
0.021383,1000,0.4650,0.156,2.876e+01,1.103
0.046346,1001,-1.3292,5.228,3.736e+04,5.060
0.001508,1002,0.6558,0.106,1.693e+01,1.028
0.037278,1003,1.6454,0.770,9.872e+02,1.087
0.015836,1004,1.6500,0.784,7.249e+02,1.074
0.006592,1005,3.6272,0.314,1.316e+02,0.984
0.007513,1006,2.1620,0.418,2.455e+02,1.089
0.034435,1007,0.5891,0.141,2.283e+01,1.068
0.060105,1008,1.3235,0.417,1.954e+02,1.111
0.052215,1009,0.6138,0.171,3.428e+01,1.162
0.023874,1010,1.8033,0.191,4.170e+01,1.135
0.011859,1011,4.8300,1.604,3.962e+03,3.041
0.012021,1012,0.7927,0.377,9.223e+01,1.208
0.015624,1013,1.2369,0.336,1.038e+02,0.993
0.022323,1014,5.1421,0.389,2.121e+02,1.041
0.019217,1015,0.7230,0.169,1.827e+01,0.967
0.015171,1016,2.8487,0.277,7.168e+01,1.295
0.051247,1017,0.9859,0.204,3.877e+01,0.972
0.015796,1018,1.0425,0.181,2.594e+01,0.953
0.018061,1019,1.0042,0.224,5.852e+01,1.031
0.033736,1020,0.7942,0.227,5.513e+01,1.023
0.047995,1021,0.9398,0.171,4.257e+01,1.013
0.060258,1022,1.4961,0.313,5.262e+01,1.335
0.029236,1023,0.8175,0.254,5.900e+01,1.114
0.032807,1024,1.8167,0.322,8.975e+01,0.930
0.043224,1025,0.6284,0.882,9.368e+02,3.852
0.058373,1026,0.3656,0.173,3.062e+01,1.301
0.014289,1027,1.3853,0.383,7.613e+01,0.985
0.086519,1028,0.6032,0.207,2.107e+01,0.861
0.021771,1029,3.4481,0.324,1.312e+02,0.974
0.031986,1030,0.9223,0.182,3.251e+01,0.894
0.082883,1031,0.2440,0.185,4.456e+01,1.328
0.053462,1032,0.8770,0.159,2.347e+01,1.162
0.036279,1033,0.5008,0.176,1.396e+01,0.979
0.036911,1034,1.7888,0.379,1.212e+02,1.055
0.009410,1035,1.3741,0.374,7.393e+01,0.978
0.084204,1038,0.9928,0.214,4.843e+01,1.009
0.015553,1039,1.2601,0.410,2.188e+02,1.041
0.016074,1040,0.5764,0.248,1.125e+02,1.841
0.020495,1041,1.8300,0.558,1.924e+02,1.319
0.043935,1042,0.7882,3.454,2.763e+04,8.408
0.035952,1043,1.2019,0.466,2.799e+02,1.114
0.048199,1044,,72.765,2.867e+06,
0.077576,1045,0.6609,0.199,6.186e+01,1.261
0.041324,1046,2.6167,0.783,7.057e+02,1.221
0.033627,1047,0.4929,0.197,3.862e+01,0.984
0.068975,1048,2.6471,0.319,7.224e+01,0.955
0.015317,1049,2.7314,0.339,9.544e+01,1.019
0.047596,1050,0.3771,0.165,1.658e+01,0.971
0.077619,1051,1.2636,0.255,1.195e+02,1.081
0.111483,1052,0.2255,0.148,3.336e+01,1.370
0.039214,1053,1.3486,1.168,2.761e+03,2.469
0.050184,1054,0.7270,0.177,2.551e+01,0.858
0.052793,1055,0.2661,0.161,2.219e+01,1.018
0.022190,1056,0.3151,0.139,2.499e+01,0.935
0.008421,1057,1.7805,0.278,5.011e+01,1.084
0.021439,1058,1.5956,0.240,3.326e+01,0.938
0.030132,1059,0.4266,0.126,2.722e+01,1.175
0.041292,1060,1.8213,0.293,6.398e+01,0.985
0.047984,1061,3.0136,0.560,4.835e+02,1.861
0.040734,1062,1.2677,0.278,1.114e+02,0.978
0.014970,1063,0.8082,0.202,2.801e+01,1.058
0.049326,1064,0.8041,0.250,4.085e+01,0.927
0.010768,1065,0.9895,0.150,2.198e+01,0.865
0.023139,1066,2.2694,3.890,3.786e+04,4.068
0.094059,1067,1.1397,0.147,2.403e+01,1.350
0.054175,1068,3.5610,1.325,3.616e+03,1.493
0.036453,1069,1.7492,0.316,1.171e+02,1.110
0.105611,1070,0.9337,0.209,5.969e+01,1.080
0.048659,1071,0.2666,0.174,4.848e+01,1.150
0.032252,1072,-0.0135,0.584,2.606e+02,3.865
0.109289,1073,-3.6411,7.034,7.023e+04,50.867
0.019540,1074,0.3518,0.405,2.141e+02,2.971
0.043032,1075,3.4962,1.294,2.455e+03,1.874
0.055565,1076,2.9923,1.150,2.264e+03,1.355
0.025706,1077,0.9837,0.654,4.018e+02,3.278
0.058672,1078,0.8111,0.234,1.165e+02,1.225
0.028429,1079,1.0847,0.935,3.570e+02,3.276
0.068364,1080,0.8968,0.516,4.272e+02,1.140
0.030783,1081,0.3599,0.212,6.103e+01,1.430
0.026065,1082,0.9574,0.221,9.731e+01,0.912
0.181936,1083,0.6037,0.179,5.193e+01,1.105
0.063400,1084,0.7271,0.850,1.031e+03,2.501
0.151009,1085,0.3215,0.104,1.603e+01,1.016
0.034491,1086,2.5257,0.656,6.843e+02,0.948
0.046448,1087,1.8079,0.281,5.924e+01,0.958
0.018236,1088,2.2123,0.387,1.559e+02,0.876
0.038490,1089,3.2782,0.907,1.244e+03,1.225
0.099496,1090,0.2673,0.108,2.559e+01,1.056
0.043434,1091,1.1243,0.362,1.067e+02,1.915
0.038302,1092,1.7919,0.487,5.433e+02,0.941
0.040778,1094,2.3807,0.158,2.391e+01,1.155
0.066391,1095,0.6375,0.158,1.749e+01,0.982
0.049235,1096,1.6289,1.762,3.058e+03,5.081
0.307148,1097,0.9176,0.188,3.739e+01,1.002
0.051140,1098,1.1192,0.308,7.994e+01,1.070
0.007654,1099,0.9502,0.306,7.784e+01,0.949
0.047560,1101,0.3983,0.141,2.715e+01,0.973
0.020211,1103,1.3993,0.306,1.728e+02,1.577
0.013737,1104,0.2534,0.102,1.550e+01,0.945
0.048508,1105,0.6231,0.247,7.894e+01,1.065
0.044718,1106,0.5427,0.131,1.959e+01,0.844
0.140908,1107,0.2921,0.145,3.268e+01,1.052
0.033107,1109,1.0918,0.166,3.829e+01,1.043
0.018796,1110,2.5769,0.643,5.842e+02,1.045
0.085936,1111,1.3160,0.237,6.384e+01,1.041
0.059601,1112,0.3028,0.101,1.646e+01,1.046
0.075502,1113,1.3414,0.364,9.701e+01,1.054
0.045132,1114,2.0401,0.578,4.591e+02,1.097
0.101260,1115,0.0723,2.885,7.404e+03,7.148
0.036445,1116,0.5227,0.386,1.235e+02,0.966
0.141616,1117,0.8669,0.326,1.524e+02,1.182
0.020675,1118,0.9176,0.332,1.768e+02,1.153
0.039717,1119,0.2607,0.131,2.536e+01,0.907
0.013972,1120,2.1469,0.234,6.539e+01,0.965
0.058185,1121,1.3271,0.766,7.421e+02,4.042
0.168244,1122,0.2925,0.107,2.547e+01,1.222
0.099975,1123,0.6148,0.130,2.882e+01,1.057
0.024560,1124,0.2500,0.146,2.439e+01,1.003
0.014972,1126,1.9110,0.284,1.114e+02,0.897
0.048217,1128,2.2974,0.274,6.587e+01,0.890
0.021475,1129,0.4836,0.147,2.142e+01,0.914
0.056015,1130,2.5445,0.103,1.781e+01,0.949
0.034744,1131,2.4697,0.365,1.478e+02,0.870
0.094257,1132,1.0294,1.743,3.649e+03,6.348
0.069884,1133,0.3001,0.107,1.409e+01,0.997
0.031060,1134,0.3184,0.134,3.131e+01,1.031
0.056887,1135,1.0120,0.217,4.482e+01,0.974
0.031517,1137,0.6434,0.147,3.366e+01,0.971
0.110319,1140,0.7003,0.129,1.637e+01,0.824
0.134356,1141,0.1765,0.122,3.232e+01,1.026
0.012641,1142,1.7079,0.154,3.180e+01,0.968
0.058003,1143,5.0296,0.837,8.840e+02,1.745
0.044964,1144,0.3342,0.141,3.544e+01,1.121
0.018425,1145,3.1072,0.177,2.027e+01,0.921
0.099600,1147,0.3063,0.102,1.406e+01,0.958
0.070688,1148,0.2881,0.122,2.558e+01,1.006
0.045479,1149,0.6579,0.270,5.761e+01,1.418
0.018449,1150,3.0110,1.375,4.229e+03,2.083
0.018845,1152,1.7339,0.264,6.922e+01,0.903
0.004977,1154,2.4474,0.181,2.050e+01,0.940
0.063107,1155,2.2149,0.319,6.310e+01,1.003
0.008554,1156,0.7816,0.228,6.226e+01,0.951
0.017784,1158,1.8301,0.336,1.019e+02,0.858
0.051501,1159,0.3348,0.139,3.786e+01,1.142
0.213118,1160,0.2736,0.114,2.520e+01,0.995
0.047884,1161,0.2854,0.107,2.037e+01,1.093
0.049373,1163,2.9649,5.493,2.801e+04,18.655
0.064045,1164,1.1361,0.445,1.736e+02,1.309
0.318873,1165,0.4388,0.486,3.624e+02,2.629
0.320618,1165,,0.824,3.742e+02,
0.443452,1167,0.9666,0.141,2.411e+01,0.994
0.006913,1168,2.4707,0.500,3.026e+02,1.221
0.027844,1169,0.8227,0.132,3.044e+01,1.047
0.003595,1170,1.9337,0.420,1.806e+02,1.180
0.015368,1171,0.3662,0.230,1.118e+02,1.337
0.068330,1172,0.3671,0.121,2.398e+01,0.885
0.057172,1173,1.4536,0.319,1.230e+02,1.048
0.024010,1174,6.5859,0.298,1.163e+02,1.004
0.063066,1176,0.6635,0.105,1.777e+01,1.068
0.063138,1177,0.2549,0.114,2.334e+01,0.987
0.382595,1179,0.1145,0.035,1.787e+00,0.934
0.245802,1180,0.3040,0.045,3.471e+00,0.872
0.023858,1181,1.9728,0.280,1.172e+02,0.871
0.045175,1182,1.8042,0.238,5.729e+01,0.967
0.005023,1183,3.9426,0.295,1.114e+02,1.048
0.027688,1184,1.3511,0.234,7.365e+01,0.837
0.057269,1185,0.7576,0.179,3.058e+01,0.796
0.032516,1189,0.8015,0.392,1.331e+02,0.966
0.068982,1190,1.3477,0.246,7.089e+01,0.994
0.027451,1191,0.1033,0.025,5.901e-01,1.046
0.193078,1192,0.1079,0.192,7.549e+01,1.348
0.032437,1193,1.1192,0.184,3.034e+01,0.907
0.033391,1195,2.4340,0.836,1.256e+03,1.104
0.014763,1196,2.3627,0.389,1.639e+02,0.937
0.136673,1197,-1.7973,3.997,2.330e+04,26.638
0.149938,1199,0.7157,0.115,1.922e+01,1.071
0.001283,1200,2.3934,0.370,1.556e+02,0.947
0.032832,1201,0.6210,0.108,1.488e+01,0.859
0.045739,1202,0.8262,0.148,2.861e+01,0.868
0.060756,1203,0.8375,0.207,5.535e+01,0.959
0.015556,1204,0.8662,0.160,3.448e+01,0.967
0.209613,1205,0.7045,0.309,1.635e+02,1.085
0.490339,1206,,111.794,9.407e+06,
0.021005,1207,0.6201,0.208,6.166e+01,0.964
0.045404,1208,1.1056,0.734,6.482e+02,2.966
0.048190,1209,1.6704,0.339,1.145e+02,0.909
0.047897,1211,4.3147,0.698,6.460e+02,0.863
0.062227,1212,0.8088,0.154,2.498e+01,0.836
0.035365,1213,0.8813,0.423,1.261e+02,1.599
0.010041,1214,1.3896,0.369,1.472e+02,1.007
0.164598,1215,,70.897,6.587e+06,
0.086682,1216,0.7497,0.139,2.486e+01,0.984
0.033063,1217,0.5275,0.113,2.017e+01,0.855
0.027025,1218,0.9258,0.215,4.728e+01,0.882
0.007538,1219,1.2502,0.403,1.395e+02,1.266
0.009243,1220,0.8965,0.151,3.409e+01,0.859
0.005419,1221,0.6087,0.168,2.783e+01,0.925
0.053307,1222,1.1002,0.241,3.572e+01,0.970
0.025658,1224,0.5422,0.100,1.097e+01,0.871
0.067942,1226,1.1891,0.097,1.296e+01,0.911
0.097991,1227,0.5359,0.086,9.915e+00,0.787
0.072166,1228,0.5564,0.118,1.476e+01,0.983
0.479407,1230,1.4300,0.223,6.325e+01,0.914
0.049338,1231,2.8592,5.627,2.173e+04,22.209
0.030531,1232,1.2572,0.198,5.176e+01,0.876
0.034730,1233,4.5136,0.302,1.230e+02,1.013
0.014996,1234,5.2893,1.335,2.673e+03,1.789
0.050065,1235,0.4593,0.114,1.377e+01,0.921
0.065997,1236,0.7930,0.131,2.004e+01,0.962
0.037425,1237,0.5587,0.184,3.689e+01,1.052
0.039391,1238,0.6399,0.142,1.149e+01,0.869
0.059785,1239,0.5302,0.075,6.806e+00,0.896
0.079498,1240,0.5971,0.117,1.795e+01,1.018
0.014300,1242,0.9832,0.178,4.640e+01,1.039
0.467377,1243,1.0628,0.113,1.574e+01,0.882
0.068247,1244,0.5233,0.106,1.365e+01,1.109
0.018567,1245,1.0256,0.112,1.455e+01,0.916
0.033305,1246,1.1299,0.282,7.266e+01,1.529
0.010206,1247,1.1723,0.155,3.138e+01,0.974
0.055320,1248,0.2509,0.102,2.441e+01,0.929
0.017524,1249,0.7572,2.129,4.181e+03,6.824
0.068235,1250,0.9295,0.204,4.011e+01,0.876
0.078499,1251,1.4700,0.173,2.878e+01,0.954
0.002042,1252,1.8129,0.145,1.823e+01,0.998
0.075197,1253,1.3382,1.133,1.545e+03,6.641
0.054217,1254,2.4054,0.450,2.722e+02,0.975
0.061510,1255,0.4539,0.096,1.304e+01,1.081
0.063256,1256,0.7182,0.157,3.002e+01,1.138
0.023972,1257,2.4706,0.900,1.099e+03,0.927
0.012360,1258,1.0804,0.186,6.016e+01,1.088
0.062531,1259,0.6335,0.095,8.927e+00,0.859
0.035331,1260,1.2796,0.254,4.302e+01,0.870
0.053462,1261,19.6883,0.147,2.328e+01,0.904
0.034071,1262,5.8491,0.293,1.062e+02,0.767
0.012298,1263,0.6253,0.198,2.893e+01,1.018
0.020898,1264,0.7096,0.076,7.813e+00,0.817
0.034270,1265,1.3521,0.224,4.608e+01,1.012
0.009348,1266,1.9899,0.247,6.961e+01,0.988
0.024288,1267,2.3478,0.221,3.690e+01,0.936
0.055310,1268,0.2212,0.099,1.389e+01,0.932
0.037304,1269,0.7378,0.117,1.633e+01,0.896
0.026214,1270,0.4966,0.153,2.422e+01,0.863
0.043798,1271,0.6977,0.140,2.245e+01,1.047
0.049116,1272,0.4042,0.138,2.364e+01,1.091
0.019650,1273,0.9448,0.513,1.936e+02,1.810
0.025778,1274,1.5630,1.611,2.930e+03,3.239
0.025184,1275,1.7089,0.161,1.977e+01,1.051
0.011741,1276,0.4990,0.118,1.782e+01,1.052
0.189203,1277,,118.502,8.116e+06,
0.025097,1278,0.7323,0.173,3.027e+01,0.988
0.137095,1279,0.6602,0.157,1.709e+01,0.843
0.025088,1280,1.8970,0.193,2.930e+01,0.882
0.038050,1281,0.4927,0.155,3.052e+01,0.967
0.045249,1282,5.9358,1.242,1.844e+03,1.049
0.013602,1283,1.9808,0.290,7.195e+01,0.943
0.032433,1284,0.3557,0.206,5.228e+01,0.884
0.072389,1285,0.8280,0.202,3.042e+01,0.825
0.048092,1286,1.6684,0.127,1.858e+01,1.086
0.087684,1287,0.8682,0.201,2.673e+01,0.880
0.035532,1288,0.9150,0.373,1.942e+02,0.943
0.064848,1289,0.7141,0.151,2.685e+01,0.957
0.019401,1290,1.4948,0.320,9.295e+01,1.039
0.042472,1291,0.4549,0.085,9.155e+00,0.930
0.030608,1292,0.3585,0.124,1.902e+01,0.951
0.027020,1293,0.9501,0.187,2.524e+01,1.036
0.068963,1294,2.1455,0.299,7.967e+01,1.083
0.004647,1295,0.8374,0.312,1.263e+02,1.011
0.030080,1296,0.8010,0.226,5.345e+01,0.921
0.038481,1297,0.4093,0.223,6.164e+01,0.862
0.060672,1298,3.2196,0.691,5.379e+02,1.274
0.125073,1300,0.5889,0.183,3.437e+01,1.035
0.074914,1301,1.0038,0.195,4.796e+01,1.036
0.029132,1302,0.6635,0.191,3.889e+01,0.855
0.021166,1303,1.7812,0.225,4.837e+01,0.760
0.041080,1304,0.6064,0.220,5.708e+01,0.851
0.034302,1305,0.4937,0.967,9.343e+02,3.560
0.019158,1306,0.9402,0.202,3.684e+01,0.947
0.033428,1307,0.7359,0.199,3.062e+01,0.933
0.011833,1308,4.7357,0.741,5.658e+02,2.671
0.061125,1309,0.4096,0.138,2.298e+01,1.087
0.026080,1310,0.5651,0.247,6.234e+01,1.072
0.003452,1311,1.8160,0.418,2.071e+02,0.836
0.024430,1312,1.5368,0.300,1.094e+02,0.839
0.004426,1313,8.2978,1.664,3.409e+03,2.112
0.061350,1314,0.3096,0.120,1.719e+01,0.829
0.031103,1315,0.5258,0.154,1.618e+01,1.147
0.033693,1316,0.4983,0.268,9.024e+01,1.320
0.065793,1317,0.0927,0.149,2.644e+01,0.978
0.063065,1318,0.3857,0.060,3.931e+00,0.834
0.012154,1320,1.7861,0.265,6.135e+01,0.879
0.056318,1321,0.1741,0.004,8.868e-03,1.093
0.028099,1322,0.2032,0.119,1.010e+01,0.940
0.082770,1323,0.3722,0.156,2.749e+01,1.414
0.010286,1324,0.3411,0.133,1.688e+01,0.947
0.034356,1325,1.6630,0.191,3.668e+01,0.889
0.023654,1326,2.6760,0.333,1.046e+02,0.966
0.045154,1328,0.3777,0.148,2.474e+01,1.111
0.156248,1329,1.9397,3.074,6.659e+03,6.880
0.000450,1330,0.3977,0.099,1.186e+01,0.949
0.068050,1331,0.4033,0.105,1.179e+01,1.002
0.014245,1332,0.3660,0.124,1.632e+01,0.798
0.092379,1333,0.4578,0.133,1.913e+01,0.917
0.025579,1334,0.4264,0.109,1.414e+01,0.970
0.472319,1336,0.3932,0.102,1.244e+01,0.847
0.064457,1337,1.6666,0.248,8.308e+01,1.651
0.006773,1338,1.9591,0.570,3.025e+02,3.061
0.045306,1339,0.4496,0.148,2.348e+01,1.106
0.097546,1340,0.4852,0.099,1.124e+01,0.999
0.014385,1341,2.2663,0.254,4.931e+01,1.048
0.019311,1342,1.2715,0.255,6.096e+01,0.741
0.018730,1343,0.5169,0.137,2.403e+01,0.895
0.120708,1344,0.4134,0.190,4.323e+01,0.920
0.017504,1345,1.1734,0.290,5.956e+01,0.890
0.010618,1346,1.8520,0.283,4.813e+01,0.907
0.042352,1347,6.1617,0.378,1.343e+02,0.856
0.053198,1348,0.6348,0.120,1.755e+01,0.843
0.022560,1349,0.3974,0.160,2.896e+01,1.020
0.036564,1350,6.4438,2.558,7.211e+03,3.899
0.039941,1351,0.3838,0.037,1.870e+00,0.707
0.047645,1353,0.2478,0.122,1.634e+01,0.956
0.043943,1354,0.3170,0.165,2.501e+01,0.797
0.027960,1355,0.2570,0.097,1.206e+01,1.063
0.376770,1356,0.4029,0.141,1.912e+01,0.770
0.470091,1357,0.6784,1.095,1.046e+03,7.421
0.049850,1358,0.7026,0.184,2.360e+01,0.956
0.126018,1359,1.7733,0.197,2.221e+01,0.841
0.099267,1363,0.2902,0.148,2.255e+01,0.932
0.058121,1364,1.1729,3.779,1.677e+04,14.435
0.049280,1365,0.1779,0.124,8.627e+00,0.996
0.034105,1366,0.3649,0.221,4.649e+01,1.308
0.033715,1367,0.3955,0.076,6.795e+00,0.813
0.104180,1368,0.4229,0.070,5.551e+00,0.784
0.053461,1369,0.3830,0.099,1.145e+01,1.009
0.018064,1370,0.4300,0.060,3.378e+00,0.726
0.007284,1371,3.0765,0.331,1.192e+02,0.896
0.006174,1372,6.7516,0.813,7.246e+02,0.840
0.031725,1373,0.5331,0.344,1.301e+02,1.504
0.073019,1375,0.4141,0.141,1.787e+01,1.073
0.022796,1377,0.3864,0.233,6.303e+01,1.197
0.063454,1378,2.8929,0.147,2.348e+01,1.184
0.049556,1379,0.1706,0.088,8.110e+00,0.937
0.028001,1380,5.6031,0.931,1.156e+03,1.166
0.032630,1381,0.4248,0.160,2.954e+01,0.991
0.303740,1382,0.7473,0.119,1.548e+01,0.851
0.169764,1383,0.3890,0.111,1.340e+01,0.808
0.124135,1384,0.3489,0.109,1.168e+01,0.937
0.058788,1385,0.3555,0.108,1.447e+01,0.756
0.024027,1386,0.8857,0.806,4.260e+02,3.111
0.093055,1387,0.5290,0.086,8.397e+00,0.785
0.052007,1388,0.4249,0.151,2.610e+01,0.960
0.079543,1389,0.4157,0.265,5.437e+01,0.876
0.056932,1392,0.2206,0.099,9.434e+00,0.688
0.022220,1393,0.6205,0.168,3.046e+01,0.880
0.019689,1395,0.6096,0.135,1.831e+01,0.810
0.048531,1396,0.4173,0.101,1.080e+01,0.898
0.072051,1397,0.4468,0.129,1.761e+01,0.908
0.090471,1398,0.3044,0.075,5.434e+00,0.771
0.013764,1399,0.1925,0.123,1.207e+01,1.044
0.029280,1400,0.3564,0.284,6.271e+01,0.794
0.047664,1402,0.3023,0.103,1.204e+01,0.810
0.109749,1403,0.4041,0.964,1.054e+03,5.362
0.162516,1404,0.2087,0.126,1.603e+01,0.907
0.033734,1411,0.4127,0.144,2.018e+01,0.824
0.046228,1412,0.4158,0.108,1.221e+01,0.902
0.026317,1413,0.3194,0.309,8.466e+01,1.258
0.021371,1414,0.4779,0.408,1.733e+02,1.662
0.029222,1415,0.4149,0.107,1.145e+01,0.857
0.178643,1416,0.3684,0.096,1.069e+01,0.821
0.106406,1419,1.7045,4.573,1.303e+04,17.787
0.055380,1420,0.6866,0.703,6.518e+02,3.254
0.013410,1423,0.3847,0.100,1.041e+01,0.800
0.035700,1424,0.5156,0.079,6.270e+00,0.749
0.021995,1425,0.8318,0.218,3.482e+01,0.952
0.054622,1426,0.0545,0.146,3.024e+01,1.051
0.052952,1427,0.4389,0.100,1.230e+01,0.856
0.027667,1428,1.1955,0.235,6.349e+01,0.968
0.036279,1429,0.3827,0.104,1.270e+01,0.804
0.021956,1430,1.0576,0.124,1.794e+01,0.826
0.078888,1431,0.4666,0.084,7.838e+00,0.864
0.453183,1432,0.3635,0.101,1.102e+01,0.862
0.031271,1433,1.0802,0.310,6.083e+01,0.954
0.161277,1434,0.4294,0.201,3.444e+01,0.989
0.064911,1435,0.4087,0.322,1.157e+02,2.160
0.022865,1436,0.4158,0.096,1.050e+01,0.869
0.010508,1437,4.1664,0.190,3.765e+01,0.863
0.004058,1438,1.1185,0.197,4.234e+01,0.917
0.014993,1439,0.4693,0.129,2.010e+01,0.866
0.041509,1440,0.4433,0.123,1.700e+01,0.912
0.011632,1441,0.9777,0.195,4.080e+01,1.500
0.026295,1442,1.0289,0.251,4.807e+01,0.952
0.025496,1443,0.4402,0.095,1.039e+01,0.898
0.073388,1444,0.9319,1.763,3.478e+03,8.074
0.009090,1445,17.2827,1.175,1.714e+03,2.430
0.047016,1446,0.3468,0.235,5.907e+01,1.174
0.015644,1447,0.4233,0.102,1.154e+01,0.915
0.349712,1448,0.3293,0.070,6.380e+00,0.882
0.048769,1449,1.0405,0.095,9.537e+00,0.846
0.028853,1450,0.4666,0.119,1.476e+01,0.834
0.010897,1451,-1.6586,7.294,3.001e+04,37.980
0.047458,1452,0.4007,0.103,1.099e+01,0.720
0.010372,1453,1.4440,0.258,4.946e+01,0.956
0.027732,1454,0.9267,0.123,1.453e+01,0.946
0.017257,1456,0.5732,0.468,1.359e+02,1.505
0.053272,1457,0.7307,0.193,4.089e+01,0.998
0.034493,1458,0.6982,0.127,1.496e+01,0.874
0.032262,1459,8.1091,1.307,3.144e+03,1.793
0.058375,1460,0.5162,0.254,6.641e+01,0.902
0.100322,1461,0.4798,0.184,3.882e+01,0.929
0.089169,1462,0.4442,0.273,7.123e+01,0.804
0.064700,1463,0.4327,0.169,3.476e+01,0.868
0.094719,1464,0.5462,0.180,3.279e+01,0.897
0.046528,1465,0.4405,0.134,1.620e+01,1.029
0.029310,1466,0.4718,0.162,2.542e+01,0.827
0.045806,1467,0.4429,0.139,1.815e+01,0.846
0.017987,1468,0.4836,0.189,3.701e+01,0.914
0.080140,1469,0.4733,0.308,1.022e+02,1.400
0.056930,1470,0.4729,0.176,3.160e+01,0.862
0.057179,1471,0.4929,0.122,1.543e+01,0.769
0.103852,1472,0.4392,0.157,2.799e+01,0.814
0.113110,1473,0.4499,0.191,4.102e+01,0.909
0.032048,1475,0.7901,0.217,7.070e+01,0.965
0.254736,1476,0.4102,0.128,2.002e+01,0.946
0.031292,1477,0.4121,0.149,2.887e+01,0.896
0.055138,1478,0.4609,0.531,3.811e+02,3.788
0.047751,1479,0.3761,0.147,2.697e+01,1.135
0.035290,1480,0.4026,0.119,1.935e+01,0.789
0.023338,1482,0.5305,0.450,1.963e+02,1.870
0.072979,1483,0.3291,0.113,1.326e+01,0.935
0.442897,1484,0.4820,0.103,1.058e+01,0.794
0.018395,1485,2.9044,0.280,7.066e+01,1.169
0.025046,1486,0.6356,0.113,1.421e+01,0.837
0.029681,1487,0.5297,0.153,2.424e+01,0.846
0.076943,1488,0.4853,0.138,1.993e+01,0.906
0.056342,1489,0.5163,0.134,2.109e+01,0.902
0.009614,1490,1.0509,0.197,6.627e+01,1.041
0.034351,1491,1.3767,0.176,3.801e+01,0.910
0.015991,1492,0.4754,0.114,1.014e+01,0.852
0.057317,1493,0.4536,0.111,1.234e+01,0.778
0.052297,1494,4.5957,2.993,1.206e+04,3.436
0.036458,1497,0.9661,0.161,3.242e+01,0.981
0.045338,1498,0.5242,0.141,1.987e+01,0.912
0.022510,1499,1.0267,0.260,4.052e+01,0.890
0.037532,1500,0.5082,0.125,1.979e+01,0.909
0.017108,1501,0.5770,0.967,8.636e+02,4.818
0.042265,1502,0.4348,0.122,1.534e+01,0.907
0.012172,1503,0.4962,0.120,1.419e+01,0.874
0.053688,1504,0.8771,0.114,1.748e+01,0.902
0.032647,1505,1.0981,0.253,4.165e+01,0.838
0.123571,1506,,32.587,7.567e+05,
0.014305,1507,0.4964,0.162,2.378e+01,0.875
0.183922,1508,0.8708,0.120,1.656e+01,0.889
0.022229,1509,9.1857,1.426,4.540e+03,1.440
0.249085,1510,5.7179,2.750,1.010e+04,3.221
0.008207,1511,1.7927,0.644,7.086e+02,1.069
0.040105,1512,0.4611,0.192,4.304e+01,1.276
0.069379,1513,0.5508,0.108,1.160e+01,0.916
0.017322,1514,0.1878,0.094,1.033e+01,1.010
0.050370,1515,0.5301,0.103,1.194e+01,0.876
0.203229,1516,0.5068,0.669,2.970e+02,3.449
0.009170,1517,1.0833,0.283,6.027e+01,1.042
0.044144,1518,0.4822,0.117,1.879e+01,1.097
0.144365,1519,0.2454,0.206,5.890e+01,1.597
0.056093,1520,0.4925,0.139,1.770e+01,0.760
0.075113,1521,1.0096,0.184,4.968e+01,0.988
0.012389,1522,0.8849,0.182,3.765e+01,0.988
0.049017,1523,1.0011,0.090,8.447e+00,0.811
0.027591,1524,8.4789,0.617,5.714e+02,0.911
0.094583,1525,1.0619,0.124,1.531e+01,0.853
0.041394,1526,0.8851,0.079,8.212e+00,0.896
0.009599,1527,0.8275,0.228,6.773e+01,1.063
0.009135,1528,0.7099,0.124,1.602e+01,0.988
0.036208,1529,0.5760,0.118,1.759e+01,1.006
0.019832,1530,7.0093,1.753,2.557e+03,2.441
0.005043,1531,0.4879,0.092,9.613e+00,0.822
0.015145,1532,0.4557,0.089,1.143e+01,0.977
0.028425,1533,4.7740,0.240,6.909e+01,1.042
0.038614,1534,1.0431,0.101,1.188e+01,0.840
0.007621,1535,3.8643,0.673,6.164e+02,0.851
0.024936,1537,2.2826,0.663,5.493e+02,1.090
0.060706,1539,0.7235,0.280,9.547e+01,1.836
0.039411,1540,0.6343,0.114,1.780e+01,1.051
0.018714,1541,0.5387,0.101,1.165e+01,0.851
0.049732,1542,1.4187,0.067,5.960e+00,0.846
0.061518,1543,0.5335,0.105,1.433e+01,0.885
0.249338,1544,7.7658,1.090,1.478e+03,2.101
0.033538,1545,0.7328,0.127,1.781e+01,0.830
0.035693,1546,1.2876,0.751,6.785e+02,3.746
0.049964,1547,0.4743,0.113,1.646e+01,0.969
0.024668,1548,1.0457,0.134,1.986e+01,0.835
0.056426,1549,0.4860,0.108,1.305e+01,0.900
0.349473,1550,0.4812,0.074,6.782e+00,0.799
0.072542,1551,0.5197,0.552,3.611e+02,2.885
0.050151,1552,8.2668,0.998,1.767e+03,1.270
0.022938,1553,8.7730,0.851,1.056e+03,0.871
0.024978,1554,1.4072,0.201,7.234e+01,1.171
0.012088,1555,0.5041,0.089,9.936e+00,0.857
0.023101,1556,1.1314,0.131,1.830e+01,0.808
0.086177,1557,0.4583,0.000,0.000e+00,0.830
0.024095,1558,0.5172,0.121,1.901e+01,1.015
0.062148,1561,0.8585,0.105,2.434e+01,1.151
0.027514,1562,1.4020,0.210,4.049e+01,0.997
0.056769,1563,0.4434,0.067,4.899e+00,0.981
0.023413,1564,2.3566,0.696,5.946e+02,2.385
0.030710,1565,1.2243,0.085,9.317e+00,0.794
0.039386,1566,0.8388,0.186,6.234e+01,0.995
0.069961,1567,0.5976,0.092,9.985e+00,0.856
0.073123,1568,0.7172,0.981,1.197e+03,6.358
0.043115,1569,0.4292,0.140,1.717e+01,0.827
0.007702,1570,0.7948,0.239,6.334e+01,1.086
0.092507,1572,0.3747,0.528,2.832e+02,2.603
0.076417,1573,0.4919,0.067,6.105e+00,0.771
0.086692,1574,1.2745,0.128,1.902e+01,0.935
0.033040,1575,0.8995,0.136,1.221e+01,0.755
0.051420,1576,1.5252,0.313,8.813e+01,1.109
0.055823,1577,0.4674,1.989,5.336e+03,13.470
0.058100,1578,0.4656,0.068,6.354e+00,0.835
0.092237,1579,1.2702,0.497,3.490e+02,2.113
0.061759,1580,0.6292,0.094,8.636e+00,0.904
0.031250,1581,0.4954,0.082,9.204e+00,0.863
0.041681,1582,1.8269,0.167,3.106e+01,0.934
0.028616,1583,0.7349,0.124,1.724e+01,0.958
0.017608,1584,0.4614,0.228,3.841e+01,1.032
0.019175,1585,0.9213,0.144,3.042e+01,0.966
0.022279,1586,2.1303,0.872,7.753e+02,3.009
0.015298,1587,0.5966,0.132,1.926e+01,0.914
0.019675,1588,0.4919,0.127,2.362e+01,0.995
0.007203,1589,0.8320,0.155,1.566e+01,0.795
0.057704,1590,0.9016,0.123,1.792e+01,0.927
0.045111,1591,0.4427,0.110,1.503e+01,0.914
0.009686,1592,1.0192,0.186,4.658e+01,0.999
0.134812,1593,-0.0500,0.271,9.095e+01,0.850
0.067489,1594,1.2445,0.376,1.140e+02,1.060
0.011067,1595,1.2283,0.241,4.124e+01,0.947
0.024913,1596,1.3050,0.477,2.082e+02,2.298
0.042504,1597,11.0048,0.224,6.081e+01,0.914
0.078048,1598,1.5223,0.187,3.784e+01,1.091
0.053769,1600,2.0923,0.223,3.655e+01,0.808
0.027683,1601,0.6055,0.255,6.964e+01,0.946
0.008202,1602,0.7421,0.114,1.554e+01,0.858
0.040924,1603,0.9020,0.190,4.451e+01,0.973
0.020751,1604,0.8059,0.166,3.658e+01,0.892
0.017789,1605,7.3269,2.107,7.866e+03,5.777
0.040083,1606,1.0409,0.183,3.969e+01,0.915
0.012472,1607,1.5649,0.180,3.567e+01,0.842
0.015714,1608,0.9881,0.126,1.645e+01,0.836
0.031614,1610,1.3756,0.393,8.605e+01,1.187
0.002480,1611,1.4567,0.585,4.370e+02,1.559
0.020548,1612,1.1801,0.132,2.856e+01,0.828
0.023342,1613,1.1935,0.128,2.208e+01,0.871
0.017750,1614,0.8758,0.193,4.620e+01,0.768
0.080652,1615,0.7050,0.138,2.469e+01,1.003
0.013136,1616,0.4791,0.274,8.991e+01,1.903
0.034726,1617,0.9249,0.135,2.208e+01,0.995
0.032174,1618,0.4556,0.123,2.160e+01,0.987
0.016237,1619,0.4841,0.146,3.303e+01,0.976
0.016792,1620,1.5031,0.137,2.754e+01,0.920
0.006912,1621,1.4608,0.227,6.018e+01,0.984
0.015303,1622,0.9883,0.096,1.208e+01,0.811
0.042653,1623,1.3903,0.163,3.010e+01,0.937
0.031980,1624,3.9426,0.371,2.509e+02,1.351
0.013798,1625,7.6043,0.859,1.025e+03,1.097
0.022378,1626,1.5586,0.108,1.463e+01,0.741
0.228367,1627,,98.617,6.023e+06,
0.052364,1628,0.4710,0.146,2.621e+01,1.049
0.015412,1629,1.6695,0.269,7.938e+01,0.921
0.040267,1630,0.4838,0.101,1.486e+01,0.911
0.090050,1632,6.0885,2.220,8.216e+03,3.126
0.031375,1633,3.2853,0.360,1.484e+02,1.353
0.078907,1634,,0.628,1.699e+02,
0.276080,1634,,148.791,3.108e+07,
0.082295,1635,1.3146,0.139,2.447e+01,1.060
0.017420,1636,1.6273,0.171,2.904e+01,0.946
0.087238,1637,0.7497,0.112,1.799e+01,0.831
0.046895,1638,1.6336,0.158,1.940e+01,1.177
0.071419,1639,3.1526,0.186,3.259e+01,1.285
0.013423,1640,0.8220,0.185,4.108e+01,1.143
0.033230,1641,0.5364,0.284,1.029e+02,1.047
0.036042,1642,1.3835,0.229,4.353e+01,0.943
0.057073,1643,1.2963,0.117,1.771e+01,1.043
0.020651,1644,0.5527,0.145,3.125e+01,0.953
0.034454,1645,1.3518,0.104,1.302e+01,0.883
0.070538,1647,0.9013,0.137,1.526e+01,0.806
0.027724,1648,1.4771,0.379,1.652e+02,1.015
0.052453,1649,0.8387,0.126,1.839e+01,1.003
0.025020,1650,1.0736,0.127,2.199e+01,1.059
0.048945,1651,1.3635,0.118,1.536e+01,0.815
0.038790,1652,2.5373,0.513,2.286e+02,0.919
0.046597,1653,0.3419,0.160,3.421e+01,1.076
0.023906,1654,1.4759,0.162,2.493e+01,0.841
0.002455,1655,2.4125,0.402,2.490e+02,0.955
0.008509,1656,2.4896,0.302,7.762e+01,1.010
0.009364,1657,0.5024,0.240,7.614e+01,1.581
0.033582,1658,0.6079,0.092,1.528e+01,1.019
0.031262,1660,1.4403,0.278,6.067e+01,1.224
0.012326,1661,1.5241,0.134,3.253e+01,0.951
0.038529,1662,2.5091,0.370,1.460e+02,1.098
0.037261,1663,4.1973,5.879,4.054e+04,8.955
0.004504,1664,1.9657,0.210,3.696e+01,0.932
0.007372,1665,1.3101,5.935,2.968e+04,22.585
0.021337,1666,1.3815,0.229,6.098e+01,0.868
0.032367,1667,17.5888,1.454,3.296e+03,1.906
0.033488,1668,2.2044,0.177,2.723e+01,0.896
0.019530,1669,0.9283,0.113,1.771e+01,0.922
0.049187,1670,1.0134,0.158,3.769e+01,0.965
0.033934,1671,1.1015,0.224,2.640e+01,1.182
0.020071,1672,1.2190,0.488,2.181e+02,1.490
0.039437,1673,1.4529,0.177,3.650e+01,0.997
0.057339,1675,3.3490,4.248,2.082e+04,17.223
0.043264,1676,0.4613,0.117,1.592e+01,1.117
0.002806,1677,0.8956,0.180,3.587e+01,1.067
0.036814,1678,0.9333,0.095,1.316e+01,0.904
0.222666,1679,,246.240,8.548e+07,
0.018105,1680,1.6490,0.207,2.825e+01,0.812
0.024110,1681,1.7376,0.170,4.419e+01,0.853
0.019173,1682,0.6801,0.184,2.224e+01,0.930
0.063518,1683,1.4961,0.124,1.601e+01,0.797
0.030140,1684,1.4508,0.179,3.511e+01,0.862
0.009142,1685,3.0798,0.696,8.116e+02,1.060
0.034822,1686,7.3894,1.603,4.439e+03,2.548
0.021457,1687,8.2139,1.554,4.767e+03,1.934
0.046115,1688,0.9960,0.205,4.573e+01,1.180
0.044292,1689,1.0359,0.110,8.745e+00,0.847
0.017239,1690,6.8460,0.847,8.471e+02,0.988
0.019638,1691,1.3657,0.201,6.821e+01,0.919
0.221791,1692,1.4857,0.252,4.741e+01,0.980
0.017950,1694,1.4498,0.119,1.362e+01,0.806
0.019116,1695,0.6786,0.149,1.604e+01,0.893
0.098890,1696,0.5771,0.092,8.579e+00,0.835
0.037750,1697,1.1824,0.245,9.609e+01,1.050
0.023365,1698,0.8276,0.231,4.358e+01,0.787
0.035258,1699,1.0897,0.102,1.149e+01,0.901
0.035426,1700,1.3410,0.248,3.867e+01,0.883
0.043214,1701,0.8468,0.105,1.177e+01,0.830
0.047300,1702,0.5493,0.100,1.104e+01,0.905
0.052319,1703,6.9899,0.466,3.827e+02,0.908
0.021518,1705,6.0425,0.455,3.323e+02,1.085
0.068678,1706,1.1370,0.130,2.346e+01,0.847
0.019970,1707,1.0385,0.174,2.614e+01,0.934
0.026945,1709,7.1540,0.702,7.602e+02,0.863
0.098757,1711,0.8268,0.149,2.494e+01,1.128
0.067463,1712,1.2161,0.141,2.493e+01,0.877
0.022692,1713,1.1732,0.090,1.024e+01,0.971
0.018208,1714,1.1412,0.289,6.645e+01,0.860
0.050027,1715,0.5602,0.094,8.906e+00,0.895
0.004651,1716,1.0041,0.143,2.682e+01,0.917
0.029259,1717,0.9881,0.117,2.368e+01,1.086
0.014152,1718,0.9589,0.118,1.412e+01,0.863
0.027866,1719,0.8717,0.084,1.051e+01,0.936
0.058474,1720,3.8499,0.175,3.597e+01,0.909
0.087978,1721,0.4810,0.165,3.488e+01,1.477
0.055868,1722,1.0046,0.110,1.217e+01,0.734
0.048733,1723,0.7977,0.272,1.323e+02,1.989
0.050850,1724,1.3393,0.132,2.468e+01,0.809
0.025204,1725,0.6922,0.112,1.029e+01,0.893
0.034620,1726,0.6195,0.115,1.113e+01,0.758
0.018941,1727,1.1927,0.196,3.220e+01,0.860
0.030779,1728,3.4433,0.367,1.461e+02,1.452
0.048898,1729,1.3941,0.198,2.168e+01,0.698
0.049251,1730,1.1613,0.113,6.387e+00,0.710
0.439706,1731,0.9282,0.144,2.455e+01,0.910
0.041778,1732,0.6331,0.265,6.862e+01,1.032
0.018364,1733,7.2448,0.156,2.575e+01,0.939
0.054793,1734,0.6701,0.192,6.368e+01,0.997
0.026569,1735,1.1209,0.214,2.533e+01,0.819
0.030779,1736,1.4214,0.246,3.621e+01,0.903
0.038188,1737,1.1303,0.253,1.227e+02,1.131
0.089794,1738,1.1981,0.143,2.205e+01,0.735
0.058785,1739,0.9333,0.124,1.498e+01,0.844
0.059453,1740,0.1856,0.110,1.220e+01,0.835
0.079873,1741,6.5402,1.244,2.731e+03,2.884
0.058359,1742,0.8325,0.097,1.142e+01,0.904
0.104269,1743,,25.659,3.788e+05,
0.014536,1744,0.4899,0.113,1.209e+01,0.883
0.101214,1745,2.2730,4.455,2.068e+04,18.343
0.031063,1746,1.3087,0.195,3.189e+01,1.157
0.046035,1747,0.5222,0.184,2.697e+01,0.928
0.034456,1748,1.0158,0.139,1.815e+01,0.787
0.458849,1750,0.9359,0.131,1.309e+01,0.841
0.030482,1751,1.2124,0.170,2.496e+01,0.735
0.022569,1752,1.5927,0.103,5.719e+00,0.836
0.037361,1753,0.6761,0.091,8.749e+00,0.938
0.104093,1754,0.9215,0.442,2.391e+02,1.571
0.097227,1755,0.8781,0.145,1.916e+01,0.806
0.023384,1756,0.8174,0.094,1.238e+01,1.019
0.098637,1757,0.6710,0.112,1.330e+01,1.036
0.020276,1758,7.4088,2.010,4.749e+03,4.489
0.074002,1759,1.2233,0.333,1.505e+02,1.038
0.021035,1760,1.0637,0.195,5.058e+01,1.051
0.026943,1761,0.7885,0.205,3.469e+01,0.813
0.085093,1762,0.8360,0.194,3.357e+01,1.028
0.022687,1763,2.6360,0.186,2.424e+01,0.892
0.012509,1764,4.3534,0.333,2.249e+02,0.844
0.010266,1766,0.8467,0.203,3.707e+01,0.833
0.039808,1767,0.8458,0.111,1.099e+01,0.899
0.075022,1768,0.3678,0.117,1.321e+01,1.091
0.030551,1769,0.6870,0.118,1.224e+01,1.130
0.002152,1770,1.4502,0.222,7.440e+01,1.050
0.004826,1771,1.2128,0.131,1.719e+01,0.883
0.017820,1772,0.8301,0.376,6.154e+01,1.251
0.439050,1772,,0.617,9.131e+01,
0.061150,1773,0.5191,0.240,5.531e+01,1.416
0.022486,1774,0.6881,0.102,1.138e+01,0.838
0.113494,1775,1.0180,0.243,6.530e+01,1.694
0.074894,1776,0.9544,0.076,6.452e+00,0.772
0.073963,1778,0.9029,0.284,9.045e+01,1.584
0.126204,1779,0.5721,0.164,3.041e+01,0.842
0.044929,1780,1.0286,0.076,5.895e+00,0.764
0.079760,1781,0.9398,0.119,1.465e+01,0.944
0.054830,1782,0.7605,0.089,9.174e+00,0.781
0.013411,1783,0.7641,0.108,1.367e+01,0.860
0.020386,1784,3.3089,0.257,5.816e+01,0.836
0.050443,1785,1.2376,0.105,1.039e+01,0.776
0.005591,1786,1.7937,0.173,1.788e+01,0.888
0.043825,1787,0.6170,0.095,1.112e+01,0.928
0.032527,1788,1.0117,0.317,6.527e+01,0.933
0.053341,1789,0.9444,0.151,1.799e+01,0.945
0.072074,1790,0.6405,0.109,1.289e+01,1.023
0.047425,1791,0.8878,0.102,9.781e+00,0.853
0.016007,1792,1.5935,0.354,1.991e+02,0.958
0.022688,1793,1.6868,0.234,5.033e+01,0.892
0.013429,1794,0.8328,0.177,2.814e+01,0.942
0.100535,1795,1.3225,0.103,1.240e+01,0.995
0.419751,1796,0.9136,0.123,1.335e+01,0.862
0.046772,1797,0.6889,0.108,1.557e+01,0.960
0.047694,1798,2.1471,0.161,1.895e+01,0.747
0.066801,1799,1.3954,0.132,1.156e+01,0.857
0.027428,1800,0.9208,0.130,1.263e+01,0.845
0.055951,1801,1.2436,0.105,9.530e+00,0.833
0.005869,1802,0.9771,0.231,3.657e+01,1.107
0.075570,1803,0.9089,0.189,4.206e+01,1.077
0.061996,1804,0.9104,0.079,4.405e+00,0.821
0.247791,1805,1.4877,0.133,1.513e+01,0.843
0.063688,1806,0.6031,0.088,1.113e+01,0.938
0.066907,1807,0.8180,0.082,4.954e+00,0.723
0.041189,1808,1.3284,0.730,3.166e+02,1.662
0.053347,1809,0.8947,0.192,3.490e+01,1.408
0.052687,1810,0.1557,0.214,9.148e+01,1.036
0.045198,1811,1.1248,0.161,2.526e+01,0.847
0.028702,1812,0.9543,0.462,2.260e+02,0.817
0.038068,1813,0.9259,0.144,1.059e+01,0.873
0.017603,1814,2.4720,0.285,6.902e+01,1.169
0.074788,1815,1.0659,0.140,1.660e+01,1.012
0.013559,1816,0.8245,0.121,9.920e+00,0.899
0.005937,1817,2.6245,0.157,1.800e+01,0.801
0.003756,1818,0.8197,0.099,1.017e+01,0.881
0.029425,1819,1.3144,0.153,1.253e+01,0.915
0.012030,1820,2.2038,1.934,3.167e+03,9.315
0.073220,1821,1.4843,0.115,1.096e+01,0.901
0.060536,1822,0.8892,0.103,9.922e+00,0.850
0.039959,1823,0.6350,0.127,1.071e+01,1.076
0.058909,1824,1.1261,0.202,3.488e+01,1.270
0.044334,1825,1.1884,0.101,9.904e+00,0.738
0.038368,1826,3.5613,0.665,4.503e+02,0.990
0.018879,1827,3.9387,2.013,6.391e+03,2.488
0.058744,1828,1.5050,0.136,2.749e+01,1.129
0.014069,1829,0.9867,0.283,6.813e+01,0.735
0.081515,1830,1.0866,0.116,1.589e+01,0.799
0.029623,1831,2.3291,0.365,2.307e+02,0.891
0.053278,1832,7.9538,0.665,3.240e+02,0.601
0.023690,1834,4.2709,0.155,3.475e+01,0.992
0.046785,1836,0.6245,0.232,3.480e+01,0.788
0.060770,1837,,46.563,1.275e+06,
0.029352,1838,0.7069,0.253,7.246e+01,1.512
0.007676,1839,0.8393,0.169,2.311e+01,1.361
0.045923,1840,0.9133,0.243,5.156e+01,0.941
0.037171,1841,0.7685,0.175,1.194e+01,1.026
0.096029,1842,0.9074,0.108,8.099e+00,0.812
0.009291,1844,1.8408,0.275,5.908e+01,0.954
0.054694,1845,2.2263,0.147,1.846e+01,0.873
0.072833,1846,1.5617,0.122,8.298e+00,0.946
0.071782,1847,0.7169,0.106,9.071e+00,0.794
0.014207,1848,1.5053,0.256,4.420e+01,0.938
0.101620,1849,1.9858,0.096,8.304e+00,0.816
0.065581,1850,2.8918,0.198,3.019e+01,0.987
0.192370,1851,0.7873,0.087,4.669e+00,0.803
0.116364,1852,0.6549,0.000,0.000e+00,0.671
0.061296,1853,2.1838,0.110,1.943e+01,1.071
0.071897,1854,1.0186,0.153,3.326e+01,1.066
0.076905,1855,1.3533,0.160,4.573e+01,1.092
0.037939,1856,0.3010,0.110,6.586e+00,0.866
0.044238,1857,2.2788,0.183,3.024e+01,0.757
0.041985,1858,0.6098,0.066,3.591e+00,0.820
0.047331,1859,1.6896,0.000,0.000e+00,0.638
0.034023,1860,0.9067,0.093,8.033e+00,0.837
0.058516,1861,1.4168,0.200,3.160e+01,0.800
0.037659,1862,0.7630,0.295,4.939e+01,0.735
0.034391,1863,3.3343,0.362,1.631e+02,1.218
0.055220,1864,3.1524,0.340,1.247e+02,0.934
0.034511,1865,2.2739,0.195,2.624e+01,1.259
0.152827,1866,0.7096,0.109,7.387e+00,0.771
0.079986,1867,0.3453,0.111,6.754e+00,0.868
0.213208,1868,0.5076,0.000,0.000e+00,0.688
0.077330,1869,0.5748,0.000,0.000e+00,0.688
0.039459,1870,1.1047,0.194,1.525e+01,0.793
0.072591,1871,0.6359,0.037,7.618e-01,0.723
0.011044,1872,0.6340,0.113,1.230e+01,1.061
0.077339,1873,0.5548,0.699,3.377e+02,3.636
0.076314,1874,1.5837,0.273,3.936e+01,0.930
0.070342,1875,0.5676,0.000,5.881e-02,0.662
0.040978,1876,0.6785,0.251,4.234e+01,0.991
0.059786,1877,0.4891,0.000,0.000e+00,0.683
0.047895,1878,0.5686,0.000,0.000e+00,0.673
0.029312,1880,1.1282,0.165,2.500e+01,0.870
0.040958,1881,2.9911,0.230,1.928e+01,1.030
0.017832,1882,1.6488,0.182,1.324e+01,0.620
0.120819,1883,4.9043,2.374,8.160e+03,2.345
0.027894,1884,2.3963,0.345,2.426e+02,1.129
0.018580,1885,2.4868,0.315,5.826e+01,1.026
0.217602,1887,-0.5197,1.341,1.362e+03,7.493
0.180511,1888,0.8751,0.057,1.987e+00,0.858
0.020674,1889,0.8436,0.117,1.120e+01,0.897
0.018229,1890,0.7074,0.059,2.119e+00,0.737
0.153507,1891,0.7615,0.111,9.451e+00,0.837
0.402828,1892,0.6444,0.062,2.328e+00,0.997
0.095373,1893,0.7443,0.197,1.734e+01,0.962
0.105587,1894,0.8112,0.190,2.258e+01,0.741
0.177782,1895,0.8157,0.039,1.270e+00,0.686
0.168245,1896,0.8168,0.121,9.356e+00,0.815
0.075499,1897,-0.3310,3.234,6.784e+03,16.773
0.036867,1898,0.9934,0.294,8.994e+01,0.869
0.077761,1899,0.7944,0.066,3.101e+00,0.671
0.300222,1901,0.9720,0.115,8.713e+00,0.762
0.138494,1903,0.7632,0.044,1.476e+00,0.669
0.052750,1904,5.9995,0.167,2.111e+01,0.928
0.011891,1905,1.3382,0.302,4.074e+01,0.829
0.103447,1906,0.7366,0.177,2.753e+01,1.330
0.014784,1907,9.3487,1.398,4.186e+03,2.636
0.057703,1908,0.7041,0.123,9.205e+00,0.877
0.112712,1909,2.2925,0.166,1.419e+01,0.880
0.035590,1910,1.8374,0.234,8.967e+01,1.083
0.001718,1911,0.8368,0.140,9.786e+00,0.770
0.065439,1912,0.4081,0.046,6.854e-01,0.557
0.075281,1913,0.5892,0.114,1.212e+01,1.008
0.021952,1914,0.5372,0.128,8.792e+00,0.853
0.019575,1915,1.0771,0.163,1.177e+01,0.667
0.035277,1916,0.4787,0.079,5.969e+00,1.024
0.028458,1917,0.5557,0.433,7.810e+01,1.715
0.027170,1918,6.2105,0.191,1.066e+01,0.498
0.027374,1919,0.6720,0.098,8.597e+00,0.836
0.070627,1920,0.4852,0.280,6.269e+01,1.616
0.060688,1921,2.2637,0.196,3.887e+01,0.934
0.082714,1922,0.6817,0.165,1.756e+01,1.037
0.031186,1923,0.6425,0.222,1.964e+01,0.783
0.108832,1924,0.5899,0.000,0.000e+00,0.661
0.023823,1925,2.7122,0.857,1.178e+03,1.445
0.137393,1926,0.7706,0.177,8.949e+00,0.623
0.052783,1932,2.1199,0.120,7.291e+00,0.867
0.077787,1933,0.5764,0.123,1.295e+01,0.910
0.018888,1934,0.5379,0.310,9.943e+01,2.416
0.023396,1935,0.0853,0.258,8.952e+01,1.042
0.155420,1936,1.5310,0.043,7.587e-01,0.618
0.005350,1937,2.0309,0.349,1.596e+02,1.096
0.033589,1938,2.3880,0.284,1.081e+02,0.879
0.032500,1939,5.5088,0.301,7.775e+01,0.782
0.112500,1940,0.7112,0.108,9.078e+00,1.129
0.043779,1941,0.4748,0.082,4.412e+00,0.959
0.172757,1942,0.4402,0.066,3.424e+00,0.952
0.063833,1943,1.4325,0.186,2.195e+01,0.897
0.095451,1944,1.5775,0.186,1.073e+01,0.926
0.030022,1945,0.5334,0.057,2.365e+00,0.832
0.055932,1946,1.7889,0.191,1.854e+01,0.716
0.047977,1947,0.6940,0.226,6.147e+01,1.068
0.019040,1948,1.8729,0.151,1.256e+01,0.917
0.053959,1949,3.2895,0.298,6.349e+01,1.119
0.013483,1950,1.4992,0.153,8.817e+00,0.932
0.013308,1952,1.5098,0.079,3.224e+00,0.763
0.031192,1953,0.5726,0.378,1.096e+02,2.712
0.018490,1954,0.4680,0.381,8.488e+01,1.687
0.058983,1955,2.2784,0.147,1.201e+01,0.851
0.088616,1956,2.7433,0.761,9.396e+02,2.109
0.060758,1957,3.9902,0.726,6.870e+02,1.855
0.027652,1958,1.0081,0.170,1.007e+01,0.906
0.027770,1959,0.5977,0.091,5.904e+00,0.956
0.034463,1960,1.8372,0.135,7.865e+00,0.911
0.051952,1961,0.6154,0.131,9.610e+00,0.808
0.027821,1962,1.1100,0.151,1.393e+01,0.805
0.064767,1963,1.1339,0.354,5.804e+01,1.547
0.056794,1964,0.6145,0.529,1.681e+02,3.103
0.011290,1965,0.9257,0.155,1.482e+01,0.783
0.063814,1966,0.2322,0.223,4.924e+01,1.391
0.166341,1967,0.6176,0.142,1.185e+01,1.126
0.023288,1968,0.9808,0.171,1.110e+01,0.897
0.010829,1969,0.5878,0.133,7.044e+00,0.809
0.023048,1970,6.7295,0.620,4.030e+02,0.918
0.053183,1971,3.4831,0.233,3.737e+01,0.886
0.052743,1972,1.2074,0.112,9.551e+00,0.927
0.012553,1973,0.5226,0.077,3.858e+00,0.691
0.009256,1974,2.8262,0.404,1.728e+02,1.078
0.051160,1975,0.5365,0.082,4.210e+00,0.790
0.049536,1976,2.0104,0.167,2.377e+01,1.041
0.048895,1977,2.6233,0.383,2.159e+02,0.916
0.015282,1978,2.2960,0.212,4.078e+01,0.947
0.061591,1979,3.5982,1.629,4.405e+03,3.241
0.077808,1980,0.7464,0.091,9.673e+00,0.958
0.028212,1981,0.5748,0.156,1.868e+01,1.010
0.061456,1982,0.4495,0.112,5.601e+00,0.911
0.045594,1983,0.4438,0.161,9.737e+00,0.752
0.033086,1984,2.7680,0.340,1.107e+02,1.204
0.026947,1985,2.9726,1.160,2.235e+03,0.972
0.074650,1986,1.0666,0.154,1.157e+01,0.914
0.029988,1987,1.4151,0.139,1.423e+01,0.890
0.065714,1988,0.8775,3.296,5.065e+03,11.601
0.029373,1989,1.1328,0.348,1.249e+02,1.058
0.095426,1990,0.4208,0.082,6.898e+00,0.723
0.066077,1991,0.3800,0.127,1.533e+01,1.133
0.004262,1992,3.2013,0.403,1.497e+02,0.788
0.102042,1993,1.0307,0.116,1.154e+01,0.930
0.016684,1994,1.1501,0.137,1.656e+01,0.960
0.019745,1995,1.2738,0.130,7.917e+00,0.788
0.028050,1996,1.5553,0.261,3.648e+01,1.042
0.056311,1997,0.6027,0.718,4.567e+02,4.691
0.065585,1998,1.6659,0.192,5.214e+01,0.952
0.081282,1999,2.2729,0.097,5.617e+00,0.964
0.055425,2000,1.5604,0.312,7.443e+01,1.185
0.028309,2001,3.3932,2.183,8.050e+03,3.793
0.027597,2002,2.3734,0.514,2.363e+02,0.968
0.014539,2003,1.2540,0.094,8.129e+00,0.868
0.073366,2004,0.1686,0.379,1.144e+02,1.551
0.114041,2005,0.1257,0.161,2.414e+01,0.870
0.136462,2006,,58.889,1.573e+06,
0.070014,2007,0.6178,0.122,1.522e+01,1.114
0.080993,2008,0.9007,0.109,1.033e+01,0.954
0.026121,2009,0.6139,0.209,4.990e+01,0.961
0.029206,2011,1.6601,0.501,1.865e+02,2.512
0.009675,2012,1.7514,0.460,2.514e+02,1.024
0.008857,2013,0.9354,0.101,8.580e+00,0.886
0.051311,2014,1.6332,0.109,1.260e+01,1.104
0.062838,2015,1.9074,0.102,6.244e+00,0.800
0.062615,2016,1.4883,0.058,3.380e+00,0.882
0.031136,2017,1.1279,0.118,1.665e+01,1.030
0.025466,2018,0.5451,0.161,3.864e+01,1.053
0.037535,2019,2.0869,1.048,1.242e+03,1.056
0.045308,2020,1.8684,0.086,9.748e+00,0.992
0.043529,2021,3.1005,0.389,1.553e+02,1.091
0.039832,2022,1.7801,0.310,1.029e+02,0.824
0.032615,2023,3.5826,0.345,1.542e+02,0.859
0.028612,2024,3.5456,0.275,6.649e+01,0.914
0.051743,2025,8.1896,0.632,6.177e+02,0.917
0.024902,2026,0.7059,0.672,4.039e+02,2.578
0.106140,2027,0.0611,0.236,8.865e+01,0.985
0.052083,2028,5.3123,0.352,1.707e+02,0.946
0.072655,2029,2.6162,0.130,1.296e+01,0.842
0.017254,2030,1.9758,0.841,6.933e+02,1.228
0.082092,2031,1.0164,0.281,5.757e+01,1.151
0.030410,2032,0.7258,0.323,1.337e+02,2.183
0.022606,2033,-0.0906,1.260,2.522e+03,8.287
0.048970,2034,1.3464,0.164,1.868e+01,0.839
0.059466,2035,0.7336,0.507,3.133e+02,3.386
0.111553,2036,0.4771,0.077,6.900e+00,0.844
0.041070,2037,0.5434,0.143,2.281e+01,0.901
0.059650,2038,0.4987,0.166,1.787e+01,0.878
0.018093,2039,1.5275,0.291,1.132e+02,1.012
0.023613,2040,5.1710,0.866,1.355e+03,1.150
0.038596,2041,1.1884,0.602,2.717e+02,2.193
0.019336,2042,2.1504,0.231,5.414e+01,0.807
0.025366,2044,0.7088,0.074,9.299e+00,0.888
0.111392,2045,0.3626,0.094,1.216e+01,0.861
0.010911,2046,0.9491,0.185,4.492e+01,1.320
0.055189,2047,2.4430,0.833,9.444e+02,1.229
0.029774,2048,1.1744,0.293,8.115e+01,0.963
0.080704,2049,0.2191,0.070,7.091e+00,0.863
0.050957,2050,1.2444,0.140,2.860e+01,0.822
0.024010,2052,1.8792,0.246,7.924e+01,1.050
0.053220,2053,0.4357,0.101,1.467e+01,1.064
0.033877,2054,0.8823,0.219,3.685e+01,1.143
0.046377,2055,0.7883,0.071,8.074e+00,0.899
0.025702,2058,0.5614,0.155,1.847e+01,0.995
0.027846,2059,0.5264,0.155,1.895e+01,0.874
0.034761,2060,0.5535,0.099,9.934e+00,0.925
0.068721,2061,0.0336,0.000,2.007e-15,1.020
0.045547,2062,0.5529,0.129,2.320e+01,1.082
0.010316,2063,1.2007,0.132,2.104e+01,0.834
0.012788,2064,3.8921,0.934,1.156e+03,1.113
0.065092,2065,0.4698,0.339,1.702e+02,1.275
0.003108,2066,0.5025,0.228,7.237e+01,1.674
0.024580,2067,0.5300,0.100,1.250e+01,0.873
0.015440,2069,0.4373,0.090,1.115e+01,1.008
0.020662,2070,3.1879,0.373,3.177e+02,0.950
0.013670,2071,1.5409,0.278,7.383e+01,0.967
0.053660,2073,0.4262,0.243,5.103e+01,1.491
0.097277,2074,0.5109,0.091,1.159e+01,0.927
0.099322,2075,0.4296,0.128,2.380e+01,1.220
0.054899,2076,5.6918,2.054,7.284e+03,2.073
0.061479,2077,0.4555,0.068,6.385e+00,0.837
0.026385,2078,1.1299,0.201,4.265e+01,0.997
0.120139,2079,0.5592,0.091,1.290e+01,0.979
0.060770,2080,2.6555,0.269,5.244e+01,0.983
0.032494,2081,2.7361,0.305,1.133e+02,0.979
0.103495,2082,0.3873,0.071,6.971e+00,0.916
0.029679,2083,0.5347,0.104,1.455e+01,1.109
0.070915,2084,0.5829,0.213,4.636e+01,1.553
0.107850,2085,0.3760,0.165,3.677e+01,0.896
0.043857,2086,0.6328,0.253,6.368e+01,1.716
0.007665,2087,2.5972,0.893,1.376e+03,1.695
0.137258,2088,0.5859,0.014,2.302e-01,1.025
0.028330,2089,0.5469,0.071,6.672e+00,0.938
0.011366,2090,2.7120,0.506,3.959e+02,1.041
0.040289,2091,0.5488,0.084,9.517e+00,0.969
0.031364,2092,0.5377,0.145,3.141e+01,1.459
0.047669,2093,1.0092,0.163,3.568e+01,1.038
0.027621,2094,4.0349,0.303,1.123e+02,0.936
0.011641,2095,1.1215,0.674,4.327e+02,2.715
0.034873,2096,0.7630,0.301,6.276e+01,0.961
0.071548,2097,0.5547,0.104,1.458e+01,1.093
0.022325,2098,0.4387,0.116,1.640e+01,1.091
0.012422,2099,3.2714,0.551,2.566e+02,1.473
0.043742,2100,0.7991,0.170,2.234e+01,0.989
0.044995,2102,1.0721,0.208,3.837e+01,0.925
0.044569,2104,0.6792,0.114,1.841e+01,1.116
0.032163,2105,0.4661,0.091,1.115e+01,0.849
0.063390,2106,1.2538,0.227,7.238e+01,1.483
0.014999,2107,2.8536,0.338,1.600e+02,0.967
0.035994,2108,1.2691,0.317,7.760e+01,1.227
0.010968,2110,1.7199,0.183,2.211e+01,0.981
0.042160,2111,2.0705,0.387,2.178e+02,1.009
0.027275,2112,1.9783,0.113,1.455e+01,0.889
0.047721,2113,0.4805,0.086,1.009e+01,1.005
0.155437,2114,0.3191,0.226,7.073e+01,1.856
0.135938,2115,1.3841,0.166,4.263e+01,1.407
0.123202,2117,4.2653,1.257,1.950e+03,1.520
0.014637,2118,0.9234,0.965,6.166e+02,5.075
0.074743,2119,,61.182,3.728e+06,
0.081503,2120,2.3904,0.569,3.901e+02,1.619
0.032166,2121,1.1409,0.125,1.109e+01,0.972
0.077184,2122,0.8711,0.477,1.415e+02,3.607
0.043642,2123,0.5433,2.059,3.398e+03,13.463
0.116394,2124,0.7318,0.110,1.424e+01,0.929
0.005122,2125,2.0220,0.062,5.223e+00,0.905
0.048963,2126,3.0640,0.301,1.137e+02,0.975
0.024105,2127,1.3993,0.528,3.076e+02,2.355
0.031966,2128,7.9568,5.229,5.622e+04,11.495
0.081893,2130,1.4681,2.931,1.039e+04,2.724
0.042020,2131,2.2523,0.355,8.615e+01,1.017
0.027921,2132,2.6621,1.109,1.550e+03,1.190
0.427257,2133,0.1353,0.051,1.067e+00,1.097
0.058758,2134,0.1309,0.000,0.000e+00,1.090
0.202978,2135,0.3796,0.119,1.858e+01,1.131
0.062810,2136,0.3894,0.050,3.317e+00,0.770
0.006987,2137,2.2350,0.281,5.236e+01,0.943
0.016057,2138,2.3622,0.348,1.197e+02,0.925
0.055959,2139,1.3548,0.421,1.629e+02,1.289
0.131940,2140,0.3984,0.107,1.496e+01,1.079
0.031633,2141,1.0129,0.278,9.087e+01,1.852
0.008757,2142,1.2967,1.379,2.296e+03,6.404
0.072173,2143,5.0120,1.562,5.973e+03,2.896
0.060888,2144,0.8506,2.635,5.728e+03,11.672
0.007197,2145,2.4791,0.683,5.446e+02,0.831
0.008579,2146,1.5690,0.569,1.878e+02,2.462
0.005690,2147,1.4078,0.182,2.848e+01,0.897
0.045145,2148,1.0710,0.398,1.811e+02,1.043
0.006365,2149,0.8128,0.134,1.851e+01,0.891
0.036355,2150,0.8966,0.605,3.331e+02,3.208
0.040259,2151,1.0899,0.120,1.640e+01,1.067
0.066229,2152,,7.374,7.499e+04,
0.086961,2153,0.8065,0.095,1.243e+01,0.822
0.048977,2154,1.2817,0.224,3.880e+01,0.885
0.036134,2155,1.5077,0.300,1.025e+02,1.011
0.021446,2156,1.5103,0.468,2.207e+02,1.537
0.032932,2157,2.1850,0.271,9.654e+01,0.984
0.039016,2158,0.8170,0.259,6.137e+01,1.067
0.043523,2159,0.3332,0.105,1.071e+01,1.007
0.011813,2160,1.4020,0.141,1.886e+01,1.033
0.018485,2161,3.6777,1.121,2.223e+03,0.942
0.478138,2162,0.1048,0.000,0.000e+00,1.037
0.064170,2163,0.3173,0.155,2.907e+01,1.248
0.043430,2164,1.0958,0.177,3.322e+01,0.983
0.021410,2165,0.7976,0.129,1.991e+01,1.069
0.035432,2166,0.5852,0.101,1.226e+01,0.938
0.021838,2167,2.5990,0.307,8.967e+01,1.024
0.018615,2168,5.8094,0.788,1.231e+03,1.308
0.215773,2169,0.1463,0.229,7.515e+01,1.449
0.068737,2170,0.2623,0.171,4.455e+01,0.963
0.026165,2171,1.5214,2.102,4.734e+03,10.054
0.013787,2173,2.1429,0.343,1.439e+02,0.896
0.019687,2174,1.2848,0.156,1.594e+01,0.994
0.005022,2175,1.0130,0.123,1.077e+01,0.854
0.019802,2176,3.1030,0.321,1.126e+02,0.997
0.072060,2177,3.8087,0.360,1.999e+02,0.850
0.021588,2178,0.8782,0.106,1.476e+01,0.935
0.039139,2179,0.4792,0.109,1.469e+01,1.048
0.061004,2180,6.9984,0.876,1.057e+03,1.276
0.050966,2181,0.1731,0.150,2.445e+01,1.220
0.049115,2182,3.2027,0.478,2.181e+02,1.023
0.026712,2183,0.4940,0.165,3.634e+01,0.979
0.054376,2184,4.8899,0.436,1.858e+02,1.318
0.030237,2185,0.3051,0.107,1.400e+01,0.979
0.439626,2186,0.1576,0.058,4.080e+00,0.930
0.090326,2187,0.4382,0.156,3.012e+01,1.285
0.069258,2189,0.2518,0.212,5.088e+01,0.835
0.006695,2190,0.5332,0.187,3.827e+01,0.895
0.041365,2191,0.6916,0.222,6.072e+01,0.889
0.004602,2192,0.9102,0.266,6.715e+01,1.044
0.053116,2193,1.0232,0.104,1.482e+01,1.014
0.095607,2194,,1.442,1.843e+03,
0.050583,2195,1.0846,0.118,1.711e+01,1.121
0.024653,2196,1.2511,0.231,5.659e+01,1.027
0.031349,2197,0.4204,0.143,2.292e+01,1.039
0.045232,2198,2.9761,0.759,7.463e+02,0.952
0.019402,2199,1.0989,0.210,2.876e+01,0.914
0.012934,2200,1.5760,0.162,2.359e+01,1.039
0.030895,2201,0.9262,0.170,3.128e+01,1.024
0.032617,2202,0.2396,0.089,1.035e+01,0.813
0.015222,2203,0.2312,0.178,3.817e+01,1.246
0.348474,2204,0.2328,0.000,0.000e+00,0.976
0.347723,2205,0.0798,0.000,0.000e+00,0.982
0.102985,2207,1.1479,0.083,8.381e+00,0.979
0.102279,2208,0.3162,0.081,7.999e+00,0.848
0.291509,2209,0.9524,0.092,1.011e+01,0.892
0.139867,2210,2.1711,0.522,3.847e+02,1.194
0.032487,2211,1.8914,0.768,9.984e+02,1.480
0.003210,2212,0.5118,0.089,1.055e+01,1.054
0.444977,2213,0.1040,0.044,1.044e+00,1.105
0.110416,2214,5.9219,1.708,4.504e+03,3.301
0.034866,2215,0.4860,0.158,3.901e+01,1.139
0.025776,2216,0.4496,0.159,3.224e+01,1.007
0.060784,2217,0.6367,0.109,1.448e+01,0.887
0.024424,2218,0.2773,0.086,1.093e+01,0.949
0.006073,2219,0.6521,0.111,1.506e+01,1.031
0.027037,2220,0.3633,0.181,3.353e+01,0.918
0.030365,2221,4.4303,0.359,1.753e+02,0.980
0.139039,2222,0.3440,0.177,3.703e+01,1.339
0.095461,2223,2.0266,0.995,2.001e+03,3.558
0.087342,2224,3.1480,0.118,1.693e+01,0.996
0.067916,2225,1.6821,0.769,7.471e+02,5.037
0.047828,2229,1.6817,0.249,6.920e+01,1.202
0.010282,2230,1.0447,1.274,1.536e+03,9.117
0.020883,2231,3.4800,0.665,7.584e+02,0.862
0.017077,2233,2.6862,0.344,1.464e+02,0.929
0.137518,2234,9.3051,4.089,3.858e+04,10.599
0.009416,2235,1.6039,0.112,1.540e+01,0.939
0.049086,2236,0.3425,0.087,1.062e+01,0.928
0.048459,2237,8.0542,0.725,5.463e+02,0.762
0.060857,2238,1.7931,2.005,2.629e+03,6.208
0.020751,2240,1.3172,0.151,2.567e+01,1.097
0.044504,2241,1.7132,1.054,1.423e+03,3.293
0.004725,2242,0.3419,0.088,1.087e+01,1.039
0.042012,2243,0.6732,0.125,1.446e+01,0.916
0.024198,2244,0.9474,0.185,3.362e+01,1.327
0.031581,2245,1.6951,0.143,1.491e+01,0.799
0.452868,2246,0.4375,0.148,3.278e+01,1.049
0.066102,2250,17.8057,1.105,1.454e+03,1.267
0.021717,2251,0.3116,0.113,1.837e+01,1.070
0.015981,2252,7.7914,0.548,5.335e+02,0.991
0.011477,2253,0.5554,0.099,1.299e+01,0.997
0.029689,2254,0.9956,0.229,6.438e+01,1.552
0.013035,2255,0.6215,0.335,1.071e+02,1.047
0.037661,2256,0.8724,0.166,2.031e+01,1.019
0.071257,2257,0.5480,0.114,1.575e+01,0.940
0.002341,2258,1.3181,0.221,3.526e+01,0.909
0.033916,2259,0.9109,0.148,2.922e+01,1.250
0.031185,2260,1.4468,1.905,3.787e+03,16.186
0.409591,2260,,83.585,2.018e+06,
0.007981,2261,2.5713,0.317,1.210e+02,0.951
0.053939,2262,1.8755,0.319,1.156e+02,0.924
0.032620,2263,0.3009,0.126,2.237e+01,1.155
0.017924,2264,9.1852,0.834,8.854e+02,0.899