angDist,#,rgeo,rpgeo
0.081414,1,1169.84424000,1153.54578000
0.024289,2,1262.11340000,1258.42798000
0.058101,3,1223.64722000,1231.87842000
0.401104,4,94.81722260,94.53936770
0.133489,5,289.57513400,290.05838000
0.015526,6,2394.14502000,2378.59741000
0.143046,7,2717.45264000,2820.61060000
0.029274,8,1341.51245000,1332.56873000
0.040046,9,693.88684100,702.99096700
0.054758,10,779.35235600,778.07922400
0.156643,11,2303.06006000,2305.25391000
0.427324,12,4953.06787000,4681.62207000
0.271012,13,1033.72815000,1058.81372000
0.286958,13,4036.31665000,3978.37134000
0.068120,14,4221.95215000,3974.24365000
0.090277,15,2155.50073000,2098.20361000
0.055325,16,3649.26855000,3609.04321000
0.075184,17,2726.52881000,2706.61206000
0.099671,18,2737.71997000,2726.44043000
0.036789,19,2731.59326000,2697.62280000
0.099090,20,500.43280000,500.91940300
0.087840,21,3833.79590000,3845.84888000
0.034426,22,2451.65405000,2411.29883000
0.084525,23,5843.08984000,5934.76367000
0.489952,25,3031.66772000,3041.37061000
0.073972,26,891.19732700,886.71502700
0.439170,29,6005.34326000,5154.32568000
0.269268,30,2575.00513000,2574.75269000
0.105615,31,2525.18213000,2499.67554000
0.405520,32,1900.83240000,1886.43713000
0.093643,34,3200.63062000,3138.98755000
0.291482,35,2312.16602000,1339.04553000
0.031665,36,4288.62842000,
0.358785,37,7613.37207000,6362.40234000
0.422649,38,3242.43335000,3164.10693000
0.057686,39,547.34686300,547.10253900
0.388971,40,3186.36865000,3097.76514000
0.388618,41,3271.74561000,3277.65137000
0.465628,42,1687.75232000,494.66909800
0.056098,44,3469.37427000,3314.82666000
0.031108,45,5316.78467000,4424.13867000
0.029443,46,4721.78857000,4289.47656000
0.086030,52,22524.32230000,27205.68950000
0.047989,53,2650.36182000,2642.96851000
0.323913,54,2698.89136000,2656.67188000
0.321445,55,4784.79834000,4312.99756000
0.108043,56,2460.30640000,2478.89624000
0.014952,57,2944.63354000,2931.81616000
0.290911,58,5098.24170000,4870.00195000
0.078640,59,4167.36426000,3937.38647000
0.303756,60,23639.76560000,10989.64550000
0.015299,65,970.35668900,972.96966600
0.213362,66,27128.63280000,18071.38280000
0.282302,67,13345.43160000,11738.69920000
0.035843,71,38760.66410000,32283.77730000
0.020118,72,1850.43408000,1834.65051000
0.211416,74,12133.27830000,12375.23440000
0.161328,75,26083.30660000,12721.04100000
0.066613,76,11132.74610000,12877.17380000
0.225116,77,26867.43550000,21303.67770000
0.217935,78,10514.15620000,4845.70117000
0.243826,79,9403.77344000,11512.54300000
0.131644,80,11558.37700000,2923.40015000
0.254713,81,9797.49316000,7821.58545000
0.388836,82,15631.51860000,11711.76170000
0.256982,83,15037.77730000,15587.41310000
0.181207,84,8248.46973000,9674.25098000
0.185767,85,8696.59375000,8198.83203000
0.240251,87,13830.74120000,10756.08690000
0.158082,88,10583.73540000,9627.19336000
0.192624,89,12437.56640000,12325.50000000
0.191423,90,16794.99610000,14758.43070000
0.241261,91,10330.29490000,10182.36910000
0.171080,92,25483.30270000,22598.06840000
0.144082,93,13313.12600000,9379.95215000
0.181984,94,863.85333300,849.02648900
0.252562,95,15156.88770000,14615.49410000
0.359736,96,7469.76025000,
0.257321,97,13381.39360000,14615.21290000
0.313591,98,13757.66210000,8834.19629000
0.252836,99,8191.70508000,10114.11720000
0.267316,100,13559.41110000,12354.94920000
0.356991,101,1749.01147000,1106.52429000
0.288802,102,17950.59570000,10429.06930000
0.182382,103,19378.21680000,23885.36910000
0.194560,104,20398.45310000,12561.06150000
0.242679,105,11510.97460000,10321.46780000
0.241368,106,10548.19920000,9754.87793000
0.202711,107,15241.92870000,12893.72460000
0.203287,108,10904.84380000,13913.00200000
0.338695,110,14248.54980000,10310.22850000
0.062617,112,4955.54150000,4715.81836000
0.227040,113,18330.75200000,14512.09080000
0.217961,114,12236.77830000,13770.82710000
0.187600,115,16796.38090000,17842.92580000
0.205064,116,4596.60693000,5475.97803000
0.221287,117,18205.90820000,24066.28710000
0.267914,118,10908.64750000,9022.41406000
0.067421,119,26190.69530000,16211.85250000
0.075323,120,12076.58500000,10949.74800000
0.215697,121,15117.54880000,10279.69040000
0.215030,123,19440.80270000,12573.89750000
0.176723,125,19215.35160000,18421.16210000
0.312531,126,13554.33890000,9468.43750000
0.214528,127,14077.83690000,10681.53710000
0.415828,128,15698.87010000,10114.94820000
0.144020,129,31944.43360000,21393.66800000
0.154457,130,12071.43360000,6454.52930000
0.230463,131,23188.67770000,22791.20900000
0.166057,132,15501.38670000,8301.95215000
0.233601,133,15248.45800000,6394.78906000
0.201556,134,14632.90140000,13666.24510000
0.241997,135,11770.32130000,11458.42190000
0.181118,137,1382.89734000,1373.50818000
0.146741,138,12363.30570000,15053.58690000
0.198960,139,6001.07129000,6161.39844000
0.159640,141,9588.33789000,13354.82520000
0.192584,142,13918.60940000,13654.09570000
0.295307,144,10775.60060000,10475.06350000
0.142603,145,16014.71290000,13762.32320000
0.193800,146,3533.53174000,4247.01318000
0.355037,147,20427.68550000,18417.35350000
0.149066,148,23919.50780000,10839.38770000
0.162856,149,4511.39062000,3832.64673000
0.371108,150,8587.70117000,8645.02637000
0.181149,151,8864.83691000,5741.99463000
0.040482,152,32249.51560000,26166.21480000
0.475970,153,7751.62402000,3822.90723000
0.192332,154,15645.73340000,21456.23240000
0.139701,155,15276.61130000,13938.29490000
0.130054,156,14777.43070000,13917.96000000
0.103464,157,18943.97460000,17612.73830000
0.211042,158,12193.36430000,7844.37939000
0.224295,159,10543.22750000,10284.08200000
0.146840,160,10739.16600000,11663.83300000
0.202673,161,11242.01270000,6015.87207000
0.465634,162,3727.25537000,2738.20044000
0.394250,163,20867.26760000,28055.30270000
0.312730,165,18028.38090000,11986.06740000
0.289102,167,17279.27340000,4856.31494000
0.144649,168,45037.71090000,7574.18164000
0.145780,169,8209.36133000,8649.03223000
0.238746,170,4797.10254000,4487.83301000
0.067103,171,18335.60160000,27361.83200000
0.342355,172,9830.77734000,11015.58110000
0.091237,173,3434.74072000,3338.33130000
0.172684,174,11813.15140000,8525.11230000
0.195646,175,16737.79490000,14755.49020000
0.445579,176,13485.08790000,10103.59770000
0.183338,177,17721.15620000,27878.46880000
0.310902,178,33777.42580000,31637.52150000
0.196291,179,7982.57764000,8473.22168000
0.159967,181,13052.42770000,10905.50390000
0.136629,183,6774.43408000,5740.47363000
0.297039,184,21859.44730000,29512.42580000
0.206104,185,13860.93070000,11092.42680000
0.189830,186,17752.72460000,13084.72270000
0.312894,187,13752.21480000,17290.14260000
0.311954,188,5213.49854000,5104.16455000
0.052278,189,3877.61328000,3811.52271000
0.155536,190,16518.08790000,11503.51070000
0.179411,191,3816.22900000,3949.14282000
0.136082,192,8562.22461000,8455.76562000
0.144969,194,10853.82620000,7474.46826000
0.229819,195,25466.58400000,12901.22360000
0.223817,196,36163.10940000,25756.29490000
0.240036,197,9564.86816000,8898.06250000
0.162303,198,8154.45605000,6120.12012000
0.199317,199,18279.78910000,17628.79490000
0.088962,201,20016.08010000,22074.73240000
0.231732,202,11666.38670000,4831.62793000
0.168598,203,12608.09670000,13379.83300000
0.253401,204,11220.67580000,5219.06494000
0.171968,205,8632.55273000,8963.30371000
0.183459,206,28726.91020000,11173.40430000
0.260967,207,13600.44530000,12976.26760000
0.292798,208,25029.13280000,27143.11720000
0.182394,210,16423.30080000,15649.75590000
0.173321,212,14084.24410000,7695.39111000
0.237714,213,10242.40430000,6047.05518000
0.182066,214,8395.45898000,8111.71338000
0.466781,215,9887.66699000,25774.51560000
0.290507,218,24920.84380000,19859.15040000
0.248406,219,14539.46880000,9910.86523000
0.239165,220,14513.71880000,12115.13280000
0.398122,222,16191.40040000,17094.60550000
0.203636,223,12055.71970000,6717.58789000
0.217865,224,11210.60450000,4056.71753000
0.219067,225,13575.94730000,10022.39750000
0.295568,226,17404.59380000,17833.79490000
0.170958,227,8585.90918000,6497.21436000
0.250641,228,11827.86430000,12084.12990000
0.370081,229,10399.13480000,9051.25000000
0.191036,230,18408.76950000,7135.83496000
0.226689,232,27711.76950000,25094.48630000
0.344392,233,2668.76025000,2633.66797000
0.098786,237,3951.43994000,3835.30078000
0.176921,239,13212.30370000,10804.38280000
0.033709,240,2671.99536000,2645.56738000
0.232527,242,6435.81250000,6021.77246000
0.493957,243,20038.55660000,12343.09080000
0.410896,244,2867.12451000,2871.71973000
0.259240,246,15236.47170000,14312.92090000
0.284025,249,17282.57620000,14767.30370000
0.305141,250,18488.49220000,17419.60550000
0.316853,251,6683.01855000,6905.03027000
0.190297,252,2950.04810000,2951.12793000
0.312524,253,2773.19897000,2759.43213000
0.330197,256,3525.83203000,3383.06519000
0.121204,257,2627.48486000,2609.92847000
0.043169,260,2946.05273000,2924.89185000
0.034840,262,23641.70310000,14793.10250000
0.499448,263,13140.01660000,12895.76760000
0.118358,267,1181.33850000,1168.86975000
0.110574,268,18304.25980000,15885.86330000
0.374696,270,16972.52540000,16446.67770000
0.136344,274,384.18219000,383.70394900
0.080698,277,4027.12427000,4048.96362000
0.206235,280,16790.57030000,14339.06540000
0.100194,281,2925.10449000,2927.90723000
0.417235,282,25368.46480000,29675.37110000
0.070596,286,6398.76758000,6225.54443000
0.095498,288,2103.76392000,2077.35864000
0.079161,289,1090.40552000,1083.94971000
0.120671,290,3077.88818000,3115.70264000
0.237648,291,1473.78040000,1473.31628000
0.267296,292,2785.71411000,2796.63574000
0.368425,293,6041.38867000,5948.02100000
0.152984,294,3082.10181000,3013.90918000
0.068263,295,868.77417000,853.64416500
0.003939,296,2721.81323000,2689.60254000
0.087371,298,2682.88696000,2656.84253000
0.093673,299,2772.49292000,2717.31348000
0.364266,300,3232.20337000,3016.81860000
0.264816,303,5121.82568000,4822.38965000
0.024983,304,2381.39673000,2381.57031000
0.247688,306,4726.17627000,4676.77295000
0.089587,307,4110.88135000,3726.79272000
0.083248,308,4783.34570000,4861.42383000
0.129359,309,6108.47949000,5161.34619000
0.188647,310,3304.06763000,3267.17651000
0.078445,311,3500.09692000,3554.98901000
0.229853,312,5229.09229000,4571.86084000
0.122092,313,3095.28101000,3053.40405000
0.046595,315,1237.00537000,1221.88940000
0.103819,316,3291.30591000,2141.04492000
0.193271,317,6007.42920000,5717.37012000
0.201495,318,3162.73145000,3127.50635000
0.275219,319,4720.56445000,4508.66113000
0.088428,320,2448.64868000,2428.67163000
0.080086,321,3000.38745000,2991.78003000
0.246779,322,10838.50100000,10249.94240000
0.054473,323,1987.41260000,1975.44202000
0.130515,324,7194.40332000,6939.07471000
0.093113,326,6410.17920000,3146.72192000
0.362129,327,7693.77246000,7344.80811000
0.080662,328,3083.41797000,3000.21216000
0.233329,329,2946.76147000,2950.66797000
0.099780,330,600.96801800,602.08435100
0.071302,331,2785.06665000,2787.09937000
0.296713,333,262.76379400,264.68627900
0.291698,334,285.86770600,285.51165800
0.108873,335,2695.39771000,2650.60669000
0.264416,337,5064.97461000,5096.09668000
0.078373,338,4965.45557000,4612.72217000
0.057466,339,8127.12109000,9258.50488000
0.212239,341,3189.69263000,3032.92944000
0.064403,342,693.49469000,689.07672100
0.054558,343,2473.45459000,2504.80249000
0.105087,344,1807.90454000,1927.81702000
0.113415,345,2691.77710000,2672.19775000
0.116345,346,5306.07471000,5316.94434000
0.168275,347,2081.52954000,2080.00195000
0.204462,348,2709.69263000,2693.83301000
0.223625,349,3398.87573000,3286.36743000
0.435665,350,183.93008400,184.48890700
0.041499,351,4183.57471000,3990.93481000
0.366666,352,2817.87451000,2836.94434000
0.349989,353,2817.81128000,2860.28174000
0.079837,354,3428.53931000,3425.71924000
0.238019,355,6106.59033000,5917.61914000
0.123734,356,2687.34595000,2715.36353000
0.039771,358,2715.69897000,2683.50439000
0.345222,359,2470.74927000,2408.54199000
0.137781,360,3616.44702000,3624.39551000
0.378220,361,2752.03833000,2776.24829000
0.178623,362,2481.66455000,2514.35596000
0.372302,363,2749.94067000,2627.70898000
0.436928,364,2439.50708000,2439.06519000
0.139425,365,2759.78735000,2779.77808000
0.060049,366,2867.32397000,2881.53589000
0.079700,367,2658.56421000,2636.44946000
0.310876,368,2591.02759000,2628.64160000
0.106616,369,2547.01367000,2433.21289000
0.050217,370,2805.30493000,1673.52441000
0.300021,371,5193.21436000,5125.55322000
0.105616,372,2833.66577000,2818.81201000
0.094313,373,2654.56079000,2642.59180000
0.072392,374,2576.68188000,2554.71240000
0.305474,375,2663.08325000,2677.52271000
0.069290,376,2728.08105000,2732.36963000
0.047591,377,2668.63525000,2678.75464000
0.074825,378,2599.09863000,2591.57007000
0.046508,379,2849.69067000,2880.01489000
0.277131,380,2992.48755000,2877.74438000
0.453624,381,2555.77759000,2532.43530000
0.289765,382,2751.88892000,2740.13037000
0.378621,383,2647.84180000,2648.94092000
0.267700,385,2314.59058000,2301.16431000
0.282024,386,2875.75757000,2891.30811000
0.160060,387,4999.16895000,5038.09229000
0.074780,388,2683.06348000,2654.68677000
0.274241,389,3207.76855000,3131.26392000
0.179816,390,4587.44971000,4668.21191000
0.116430,391,5223.95801000,4662.97461000
0.292726,393,4655.41699000,4422.18213000
0.012540,394,4641.01318000,3924.41748000
0.307715,395,6175.67773000,5635.78320000
0.249957,396,2480.58301000,2431.42407000
0.060875,397,5419.02686000,4829.91553000
0.073747,398,2312.88232000,2295.53857000
0.129514,399,2628.92896000,2627.24854000
0.109325,400,5276.25537000,5143.91553000
0.021731,401,1407.14099000,1406.50342000
0.082491,402,3011.60815000,2980.45703000
0.089740,403,5210.21973000,4950.67480000
0.217426,404,5435.33008000,5376.12207000
0.262188,405,3127.94580000,3117.12280000
0.293359,406,2451.68311000,2413.84766000
0.070494,408,2643.65381000,2691.55029000
0.111592,410,4475.52979000,4473.59375000
0.053385,411,7054.35205000,5789.17822000
0.058502,412,2592.49487000,2641.74023000
0.201446,413,2321.62720000,2309.58228000
0.100416,414,5205.77979000,4879.64990000
0.049933,415,535.64465300,538.41558800
0.021225,416,4193.18945000,4098.54834000
0.087446,417,1605.40051000,1555.48169000
0.011135,418,2196.17944000,2033.58508000
0.312396,419,6197.05127000,5913.03857000
0.215474,420,2296.23145000,2272.58521000
0.074570,421,2647.84814000,2647.86157000
0.054943,422,6086.92090000,5956.97607000
0.043891,423,4531.65088000,4754.40918000
0.030072,424,2785.64404000,2811.58057000
0.160697,425,2386.03394000,2392.73291000
0.124033,426,2066.19702000,2052.20801000
0.130609,427,6082.77686000,6521.84814000
0.003667,428,5545.32422000,4967.47607000
0.002213,429,2699.34009000,2695.61719000
0.187373,430,5751.57324000,5062.62891000
0.231455,431,2403.74268000,2397.38013000
0.305169,432,7859.76660000,7254.04688000
0.032283,433,5027.20703000,4826.38818000
0.020807,434,3664.65088000,3592.78613000
0.100874,435,15357.61130000,14844.40330000
0.118106,436,10340.62790000,8963.37207000
0.220713,437,4592.03271000,4551.96436000
0.167042,438,3026.01416000,3005.17334000
0.217041,439,2912.85547000,2925.37451000
0.046215,440,6900.61719000,6803.47070000
0.043545,441,969.53210400,971.33862300
0.194067,442,4284.80322000,3915.96484000
0.048038,443,5669.27979000,3473.22949000
0.038405,444,6031.25098000,5291.89795000
0.110265,445,826.69104000,818.78216600
0.024492,446,2240.96558000,2290.36475000
0.028430,447,2182.03418000,2179.39404000
0.098650,448,4865.02539000,4642.80566000
0.063140,449,2712.85718000,2740.09277000
0.029098,450,2235.95996000,2258.30884000
0.251309,451,5607.77930000,5830.87744000
0.108183,452,5006.07568000,5022.21338000
0.025819,454,1531.11060000,1486.38513000
0.279263,455,6917.23877000,6340.29199000
0.342976,456,2480.58740000,2469.63477000
0.189993,457,2728.11157000,2699.74438000
0.129901,458,6829.57129000,6609.27930000
0.073117,459,5454.19385000,5198.19385000
0.027416,460,4838.40576000,5009.38184000
0.040891,461,6841.89209000,6007.35400000
0.300496,462,2314.77759000,2312.77368000
0.075265,463,4562.68359000,4614.40918000
0.086425,464,6935.93896000,6895.81543000
0.061066,465,832.17614700,827.18493700
0.321742,466,3436.02417000,3370.94385000
0.024785,467,1241.58215000,1240.59973000
0.107550,468,5726.97510000,4971.46924000
0.244320,469,2434.23438000,2451.44653000
0.062159,470,1972.46497000,1983.28259000
0.115821,472,3234.38623000,2544.67285000
0.064356,473,7900.54150000,5972.27100000
0.225235,474,2827.00049000,2775.41064000
0.014197,475,3091.41309000,3093.11694000
0.257784,476,3325.62354000,3267.97778000
0.051999,478,3642.79077000,3529.37183000
0.050113,479,3595.67334000,3425.44678000
0.108986,480,4449.31445000,4439.12256000
0.131244,481,3293.11084000,3421.21802000
0.087809,482,5100.33887000,5646.59375000
0.376619,483,2126.93335000,2124.09131000
0.043244,484,2352.07788000,2390.41870000
0.051150,485,1201.43054000,1208.38623000
0.213580,486,2211.63550000,2138.15576000
0.068264,487,6368.90479000,5842.88916000
0.025989,488,1987.06958000,1999.27930000
0.106982,489,4977.75537000,4712.27979000
0.061838,490,2021.56824000,2029.81934000
0.073830,491,764.12664800,762.81964100
0.045959,492,684.09515400,681.49121100
0.034626,493,969.73803700,977.23565700
0.021647,494,5188.27148000,5157.19482000
0.047008,495,2128.99512000,2111.19214000
0.054442,496,540.26641800,408.68127400
0.029805,497,2135.78320000,2147.30176000
0.029487,498,6221.27246000,5477.17578000
0.013416,499,2321.43115000,2292.47876000
0.052110,500,2053.63965000,1980.22363000
0.022790,501,6775.75732000,5282.98389000
0.078019,502,2015.92920000,2005.59302000
0.081261,503,6418.83545000,6369.27051000
0.043708,504,2238.42993000,2254.58643000
0.085112,505,6567.68311000,6469.57617000
0.159080,506,2479.25879000,2317.68799000
0.270178,508,137.78601100,137.91053800
0.177969,509,2378.95850000,2382.22534000
0.073047,510,2734.22998000,2672.99219000
0.223178,511,2420.36719000,2396.32300000
0.162123,512,2431.97217000,2416.52417000
0.282504,514,2279.49268000,2266.74658000
0.403516,515,2216.76147000,2191.69434000
0.153748,519,2114.58179000,2113.18286000
0.180399,521,2407.17407000,2256.74683000
0.447842,523,2200.79175000,2181.55396000
0.108248,524,7781.04541000,5900.81250000
0.047439,525,7282.06934000,7523.84668000
0.088646,527,5659.17383000,5177.23389000
0.106158,528,5061.21289000,4323.96436000
0.106390,530,3748.59863000,3582.08325000
0.056534,531,4878.64648000,4416.32812000
0.036327,533,2191.42505000,2183.26099000
0.459603,535,2107.74536000,2115.02075000
0.418575,537,2258.80396000,2270.97974000
0.087816,539,2514.12207000,2532.38184000
0.409313,540,2228.04736000,2215.70630000
0.059209,541,828.45874000,827.60449200
0.370920,542,2206.88013000,2193.84790000
0.086524,545,2180.74609000,2172.91895000
0.125675,546,6553.85693000,6386.85645000
0.094203,547,2150.87451000,2142.22852000
0.353087,548,2387.88013000,2383.05151000
0.291515,549,2321.91284000,2313.72070000
0.445021,550,2173.90015000,2156.39600000
0.075241,551,1280.13391000,1278.61536000
0.031523,555,2166.58130000,2180.17139000
0.036360,556,2853.05103000,3055.01685000
0.086458,557,2215.48120000,2227.73291000
0.042707,558,2691.38550000,2630.41211000
0.259858,559,1986.79077000,1990.97986000
0.142956,560,3594.29590000,3685.42993000
0.042069,561,4775.11475000,4592.86182000
0.094220,563,2405.73560000,1332.77393000
0.142924,564,3782.76025000,3673.45142000
0.023619,565,1998.58765000,1974.01074000
0.166000,566,6144.88086000,4886.42773000
0.227347,567,4998.01025000,5089.65771000
0.030233,568,917.07800300,921.64410400
0.093111,569,654.50628700,653.26751700
0.498448,570,2026.32935000,2033.78406000
0.057628,571,6938.34521000,6438.03711000
0.021444,572,6683.28711000,5531.08105000
0.080789,573,3616.26562000,3469.00537000
0.078336,574,4694.43750000,4525.34521000
0.059284,575,1218.33240000,1214.04407000
0.061197,576,2241.79126000,2207.30688000
0.053763,577,6901.41113000,5115.94189000
0.260563,578,2127.22144000,2164.95117000
0.079861,579,4886.04199000,5077.47803000
0.197533,580,3289.95459000,797.32373000
0.017633,581,2331.97974000,2278.80957000
0.057506,582,3784.09692000,3760.66675000
0.119672,583,6067.11670000,4224.90869000
0.058212,584,3974.42944000,3470.83179000
0.098659,585,336.05911300,336.18634000
0.075065,586,4881.30908000,4387.58740000
0.067754,587,5221.28467000,4615.19434000
0.096014,588,2136.93140000,2156.10522000
0.083225,589,4763.17578000,3717.71338000
0.251388,590,5195.09814000,5260.04980000
0.134153,591,3243.94897000,3176.10327000
0.215023,592,6559.25342000,6561.42480000
0.147752,593,4529.04199000,4442.23828000
0.047433,594,2212.26953000,2226.57617000
0.310053,595,2067.54688000,2056.14258000
0.047564,596,2305.27490000,2333.73535000
0.051055,597,2504.49585000,2473.95679000
0.074790,598,7348.26367000,5908.13086000
0.089480,599,2135.17041000,2114.50513000
0.062396,600,2057.66162000,2038.39258000
0.179806,601,2827.56079000,2789.22729000
0.160666,602,8174.88574000,7512.71533000
0.048097,603,7091.76025000,6249.32227000
0.029995,604,3585.74487000,3501.99536000
0.063987,605,5978.06641000,5498.17285000
0.089257,606,2048.43848000,2035.41516000
0.038187,607,6733.53027000,4802.19482000
0.077306,608,8810.18164000,8522.15625000
0.053076,609,5574.62354000,4375.97949000
0.095726,610,6376.09473000,5548.78857000
0.093100,611,5171.19336000,4910.90527000
0.079906,612,8594.17871000,4116.83740000
0.222482,613,2722.53418000,2661.99463000
0.158107,614,3718.09937000,3636.21289000
0.019027,615,5343.05811000,4709.48730000
0.061712,616,2633.12012000,2503.40308000
0.082026,617,5142.35791000,4934.69385000
0.058648,618,5488.45117000,6151.29248000
0.206529,619,6805.07812000,6528.34326000
0.071559,620,5460.37305000,4947.88135000
0.072723,621,5256.75879000,4603.28271000
0.052648,623,3170.73242000,3099.29102000
0.190600,624,2879.31567000,2868.97217000
0.079270,625,4846.27148000,4438.24707000
0.065089,626,5358.00928000,4998.14697000
0.146123,627,5568.02637000,4941.61084000
0.043105,628,2258.77368000,2282.71997000
0.093809,629,2400.35059000,2387.28345000
0.046367,630,2162.75342000,2150.13330000
0.211815,631,5050.41846000,4991.60889000
0.227213,632,2175.99219000,2162.78271000
0.053739,633,4855.43262000,4755.08545000
0.113260,634,6636.29639000,5699.43457000
0.142847,635,4930.83594000,4347.78125000
0.195746,636,2051.45312000,2063.05005000
0.058744,637,2322.24512000,2319.14062000
0.194491,638,4126.29199000,3819.14697000
0.171690,639,2310.89014000,2277.19922000
0.071983,640,5068.01758000,3783.68286000
0.060168,641,4753.52441000,4474.67725000
0.018548,642,5837.64893000,5165.07617000
0.054092,643,2103.11450000,2100.59253000
0.195829,644,2977.32495000,2944.00977000
0.067466,645,6857.65234000,6982.54541000
0.134255,647,2840.32520000,2821.61182000
0.072465,648,3709.19458000,3663.07642000
0.032667,649,6099.55176000,5869.40381000
0.177198,650,3340.30811000,3357.94336000
0.042220,651,1095.46143000,1109.54883000
0.177538,652,4157.71338000,4330.43848000
0.180640,653,5914.73389000,5137.17578000
0.066933,654,4469.96289000,4420.72168000
0.060987,655,2410.69702000,2415.08032000
0.049585,656,5300.43311000,5327.11719000
0.069101,657,652.29370100,650.51623500
0.124415,658,7775.75537000,6439.96777000
0.042797,659,433.78100600,432.03051800
0.218076,660,3478.08618000,3462.45142000
0.187012,661,3748.96606000,3649.58301000
0.086653,662,4355.28613000,3943.82080000
0.265873,663,300.74578900,301.08059700
0.014026,664,929.70208700,897.09973100
0.106172,665,5410.97168000,4842.28467000
0.109229,666,4408.64355000,4279.54932000
0.039306,667,4948.30908000,5051.16064000
0.106701,668,707.78094500,704.60656700
0.039408,669,869.58142100,873.45025600
0.041426,670,1114.13904000,1111.38574000
0.012887,671,1258.08008000,1265.30164000
0.213791,672,853.75671400,849.88195800
0.064092,673,590.18829300,590.28186000
0.297869,674,245.58938600,250.13563500
0.064850,675,608.14538600,607.88128700
0.025969,676,517.52050800,519.04303000
0.027143,677,1178.34155000,1171.82556000
0.055293,678,597.98803700,595.81134000
0.445163,679,174.47079500,173.58520500
0.014478,680,1026.72998000,1019.65350000
0.074066,684,1063.69055000,1064.25842000
0.139072,685,319.67648300,319.64251700
0.217565,686,132.59114100,132.33078000
0.343433,688,5584.23926000,5883.42285000
0.074322,690,777.81274400,773.24334700
0.147216,691,2763.20459000,2755.84082000
0.213367,693,158.38287400,159.05452000
0.168405,697,247.02969400,247.89794900
0.036100,699,650.34478800,648.61590600
0.033703,700,785.65411400,783.36816400
0.050685,701,1567.98828000,1567.40259000
0.116324,702,2377.99829000,2205.48193000
0.032755,703,844.29327400,841.22857700
0.183971,704,117.71907000,117.06694000
0.059020,705,417.69293200,425.82611100
0.307851,706,285.17849700,284.94509900
0.017053,708,1024.57666000,1014.12982000
0.061772,710,394.92123400,393.71466100
0.108592,711,684.84753400,685.22967500
0.059458,712,1044.81860000,1043.28381000
0.158489,714,454.51532000,451.06234700
0.052790,715,931.70733600,928.99072300
0.060356,716,467.10137900,471.74917600
0.002224,718,676.26867700,675.24530000
0.091672,719,879.32135000,884.64050300
0.072887,720,626.85107400,621.87719700
0.067640,721,556.35675000,555.60022000
0.082460,722,728.80383300,744.48449700
0.458094,723,212.16584800,211.98974600
0.101768,724,571.34362800,571.11651600
0.142949,725,940.95904500,947.57910200
0.084667,726,6655.30566000,4779.50928000
0.066182,727,1526.78491000,1506.54224000
0.051076,728,1023.80756000,1024.62720000
0.472963,729,66.98642730,67.23677060
0.428938,731,17868.90820000,14358.84570000
0.066972,735,1414.66370000,1437.99890000
0.041472,738,960.67999300,955.69866900
0.064235,739,963.42102100,980.84051500
0.136035,741,207.03318800,
0.126450,742,2031.16919000,2041.48181000
0.141588,743,299.90701300,301.20712300
0.192326,744,350.81536900,350.82974200
0.100014,745,274.77825900,271.50772100
0.069670,746,1066.07141000,1057.85657000
0.039575,747,1298.57471000,1254.10339000
0.051815,748,1297.79639000,1286.22644000
0.082136,749,2543.31714000,2566.77588000
0.106248,750,1005.10706000,999.61334200
0.132091,751,2997.23999000,2959.20337000
0.101818,752,1060.68188000,1061.01685000
0.221353,753,23319.86130000,
0.014858,755,20289.40040000,17024.22070000
0.186648,757,2929.11548000,2920.96313000
0.042291,759,642.40844700,638.18719500
0.078701,760,657.80554200,624.76080300
0.087111,762,988.63928200,972.88421600
0.137922,763,374.05105600,371.22152700
0.198937,764,422.89801000,419.77005000
0.075391,765,1317.64392000,1319.82788000
0.083676,767,2709.98169000,2640.30688000
0.094491,768,2915.77124000,2942.79395000
0.086639,769,944.05188000,942.51782200
0.050297,771,907.58892800,913.43328900
0.024132,772,341.68835400,339.14105200
0.059901,773,1559.36316000,1575.75244000
0.069404,774,1099.43091000,1091.62146000
0.205635,779,18018.74410000,18232.20310000
0.115310,780,17782.28910000,16285.71390000
0.160224,781,29151.31250000,20866.75780000
0.108420,782,21428.08200000,17634.59380000
0.117547,783,15872.08980000,17934.90620000
0.044059,784,6496.93799000,8048.01758000
0.174275,786,20949.21480000,16221.81840000
0.135093,788,17943.69530000,14409.06640000
0.159976,791,21834.85350000,3277.83838000
0.182441,792,19760.49800000,17118.83400000
0.109381,793,12915.70900000,18287.42190000
0.158063,794,18657.74220000,12020.89550000
0.300837,795,3905.67456000,3702.08472000
0.139860,796,23462.70120000,27564.40820000
0.057791,797,355.69836400,357.90676900
0.137188,798,9865.77344000,3022.28223000
0.066755,799,11194.06050000,11933.96290000
0.090687,800,19954.29490000,13599.01460000
0.093903,801,3091.50635000,4021.01880000
0.160138,802,14134.62890000,10717.34860000
0.088998,803,20997.87300000,22212.67770000
0.117233,805,14988.11040000,10995.38090000
0.133535,806,5479.63379000,7089.33496000
0.168612,807,15720.51070000,8905.09961000
0.089640,808,13557.69340000,13709.69040000
0.071784,809,5990.22168000,7609.08447000
0.078280,810,19556.58590000,13693.94140000
0.262764,811,14183.89750000,12374.72660000
0.149089,812,7901.66113000,9356.17480000
0.122025,815,17419.18360000,19006.33400000
0.091928,816,12553.30180000,11413.60740000
0.149175,817,6945.85156000,13127.94530000
0.144216,818,18141.32620000,9221.58398000
0.262602,819,23315.46480000,17678.19920000
0.121739,820,14491.03030000,7285.65430000
0.136099,822,12764.71090000,5850.35840000
0.423232,823,23894.04100000,9689.17188000
0.130388,824,11041.46970000,10998.05470000
0.108273,825,8843.29004000,8004.90088000
0.421273,826,25950.23050000,26627.73830000
0.240249,827,14010.30860000,11911.95510000
0.135327,828,14458.58300000,11591.86620000
0.261991,829,14608.66410000,16278.98340000
0.125143,830,19257.27540000,18789.47270000
0.190238,832,1857.99402000,2412.46313000
0.324348,834,8594.13086000,8625.73828000
0.327723,835,6476.08936000,6319.85693000
0.158822,836,5888.92676000,5276.31494000
0.454978,838,17501.85740000,14141.84470000
0.317242,839,10499.76460000,6203.76807000
0.232128,844,8581.93262000,9266.90527000
0.096423,845,800.12402300,804.81134000
0.128771,846,17760.51370000,22533.91990000
0.147607,848,345.03448500,345.97360200
0.047858,850,14873.59570000,13567.74710000
0.018138,851,389.11935400,389.59695400
0.050595,852,1644.53711000,1634.37781000
0.078320,853,1859.54688000,1870.25256000
0.063901,854,1365.69678000,1375.19202000
0.463181,855,17862.21480000,16686.93750000
0.205850,856,403.38217200,404.16690100
0.044169,857,333.81909200,332.79357900
0.181261,858,6494.23828000,
0.106875,859,372.08749400,372.11111500
0.036780,861,210.99614000,267.65994300
0.032742,862,421.96460000,420.87231400
0.087859,863,1802.65308000,1794.94189000
0.115429,864,15370.11330000,16467.86720000
0.211596,865,214.49002100,214.40954600
0.085617,866,821.81292700,817.46746800
0.094485,868,1128.30493000,1138.65906000
0.105972,869,371.55892900,369.20663500
0.049850,887,5907.49023000,
0.496649,889,13080.57030000,9138.44043000
0.112230,891,1471.46338000,1460.62561000
0.068587,892,1793.03674000,1765.41187000
0.105570,894,1637.59790000,1693.52405000
0.067963,895,492.02459700,497.34768700
0.146925,896,305.18035900,306.82717900
0.377140,897,88.85346980,88.53307340
0.104338,898,682.74804700,678.63153100
0.114478,900,404.79788200,409.57989500
0.119745,903,680.59429900,682.79382300
0.028031,904,684.66015600,680.80340600
0.104112,906,812.88800000,783.36761500
0.262098,909,272.88595600,272.74218800
0.407942,911,14547.05860000,14020.08980000
0.027884,912,755.42150900,763.86602800
0.209450,914,10636.37110000,7028.52051000
0.094797,917,1181.54614000,1187.98267000
0.060871,918,1189.66699000,1199.38684000
0.154031,919,1363.01343000,1366.55713000
0.098487,920,344.70953400,341.10720800
0.036845,921,966.24408000,965.52166700
0.111519,922,331.67639200,332.65258800
0.082202,923,1027.15808000,1010.63708000
0.109219,924,750.40448000,753.91217000
0.033441,925,505.86224400,500.82141100
0.054027,926,1081.59998000,1089.23914000
0.048967,927,941.54864500,930.31164600
0.110507,928,1600.47534000,1533.25684000
0.040965,929,745.81829800,745.06488000
0.031930,930,1222.22839000,1230.87878000
0.063032,931,1051.66345000,1053.28210000
0.057783,932,1991.98071000,1993.10974000
0.042964,933,2032.90308000,2065.04614000
0.111020,934,2003.06653000,2027.53674000
0.146674,935,1727.06909000,1709.95740000
0.057231,936,506.37814300,506.99121100
0.057757,938,557.42608600,551.85827600
0.054268,941,2115.57153000,2094.13037000
0.025977,942,290.06909200,290.95111100
0.035097,943,467.87783800,467.92938200
0.283449,944,154.76365700,154.65280200
0.089071,945,927.13549800,923.03051800
0.293375,946,198.90148900,197.22743200
0.061210,947,1121.73547000,1122.91064000
0.015613,948,1943.32068000,1892.77734000
0.098407,949,417.46005200,417.67227200
0.076990,950,621.88055400,628.66314700
0.079696,951,1932.44141000,1927.91785000
0.042518,952,792.72906500,790.06707800
0.034341,953,1698.11243000,1678.65759000
0.039211,954,637.32659900,618.28472900
0.272615,955,213.24804700,212.98927300
0.180574,956,939.11914100,939.21789600
0.113325,957,308.02142300,307.36932400
0.050326,958,2411.37622000,2437.89331000
0.051545,959,1766.23364000,1749.99133000
0.038414,961,632.40881300,577.28320300
0.016055,962,4104.34570000,4025.21729000
0.334570,963,554.38763400,552.44738800
0.088116,964,530.46356200,533.57446300
0.043887,965,871.97924800,829.87078900
0.024391,966,3525.66235000,3560.19067000
0.196638,967,246.40870700,247.07696500
0.042251,968,1400.58118000,1408.44250000
0.115108,969,395.73806800,393.99774200
0.085350,970,2778.02075000,2743.53198000
0.068019,971,805.61224400,805.09228500
0.037811,972,864.04595900,855.64691200
0.056435,974,1241.42371000,1242.68408000
0.062070,975,561.94439700,563.07373000
0.043691,976,1580.81189000,1594.35876000
0.134501,977,337.67636100,341.45864900
0.106555,978,210.04751600,211.14697300
0.250143,979,224.27206400,215.56370500
0.029166,980,2085.45166000,2086.71167000
0.039372,981,1015.00909000,1007.26227000
0.024684,982,595.20196500,596.80755600
0.085765,983,658.43133500,655.08288600
0.143737,984,544.60907000,534.87750200
0.335958,985,1436.35986000,1424.07202000
0.031857,986,186.29339600,186.28060900
0.185959,987,1528.08008000,1532.33960000
0.352731,988,1487.02905000,1491.11951000
0.019662,989,848.22045900,856.33325200
0.101602,990,1772.59619000,1745.96021000
0.046946,991,552.57916300,555.58880600
0.009127,992,1517.70947000,1566.16443000
0.062808,994,1449.17725000,1428.06702000
0.028857,995,1358.43115000,1366.09070000
0.249532,996,228.33828700,226.55592300
0.055079,997,774.71527100,768.97906500
0.050339,998,337.46466100,334.17193600
0.034419,999,1355.59741000,1355.38403000
0.032945,1000,2046.71899000,2059.68726000
0.059119,1001,3974.51758000,4215.17432000
0.055767,1002,1460.07568000,1466.44519000
0.110755,1003,612.50573700,604.71191400
0.101038,1004,597.87249800,599.23413100
0.179573,1005,274.37207000,274.60623200
0.215652,1006,462.05011000,459.28366100
0.071941,1007,1625.76501000,1684.92004000
0.085063,1008,741.06750500,732.91906700
0.076325,1009,1584.21887000,1548.18799000
0.157699,1010,548.39263900,548.07147200
0.168674,1011,207.23808300,210.06556700
0.007375,1012,1244.68811000,1248.68152000
0.098625,1013,790.26458700,791.71929900
0.255895,1014,193.85553000,194.94886800
0.041911,1015,1340.38086000,1339.48669000
0.099215,1016,345.77203400,346.48629800
0.050080,1017,985.63324000,977.15716600
0.008385,1018,932.95312500,928.67663600
0.014635,1019,968.12078900,962.62677000
0.043266,1020,1221.90027000,1234.24731000
0.050837,1021,1043.72864000,1041.49597000
0.134326,1022,656.10144000,628.10192900
0.045178,1023,1190.84644000,1165.44128000
0.141573,1024,545.46368400,543.97894300
0.020134,1025,1719.46704000,1583.07483000
0.045434,1026,2521.24414000,2571.71240000
0.053901,1027,708.86413600,701.54382300
0.104187,1028,1602.20422000,1597.04688000
0.113229,1029,286.11096200,287.79037500
0.056622,1030,1061.51428000,1054.58972000
0.078947,1031,3744.49170000,3702.92773000
0.044893,1032,1106.03137000,1107.31030000
0.025509,1033,1913.74927000,1924.10181000
0.069933,1034,551.00921600,540.18292200
0.030549,1035,711.51971400,704.48236100
0.040341,1038,982.02240000,984.86071800
0.095287,1039,784.92175300,783.07019000
0.040959,1040,1673.26526000,1672.18152000
0.193322,1041,539.39843800,541.06402600
0.054890,1042,3297.00122000,1627.44055000
0.103746,1043,828.62951700,821.34741200
0.071489,1045,1492.65259000,1439.96216000
0.112978,1046,377.38082900,370.09552000
0.055730,1047,1936.63635000,1905.85400000
0.187880,1048,372.53649900,373.21719400
0.168509,1049,359.56402600,362.14209000
0.070388,1050,2458.79614000,2515.42358000
0.123700,1051,774.54534900,773.87750200
0.114376,1052,4033.23975000,3962.32812000
0.105574,1053,731.01306200,734.51886000
0.033907,1054,1329.11755000,1334.88074000
0.052211,1055,3369.17456000,3436.05200000
0.058109,1056,2955.19189000,3025.56519000
0.103970,1057,553.14355500,553.91784700
0.075061,1058,618.69549600,614.00805700
0.008321,1059,2229.12378000,2226.21460000
0.138144,1060,541.51586900,543.90863000
0.129503,1061,329.17413300,328.93737800
0.077661,1062,781.77179000,776.97174100
0.021008,1063,1217.22498000,1219.84216000
0.104387,1064,1216.32764000,1210.36353000
0.027006,1065,981.16088900,957.47912600
0.114326,1066,480.57312000,479.56662000
0.086188,1067,859.52429200,856.46398900
0.190003,1068,282.30029300,278.95394900
0.070865,1069,564.12994400,562.34527600
0.048422,1070,1055.02478000,1051.80774000
0.049343,1071,3484.76685000,3570.37549000
0.057582,1072,8146.82031000,6920.74561000
0.048550,1073,6042.55664000,5041.68359000
0.059708,1074,2638.97656000,2785.05371000
0.157180,1075,287.70962500,288.75772100
0.240352,1076,337.11041300,334.40887500
0.088855,1077,1016.94873000,995.33813500
0.068287,1078,1201.12231000,1195.43298000
0.009768,1079,929.79394500,832.40588400
0.309085,1080,1110.86255000,1106.11145000
0.036627,1081,2630.80029000,2638.25391000
0.068714,1082,1023.35529000,1020.64746000
0.197591,1083,1596.09045000,1578.54480000
0.100639,1084,1439.65552000,1372.41565000
0.089733,1085,2942.19043000,2962.35889000
0.183077,1086,395.65954600,392.22061200
0.090550,1087,545.76666300,544.42529300
0.025145,1088,445.21551500,446.86401400
0.354289,1089,304.13690200,301.88137800
0.119904,1090,3524.06934000,3358.02051000
0.198773,1091,884.25616500,877.90136700
0.089149,1092,554.50073200,558.07818600
0.303226,1094,414.73266600,414.23303200
0.044596,1095,1519.36072000,1517.25562000
0.061298,1096,629.60546900,605.71124300
0.347180,1097,1061.49927000,1068.15613000
0.144200,1098,877.49762000,875.54565400
0.098122,1099,1033.62708000,997.72595200
0.080665,1101,2429.02759000,2422.47339000
0.051864,1103,705.69799800,707.03692600
0.065952,1104,3739.00635000,3736.36206000
0.005471,1105,1579.47058000,1495.34351000
0.106308,1106,1766.79285000,1771.07239000
0.148844,1107,2903.16187000,2784.63403000
0.090551,1109,911.75836200,906.98986800
0.137250,1110,386.87747200,386.51376300
0.089141,1111,753.71270800,756.60986300
0.087425,1112,3146.44116000,3086.97827000
0.151849,1113,731.50628700,733.38867200
0.069296,1114,485.05004900,471.02517700
0.150347,1115,4782.25928000,3167.18848000
0.035369,1116,1729.47021000,1787.72253000
0.219852,1117,1128.48816000,1114.78198000
0.090952,1118,1066.25549000,1074.30383000
0.052222,1119,3556.70264000,3527.61841000
0.098356,1120,460.21008300,462.13412500
0.065611,1121,746.59271200,725.10577400
0.121546,1122,3255.23364000,3221.38550000
0.083208,1123,1578.74536000,1569.09314000
0.074772,1124,3687.25195000,3747.25220000
0.079567,1126,521.20196500,522.40533400
0.183826,1128,430.08248900,427.42419400
0.078784,1129,1989.08594000,1970.30261000
0.073071,1130,389.55923500,389.90368700
0.065919,1131,402.01452600,403.70446800
0.169817,1132,1052.05066000,980.65765400
0.059089,1133,3149.95947000,3181.06860000
0.083805,1134,3011.50342000,2963.45093000
0.137677,1135,978.88458300,928.15478500
0.054836,1137,1526.61902000,1493.86035000
0.215108,1140,1407.78223000,1410.66565000
0.124344,1141,4735.22949000,4674.29980000
0.148365,1142,583.18603500,583.47192400
0.337519,1143,199.04040500,198.49227900
0.083807,1144,2834.29492000,2892.98730000
0.244045,1145,319.73300200,319.18750000
0.077860,1147,3095.06958000,3092.15625000
0.091200,1148,3300.55444000,3310.63940000
0.141773,1149,1502.19324000,1494.46033000
0.197268,1150,328.59329200,354.50256300
0.119708,1152,573.04522700,572.70965600
0.185347,1154,407.59671000,408.08480800
0.065558,1155,445.56530800,441.54727200
0.067046,1156,1260.37488000,1240.48328000
0.148540,1158,544.12908900,543.22912600
0.064748,1159,2839.29761000,2854.47388000
0.169477,1160,3423.00537000,3402.01611000
0.109316,1161,3356.76245000,3289.37744000
0.226588,1163,402.52496300,262.53491200
0.041939,1164,857.65600600,867.21356200
0.367803,1165,2332.65234000,2037.49426000
0.483887,1166,2611.88159000,2509.42871000
0.289507,1167,1030.24060000,1023.76117000
0.191509,1168,405.91589400,402.33474700
0.093737,1169,1200.25049000,1190.99731000
0.114816,1170,514.49041700,514.59613000
0.088476,1171,2603.91626000,2650.28687000
0.137353,1172,2628.27319000,2714.80786000
0.055483,1173,674.43402100,671.67608600
0.094492,1174,150.82266200,150.44252000
0.105167,1176,1474.23877000,1470.15942000
0.061976,1177,3744.71069000,3684.59448000
0.340957,1179,7391.60156000,7651.13818000
0.200184,1180,3177.48755000,3155.21484000
0.169504,1181,502.09298700,501.76138300
0.192623,1182,552.47412100,553.22668500
0.151593,1183,253.26734900,252.87554900
0.157908,1184,733.24060100,730.13482700
0.070105,1185,1297.68372000,1308.58337000
0.118267,1189,1210.62122000,1199.89648000
0.085434,1190,731.06353800,729.09845000
0.051335,1191,6872.36182000,6749.18018000
0.255624,1192,7260.07715000,6308.85693000
0.119762,1193,890.37695300,887.04547100
0.228921,1195,405.34280400,408.99136400
0.138799,1196,421.39593500,422.90307600
0.056889,1197,6110.70166000,7724.51465000
0.009745,1199,1380.68481000,1379.89331000
0.160420,1200,416.27807600,415.39337200
0.063212,1201,1575.04382000,1591.19031000
0.157596,1202,1198.70874000,1199.38635000
0.189630,1203,1180.78320000,1171.41370000
0.109613,1204,1143.10449000,1130.55432000
0.235695,1205,1386.60779000,1368.56763000
0.084580,1207,1568.59167000,1543.86768000
0.148621,1208,901.88537600,879.44909700
0.180988,1209,590.54010000,587.85919200
0.402255,1211,231.98303200,
0.182926,1212,1225.05518000,1209.05579000
0.120228,1213,1141.88220000,1126.70825000
0.183443,1214,710.56689500,717.37646500
0.092560,1216,1313.08765000,1312.65723000
0.119931,1217,1841.35303000,1852.02393000
0.096879,1218,1060.03467000,1052.58264000
0.163585,1219,788.28192100,798.34155300
0.101744,1220,1101.84521000,1099.28503000
0.096064,1221,1624.66187000,1623.73120000
0.179309,1222,902.61932400,897.24688700
0.146286,1224,1810.66626000,1805.03247000
0.055764,1226,831.12982200,831.25708000
0.207665,1227,1826.11206000,1834.41797000
0.164874,1228,1762.35303000,1767.33887000
0.130112,1231,384.79245000,356.47500600
0.138447,1232,787.50463900,787.39032000
0.348506,1233,220.81222500,220.48242200
0.224500,1234,189.61248800,189.76010100
0.156639,1235,2132.35498000,2123.49805000
0.077011,1236,1247.61353000,1241.16870000
0.149262,1237,1765.04248000,1762.27820000
0.119820,1238,1535.77478000,1536.14465000
0.165361,1239,1853.49377000,1844.88416000
0.190580,1240,1637.19165000,1657.86218000
0.113558,1242,997.19183300,991.87323000
0.163687,1244,1874.93140000,1878.67615000
0.179427,1245,967.57110600,968.21545400
0.157076,1246,876.24639900,880.60980200
0.147880,1247,846.80535900,846.84820600
0.083957,1248,3683.27246000,3705.88843000
0.112306,1249,1406.35779000,1685.50464000
0.166385,1250,1068.15588000,1055.86243000
0.190325,1251,674.82806400,676.52172900
0.079080,1252,542.10150100,541.74694800
0.128188,1253,738.52624500,737.05102500
0.197363,1254,412.49752800,
0.112241,1255,2143.39307000,2139.63281000
0.175823,1256,1381.98438000,1375.11194000
0.173643,1257,405.25442500,406.27905300
0.123830,1258,914.08215300,914.02136200
0.078509,1259,1558.84290000,1560.33972000
0.228393,1260,774.99548300,780.46289100
0.433399,1262,170.55142200,170.75238000
0.136931,1263,1584.74573000,1586.82703000
0.026313,1264,1381.35205000,1382.11340000
0.153766,1265,735.85235600,732.64837600
0.207313,1266,499.46798700,499.54602100
0.245535,1267,424.58551000,423.54983500
0.063642,1268,4232.84424000,4240.33789000
0.164562,1269,1337.52966000,1335.21899000
0.088957,1270,1943.77368000,1956.21985000
0.124881,1271,1422.06909000,1401.99646000
0.105583,1272,2394.30908000,2418.67603000
0.171223,1273,1059.25562000,1059.96289000
0.288058,1274,751.58844000,645.99316400
0.085184,1275,574.32989500,576.36309800
0.115532,1276,1968.08301000,1955.15100000
0.107741,1278,1358.79956000,1354.45007000
0.188028,1279,1488.59949000,1501.97717000
0.222746,1280,525.93817100,522.69921900
0.083767,1281,2007.30408000,2101.43408000
0.199626,1283,505.45364400,503.53845200
0.124771,1284,2786.04053000,2786.55005000
0.205096,1285,1196.31653000,1174.95471000
0.239994,1286,597.01196300,594.95770300
0.076605,1287,1141.15955000,1145.41553000
0.232315,1288,1088.06580000,1070.87402000
0.132046,1289,1385.87830000,1380.22705000
0.163838,1290,666.87762500,668.50396700
0.159439,1291,2142.54785000,2125.30469000
0.102811,1292,2727.36426000,2560.90430000
0.115928,1293,1035.64941000,1039.99622000
0.339628,1294,460.03421000,460.29968300
0.127660,1295,1178.05481000,1167.18115000
0.159121,1296,1238.01135000,1232.07727000
0.066556,1297,2441.87061000,2387.08569000
0.346133,1298,307.36880500,304.64071700
0.030312,1300,1659.49866000,1652.02478000
0.197592,1301,983.24194300,989.64801000
0.163442,1302,1477.55005000,1476.47766000
0.310777,1303,559.50427200,555.31079100
0.138534,1304,1640.40918000,1614.70044000
0.111527,1305,2323.78735000,1676.53687000
0.112881,1306,1056.25208000,1045.72192000
0.149220,1307,1344.27502000,1334.14673000
0.491186,1308,211.72779800,209.76750200
0.132629,1309,2359.58618000,2295.27124000
0.148167,1310,1740.50586000,1720.48706000
0.211587,1311,550.26501500,551.15533400
0.271406,1312,643.42504900,642.74731400
0.178402,1314,3153.16211000,3206.73828000
0.146636,1315,1872.78101000,1855.59558000
0.152789,1316,1982.09045000,1797.64490000
0.147260,1317,7912.68311000,6774.94043000
0.164950,1318,2509.86548000,2518.53735000
0.210435,1320,552.35113500,550.02008100
0.053182,1321,4808.62891000,4811.41602000
0.094925,1322,4751.87305000,4601.52979000
0.212097,1323,2617.00903000,2590.56958000
0.141632,1324,2839.26318000,2823.69507000
0.184112,1325,597.25158700,597.96325700
0.334977,1326,372.57287600,371.65475500
0.131035,1328,2588.38599000,2492.24634000
0.308538,1329,577.40222200,555.01818800
0.125216,1330,2458.85352000,2405.03931000
0.102135,1331,2407.71777000,2357.87744000
0.131837,1332,2661.20825000,2644.78394000
0.037118,1333,2138.31763000,2143.17090000
0.153901,1334,2280.59839000,2294.34082000
0.202945,1337,595.06018100,594.67376700
0.288844,1338,507.68307500,482.93695100
0.116669,1339,2160.75195000,2165.05713000
0.037126,1340,1991.89233000,1999.11597000
0.083849,1341,438.85861200,438.85464500
0.068922,1342,780.86364700,778.28820800
0.138718,1343,1910.29663000,1847.37866000
0.216256,1344,2357.34741000,2282.03882000
0.160405,1345,851.46820100,838.98083500
0.234912,1346,538.06201200,535.26940900
0.146344,1348,1544.30408000,1533.36572000
0.118645,1349,2450.95239000,2455.85669000
0.307998,1350,159.22637900,158.15522800
0.128990,1351,2381.91846000,2361.43530000
0.136587,1353,3897.17627000,3976.17847000
0.116051,1354,3010.73730000,3157.64551000
0.081430,1355,3779.01978000,3703.35840000
0.419814,1356,2440.77856000,2380.07568000
0.440151,1357,1523.54114000,1473.68030000
0.127921,1358,1400.92126000,1405.84277000
0.299459,1359,560.55761700,561.30096400
0.439717,1362,439.66476400,440.32180800
0.200862,1363,3333.66284000,3263.36133000
0.092388,1364,2140.68652000,796.19775400
0.148340,1365,5276.21094000,5266.83252000
0.090343,1366,2667.09717000,2645.65234000
0.099798,1367,2477.08325000,2446.90015000
0.174117,1368,2281.50586000,2306.48779000
0.178951,1369,2540.81226000,2545.91675000
0.134680,1370,2269.17651000,2265.15747000
0.283577,1371,325.13348400,325.63327000
0.341862,1372,148.22094700,147.96312000
0.154746,1373,1912.49695000,1784.50671000
0.183147,1375,2395.84302000,2390.75171000
0.119853,1377,2536.69409000,2503.85034000
0.038451,1379,5569.66113000,5597.95801000
0.297405,1380,177.97934000,177.16207900
0.165109,1381,2273.32202000,2306.63257000
0.156113,1382,1321.94800000,1306.75256000
0.092989,1383,2364.19727000,2326.82495000
0.031281,1384,2773.89697000,2786.36719000
0.192796,1385,2522.17529000,2486.41284000
0.119779,1386,1143.36548000,1051.01794000
0.182872,1387,1862.82666000,1857.35303000
0.144575,1388,2301.56567000,2228.22021000
0.159576,1389,2365.56592000,2320.53003000
0.144831,1392,4307.44971000,4177.46777000
0.117101,1393,1581.58374000,1574.43713000
0.113506,1395,1621.81323000,1610.56470000
0.136327,1396,2328.83325000,2346.54517000
0.076924,1397,2187.49780000,2181.95044000
0.083970,1398,3144.30811000,3160.09399000
0.095708,1399,4955.57617000,5122.96973000
0.142821,1400,2785.19946000,2715.67798000
0.147653,1402,3130.05127000,3073.30127000
0.053082,1403,2842.19019000,3139.23999000
0.240971,1404,4455.62891000,4351.74219000
0.111759,1411,2378.36938000,2385.73169000
0.124527,1412,2336.23608000,2295.35962000
0.085452,1413,3160.79321000,3044.21631000
0.094836,1414,2085.01343000,2018.88855000
0.132582,1415,2352.64990000,2322.58789000
0.067815,1416,2609.07031000,2503.27686000
0.051165,1419,1251.28699000,600.97668500
0.145895,1420,1483.05237000,1404.19299000
0.091964,1423,2553.64746000,2466.84497000
0.142800,1424,1890.52393000,1874.98035000
0.138139,1425,1184.08838000,1181.58374000
0.108074,1426,12186.85450000,11149.48440000
0.172616,1427,2228.36572000,2220.15186000
0.175428,1428,829.81915300,825.46075400
0.078393,1429,2506.23315000,2533.76904000
0.144349,1430,937.18841600,939.19232200
0.174391,1431,2086.40918000,2092.70532000
0.369513,1432,2655.82324000,2562.94727000
0.123381,1433,917.93341100,913.94171100
0.183077,1434,2286.10864000,2302.22095000
0.110945,1435,2429.45874000,2257.27148000
0.131385,1436,2332.15649000,2341.62939000
0.431841,1437,239.41729700,239.60469100
0.179507,1438,886.32122800,875.86608900
0.131963,1439,2091.69727000,2053.28418000
0.104439,1440,2192.36694000,2167.03906000
0.216192,1441,1008.73700000,1013.24261000
0.195261,1442,958.32812500,952.25207500
0.071280,1443,2212.48096000,2218.47632000
0.157994,1444,1237.37183000,982.33459500
0.051567,1446,2830.02246000,2759.87354000
0.126545,1447,2313.51709000,2310.52197000
0.438708,1448,2899.67139000,2883.57764000
0.119301,1449,949.96307400,951.48815900
0.066924,1450,2081.97485000,2109.23193000
0.107356,1451,6099.83691000,5502.06836000
0.095685,1452,2423.61255000,2419.20605000
0.209718,1453,685.85406500,685.23718300
0.071322,1454,1060.98462000,1066.84668000
0.088965,1456,1731.27478000,1536.59802000
0.076604,1457,1351.04773000,1344.02063000
0.173989,1458,1408.75049000,1415.07983000
0.129091,1460,1897.24365000,1871.82068000
0.154197,1461,2047.55762000,2045.95618000
0.093866,1462,2198.88379000,2148.60010000
0.057697,1463,2166.70239000,2151.99707000
0.095513,1464,1816.00623000,1780.50244000
0.105972,1465,2112.86426000,2091.46460000
0.082188,1466,2070.30005000,2048.37183000
0.074131,1467,2211.04199000,2190.29980000
0.118312,1468,2016.77380000,2013.74780000
0.192802,1469,2062.60571000,2063.69434000
0.148532,1470,2081.75781000,2062.85962000
0.142500,1471,1995.43152000,1986.05591000
0.112070,1472,2073.87891000,2112.49902000
0.145854,1473,2136.14282000,2131.72705000
0.117848,1475,1228.68250000,1219.98608000
0.312836,1476,2369.42773000,2341.02661000
0.086333,1477,2198.45044000,2195.86255000
0.152393,1478,2051.72168000,2000.18652000
0.138336,1479,2562.36572000,2540.39404000
0.129080,1480,2259.36011000,2258.31812000
0.122936,1482,1910.96167000,1873.09277000
0.050096,1483,2946.89551000,2938.08691000
0.455593,1484,2029.76440000,2017.30029000
0.158901,1485,342.90136700,342.48828100
0.158371,1486,1545.74951000,1547.84900000
0.120064,1487,1851.98279000,1825.27124000
0.160486,1488,2040.43103000,2047.30188000
0.140441,1489,1901.49512000,1867.97070000
0.248539,1490,930.66064500,935.80725100
0.178278,1491,721.00921600,716.85858200
0.090466,1492,2063.11938000,2049.01001000
0.093697,1493,2160.45361000,2197.66455000
0.310312,1494,219.49372900,218.26605200
0.209207,1497,1026.79346000,1019.84015000
0.087189,1498,1864.23608000,1852.13489000
0.138284,1499,965.98822000,959.03772000
0.085352,1500,1934.57458000,1929.83130000
0.111362,1501,1867.73804000,1529.97180000
0.123973,1502,2249.21802000,2205.63770000
0.112109,1503,1965.48096000,1970.85815000
0.173774,1504,1123.89990000,1118.50269000
0.167196,1505,898.62066700,898.39086900
0.114476,1507,2001.92664000,1999.79834000
0.085370,1508,1130.87146000,1133.05591000
0.473698,1510,187.45858800,182.85119600
0.226831,1511,568.37695300,547.17327900
0.128812,1512,2126.15161000,2014.24634000
0.143131,1513,1768.22144000,1782.56738000
0.091949,1514,4852.87012000,4798.27930000
0.133742,1515,1841.04822000,1856.17151000
0.106237,1516,2034.59375000,1933.45593000
0.157585,1517,913.95636000,905.05218500
0.054213,1518,2012.20752000,2025.09546000
0.184680,1519,3700.53149000,3726.76685000
0.102986,1520,1974.14221000,1998.05103000
0.226531,1521,974.45385700,977.67230200
0.051518,1522,1114.63574000,1111.04285000
0.036341,1523,983.92962600,983.02093500
0.079593,1525,929.47821000,933.46710200
0.112318,1526,1110.03918000,1111.10022000
0.122101,1527,1190.94226000,1180.24841000
0.123521,1528,1392.46436000,1392.48865000
0.100576,1529,1693.14319000,1657.71912000
0.077444,1531,2012.02869000,1981.71143000
0.068498,1532,2124.98022000,2107.64062000
0.479624,1533,209.15550200,208.60675000
0.150338,1534,946.39593500,948.28869600
0.404097,1535,258.04449500,256.82260100
0.238618,1537,439.17364500,443.52215600
0.135531,1539,1370.31714000,1365.69946000
0.135139,1540,1548.45728000,1531.20581000
0.096120,1541,1809.71411000,1787.92334000
0.108978,1542,699.22009300,697.05181900
0.030358,1543,1832.51514000,1828.81494000
0.428755,1544,128.70883200,128.20303300
0.065739,1545,1331.44141000,1319.52368000
0.139123,1546,772.46917700,771.40502900
0.107129,1547,2040.62903000,2045.25562000
0.149894,1548,946.09094200,944.34021000
0.064635,1549,1993.51208000,1981.37598000
0.415666,1550,2025.21838000,2028.51526000
0.079295,1551,1962.63220000,1915.04980000
0.169456,1554,705.16558800,699.76196300
0.084554,1555,1931.39526000,1931.85278000
0.168532,1556,873.84466600,872.63122600
0.074008,1557,2072.16187000,2079.18506000
0.081478,1558,1881.24963000,1876.25854000
0.014313,1561,1136.11694000,1140.82227000
0.218878,1562,704.40741000,703.89550800
0.155130,1563,2170.51050000,2167.04053000
0.215226,1564,423.73596200,424.45260600
0.137486,1565,805.56530800,806.72467000
0.134441,1566,1167.30859000,1163.27087000
0.083112,1567,1637.25146000,1623.99719000
0.135676,1568,1478.56628000,1332.04065000
0.082857,1569,2268.59229000,2271.90747000
0.120891,1570,1224.58203000,1227.29529000
0.047895,1572,2756.34668000,2749.98413000
0.122597,1573,1980.59216000,1978.69690000
0.123053,1574,775.38232400,775.36200000
0.173516,1575,1092.97717000,1083.12109000
0.204136,1576,647.85473600,644.31060800
0.155172,1577,3370.71851000,2810.25073000
0.053259,1578,2061.54077000,2064.05151000
0.277536,1579,781.91113300,770.19665500
0.048720,1580,1548.52942000,1556.81848000
0.078910,1581,1949.39990000,2034.79480000
0.146460,1582,545.41418500,541.41784700
0.074936,1583,1334.13464000,1330.59241000
0.120342,1584,2108.52441000,2103.65015000
0.118974,1585,1070.50745000,1072.34106000
0.225037,1586,466.78299000,467.54867600
0.101231,1587,1638.43665000,1645.94299000
0.080297,1588,1979.35559000,1966.92725000
0.096962,1589,1189.51282000,1181.76868000
0.026346,1590,1092.29456000,1095.97510000
0.075212,1591,2210.94141000,2190.20679000
0.134576,1592,969.82812500,973.47277800
0.128321,1593,17328.33980000,16527.93360000
0.125648,1594,792.61828600,788.41626000
0.187232,1595,804.06176800,804.78710900
0.220789,1596,763.53460700,758.97094700
0.056905,1598,651.61090100,651.79400600
0.139241,1600,473.57025100,473.36688200
0.093786,1601,1597.02710000,1582.36389000
0.088713,1602,1313.82520000,1316.57361000
0.126500,1603,1082.91870000,1081.04688000
0.093350,1604,1211.77417000,1223.05688000
0.489133,1605,141.91838100,139.89053300
0.044498,1606,943.18969700,935.46539300
0.171385,1607,630.72479200,633.80419900
0.070542,1608,997.40112300,985.20758100
0.185709,1610,708.83734100,717.91522200
0.142918,1611,677.69354200,679.71575900
0.184361,1612,835.28088400,832.45440700
0.115381,1613,827.34063700,831.15197800
0.052176,1614,1125.00330000,1118.45117000
0.167026,1615,1386.59521000,1384.09448000
0.120221,1616,2056.52222000,2039.29333000
0.124145,1617,1064.71375000,1062.56873000
0.057074,1618,2107.74438000,2112.64429000
0.105876,1619,2013.24243000,1952.22632000
0.163539,1620,659.69311500,660.65789800
0.181690,1621,678.06543000,675.86138900
0.104229,1622,995.46319600,991.24804700
0.175254,1623,714.23883100,710.58001700
0.332380,1624,250.99272200,251.69047500
0.158617,1626,636.48785400,633.89856000
0.048610,1628,2068.04663000,1980.17749000
0.126303,1629,597.08050500,592.71643100
0.047590,1630,2011.01831000,1995.86047000
0.273972,1632,164.72158800,165.80473300
0.280982,1633,304.44616700,302.58413700
0.219753,1635,748.65893600,746.56091300
0.184645,1636,609.44854700,607.23071300
0.123377,1637,1310.95886000,1308.48804000
0.184204,1638,606.85980200,606.28094500
0.177050,1639,313.94519000,313.15243500
0.049057,1640,1192.02771000,1187.67480000
0.234340,1641,1779.93127000,1781.41711000
0.118805,1642,712.76178000,709.58410600
0.209066,1643,763.71337900,758.22332800
0.072939,1644,1765.71338000,1752.93225000
0.129715,1645,728.58886700,729.43817100
0.088505,1647,1083.47827000,1092.08435000
0.130989,1648,666.16796900,670.38842800
0.039715,1649,1178.94446000,1173.17993000
0.109621,1650,914.66723600,911.57476800
0.177878,1651,722.11724900,719.48541300
0.157831,1652,391.44308500,389.63403300
0.069873,1653,2722.87402000,2750.34521000
0.098117,1654,671.44012500,669.03552200
0.213210,1655,411.02212500,412.04531900
0.218094,1656,400.09747300,398.54412800
0.058405,1657,1923.10046000,1896.80444000
0.078265,1658,1597.83374000,1575.21802000
0.191845,1660,683.92730700,674.24206500
0.149644,1661,648.22509800,649.01184100
0.096254,1662,395.47158800,393.56265300
0.210694,1663,292.65597500,306.75152600
0.201170,1664,503.05554200,505.07409700
0.107194,1665,8156.59570000,664.18933100
0.182457,1666,713.83007800,709.77136200
0.187608,1668,448.93118300,447.71032700
0.155299,1669,1044.93750000,1054.28589000
0.102097,1670,970.43743900,968.76263400
0.083964,1671,899.03155500,894.91851800
0.083417,1672,818.96624800,813.65997300
0.149362,1673,680.33746300,678.30932600
0.137753,1675,317.37652600,313.53253200
0.032710,1676,2075.97705000,2081.26855000
0.064235,1677,1093.46265000,1102.59290000
0.081958,1678,1045.60876000,1042.70386000
0.110716,1680,600.66900600,596.74670400
0.149049,1681,571.04473900,569.71661400
0.022500,1682,1424.16650000,1412.80798000
0.097250,1683,661.33325200,659.88311800
0.126977,1684,679.39373800,678.17309600
0.294130,1685,322.21344000,322.28094500
0.385828,1686,134.19313000,135.17067000
0.369088,1687,121.38601700,121.49894700
0.083458,1688,986.29022200,986.09826700
0.083832,1689,946.88104200,949.42907700
0.482342,1690,146.01835600,145.55221600
0.111538,1691,723.97552500,720.90576200
0.347207,1692,659.07434100,658.03161600
0.143303,1694,679.30023200,680.15972900
0.018028,1695,1418.56702000,1446.05029000
0.076083,1696,1674.90698000,1686.14319000
0.146864,1697,839.53558300,839.78845200
0.078900,1698,1181.26062000,1166.96082000
0.064283,1699,899.16583300,898.90057400
0.095362,1700,732.32537800,734.97900400
0.113899,1701,1152.27234000,1160.08032000
0.036315,1702,1776.70654000,1766.22351000
0.412542,1703,142.41325400,142.14614900
0.440453,1705,164.92425500,165.05061300
0.127600,1706,866.46911600,863.78131100
0.095525,1707,942.29052700,947.83245800
0.352415,1709,138.94984400,138.99531600
0.096852,1711,1183.69739000,1179.61267000
0.110974,1712,800.61908000,799.05224600
0.105799,1713,834.92291300,833.52087400
0.084205,1714,872.67529300,856.13568100
0.061955,1715,1729.11328000,1705.07190000
0.044215,1716,966.15411400,970.68902600
0.045680,1717,995.65905800,1001.02954000
0.052077,1718,1022.61609000,1014.23822000
0.042453,1719,1115.77600000,1116.08105000
0.154107,1720,257.94589200,257.39810200
0.116770,1721,1949.13025000,1965.59216000
0.106740,1722,973.06604000,970.66912800
0.093215,1723,1230.42236000,1201.88696000
0.117089,1724,739.98150600,733.54772900
0.074692,1725,1397.20178000,1376.83984000
0.061667,1726,1569.75378000,1560.01965000
0.013327,1727,819.19226100,814.87304700
0.188603,1728,288.14990200,288.47763100
0.173480,1729,703.91082800,704.01977500
0.050257,1730,841.55169700,830.27417000
0.359315,1731,1061.72546000,1055.14807000
0.030267,1732,1526.09070000,1556.98145000
0.415555,1733,137.40846300,137.29538000
0.021319,1734,1459.26526000,1452.63428000
0.091516,1735,876.60180700,865.21014400
0.101958,1736,693.61895800,689.85382100
0.203206,1737,872.94415300,869.70306400
0.148766,1738,823.17211900,818.39550800
0.071588,1739,1044.73767000,1038.66016000
0.118691,1740,4590.00537000,4517.43311000
0.366957,1741,151.81732200,153.00283800
0.062944,1742,1162.23218000,1161.84131000
0.058397,1744,1982.40405000,1883.45398000
0.183711,1745,529.23333700,449.76480100
0.133263,1746,752.62402300,752.27166700
0.086181,1747,1844.46960000,1833.75916000
0.070108,1748,964.76269500,954.65246600
0.463474,1750,1033.20557000,1041.41895000
0.096290,1751,806.45019500,810.68682900
0.237967,1752,619.11523400,616.48809800
0.075729,1753,1432.33374000,1445.28381000
0.137463,1754,1061.16858000,1044.78674000
0.100698,1755,1116.23645000,1111.23645000
0.028721,1756,1186.14282000,1180.24817000
0.113631,1757,1436.13037000,1441.42981000
0.448871,1758,138.57089200,135.46002200
0.111267,1759,806.42834500,796.01953100
0.060433,1760,924.68481400,921.41589400
0.036755,1761,1235.48486000,1216.61951000
0.089616,1762,1167.81384000,1162.18567000
0.150333,1763,376.39132700,375.03112800
0.304133,1764,228.04504400,228.38217200
0.005872,1766,1143.28760000,1122.95386000
0.028787,1767,1158.30481000,1140.75061000
0.103815,1768,2515.92456000,2529.99194000
0.054166,1769,1408.85046000,1376.35950000
0.084765,1770,677.63061500,680.90942400
0.090991,1771,812.92041000,803.89587400
0.094326,1772,1203.01270000,1122.44141000
0.119334,1773,1858.18884000,1734.27026000
0.057108,1774,1417.00049000,1363.69019000
0.091468,1775,957.56341600,960.86828600
0.011712,1776,1018.89978000,1020.28375000
0.075017,1778,1084.90796000,1061.75012000
0.130839,1779,1675.83142000,1658.97058000
0.042461,1780,953.06420900,948.82128900
0.110172,1781,1043.02307000,1037.29968000
0.043494,1782,1265.00146000,1252.13831000
0.007358,1783,1260.14758000,1269.88416000
0.196655,1784,299.65869100,297.50262500
0.177956,1785,790.92382800,792.46740700
0.113057,1786,550.57769800,548.01733400
0.044018,1787,1552.01550000,1521.14014000
0.046055,1788,944.94970700,955.06750500
0.091475,1789,1025.47510000,1030.43774000
0.054161,1790,1496.22070000,1496.49890000
0.051934,1791,1094.66272000,1098.06213000
0.155409,1792,615.29705800,616.62225300
0.152211,1793,585.98065200,587.16577100
0.106123,1794,1158.56458000,1160.30469000
0.219628,1795,738.39086900,738.08947800
0.401694,1796,1059.43188000,1072.85522000
0.103359,1797,1401.33264000,1378.92969000
0.063625,1798,459.36587500,459.20529200
0.092383,1799,697.92981000,697.27270500
0.037623,1800,1059.67139000,1055.96521000
0.042286,1801,787.36425800,785.79394500
0.041684,1802,998.55828900,1039.21851000
0.090917,1803,1073.66895000,1076.32007000
0.051120,1804,1058.68250000,1056.90552000
0.137409,1805,663.44842500,663.49224900
0.106655,1806,1580.94202000,1577.04749000
0.068246,1807,1179.78577000,1183.48975000
0.102257,1808,747.97711200,742.91650400
0.001106,1809,1092.88501000,1093.33105000
0.224769,1810,4469.95166000,4457.14258000
0.070659,1811,869.33239700,868.72235100
0.044022,1812,1030.18945000,1036.87476000
0.041737,1813,1030.60425000,1046.56934000
0.062204,1814,398.38793900,398.13687100
0.023348,1815,925.08093300,912.03887900
0.092936,1816,1166.20361000,1177.28259000
0.119940,1817,376.10372900,375.00427200
0.075066,1818,1175.53064000,1180.45227000
0.030763,1819,748.73858600,741.44476300
0.198001,1820,489.26059000,426.67932100
0.043259,1821,658.66033900,659.42425500
0.079112,1822,1082.07153000,1087.00537000
0.049826,1823,1501.12927000,1513.63416000
0.065688,1824,865.81561300,866.87860100
0.087227,1825,822.33105500,824.08990500
0.310905,1826,278.95581100,279.12591600
0.227977,1827,259.56347700,267.37710600
0.143149,1828,655.35107400,655.07720900
0.023081,1829,987.96179200,971.96075400
0.081894,1830,895.57690400,893.40460200
0.064857,1831,425.03701800,426.95422400
0.420176,1832,125.26214600,125.63163800
0.186408,1834,232.87725800,233.22401400
0.044525,1836,1569.15662000,1558.03052000
0.040148,1838,1347.90796000,1317.71411000
0.057230,1839,1147.43689000,1156.19446000
0.151657,1840,1067.41687000,1033.72961000
0.024920,1841,1248.16064000,1255.77612000
0.107815,1842,1066.20276000,1062.39758000
0.089042,1844,533.05468800,530.71643100
0.100304,1845,441.45745800,441.73056000
0.062026,1846,623.88195800,627.28515600
0.042011,1847,1332.09668000,1336.74377000
0.090252,1848,651.77227800,650.20849600
0.171028,1849,496.80661000,496.21328700
0.173293,1850,343.01464800,342.46963500
0.205527,1851,1207.56238000,1215.50806000
0.141026,1852,1466.23389000,1446.85291000
0.162365,1853,451.49078400,450.73486300
0.112292,1854,958.10113500,953.33123800
0.146515,1855,730.50213600,726.08184800
0.095990,1856,2905.24170000,2980.28906000
0.103678,1857,432.08044400,432.19415300
0.056748,1858,1554.88647000,1502.33765000
0.029056,1859,581.20269800,580.75543200
0.016337,1860,1071.18738000,1073.06433000
0.047039,1861,694.68719500,694.34570300
0.083943,1862,1279.56641000,1258.00684000
0.057503,1863,296.98483300,297.99359100
0.202923,1864,314.62005600,314.64920000
0.250606,1865,433.21398900,439.73468000
0.166472,1866,1345.97461000,1331.11182000
0.097321,1867,2794.18677000,2463.64136000
0.208529,1868,1852.90283000,1869.31995000
0.042575,1869,1662.10107000,1639.88672000
0.120608,1870,882.68273900,874.26910400
0.085445,1871,1507.12109000,1506.74182000
0.019737,1872,1499.37683000,1508.08472000
0.043638,1873,1847.61096000,1728.05603000
0.073010,1874,620.66009500,618.12707500
0.059008,1875,1689.91431000,1680.06152000
0.053306,1876,1406.49658000,1429.11255000
0.071896,1877,1941.65430000,1947.64417000
0.037274,1878,1672.56470000,1685.81006000
0.071849,1880,869.24285900,860.89727800
0.250095,1881,330.43072500,331.00027500
0.105485,1882,595.54284700,588.77868700
0.112062,1883,206.54707300,203.05426000
0.029881,1884,412.44027700,410.73190300
0.093136,1885,396.99572800,398.49935900
0.242588,1887,7216.80322000,3625.31812000
0.237666,1888,1102.32922000,1103.09033000
0.033575,1889,1141.28052000,1134.54968000
0.017362,1890,1355.68689000,1324.68579000
0.155463,1891,1275.60181000,1260.44849000
0.422380,1892,1504.85010000,1501.83240000
0.066764,1893,1279.75781000,1266.00525000
0.122236,1894,1192.57007000,1180.37439000
0.140505,1895,1196.55005000,1182.77051000
0.140200,1896,1184.59119000,1182.40479000
0.138345,1897,6312.28613000,6353.43799000
0.085808,1898,982.25250200,964.79498300
0.044754,1899,1223.72278000,1217.28076000
0.297547,1901,999.72143600,999.12756300
0.119678,1903,1235.87952000,1229.62805000
0.020592,1904,165.71427900,165.55603000
0.063330,1905,732.60748300,723.35809300
0.090214,1906,1302.75525000,1321.31848000
0.129078,1907,106.73237600,106.66832700
0.050740,1908,1359.57373000,1330.23438000
0.081913,1909,431.52508500,428.63674900
0.140028,1910,538.65637200,537.35638400
0.047705,1911,1148.00415000,1139.76147000
0.055617,1912,2285.70361000,2237.70483000
0.104455,1913,1606.21460000,1611.34583000
0.042317,1914,1752.01733000,1678.14734000
0.057610,1915,905.89032000,892.81134000
0.042531,1916,1970.23865000,1962.14294000
0.019443,1917,1741.41309000,1768.58081000
0.321336,1918,160.05679300,159.67363000
0.034207,1919,1428.04456000,1421.72473000
0.092985,1920,1940.14795000,2000.96851000
0.010719,1921,432.37469500,433.71340900
0.076625,1922,1409.40894000,1414.41187000
0.029480,1923,1490.15601000,1387.63708000
0.112057,1924,1608.96436000,1621.09155000
0.201573,1925,364.09402500,367.74411000
0.149086,1926,1284.02063000,1244.33032000
0.193841,1932,463.40710400,464.47583000
0.104383,1933,1641.06091000,1645.17346000
0.025869,1934,1768.88647000,1750.44568000
0.109870,1935,8276.54297000,9003.34180000
0.159818,1936,641.42974900,641.14721700
0.113646,1937,485.59506200,488.65902700
0.192016,1938,413.39431800,410.05505400
0.334941,1939,180.41635100,180.50614900
0.154716,1940,1352.36426000,1347.05273000
0.065151,1941,1960.45569000,1956.01672000
0.159281,1942,2127.97632000,2111.67334000
0.101302,1943,685.25347900,681.63043200
0.136224,1944,621.60980200,619.69128400
0.042853,1945,1762.66785000,1771.79272000
0.124193,1946,548.38128700,549.39563000
0.034019,1947,1391.19934000,1356.42737000
0.157030,1948,524.54864500,522.19726600
0.176795,1949,300.75677500,300.21316500
0.085882,1950,655.28564500,652.77752700
0.087810,1952,648.32110600,648.06842000
0.022913,1953,1689.83813000,1624.77234000
0.057340,1954,2050.17871000,1956.78528000
0.191349,1955,433.65335100,432.45050000
0.044389,1956,364.03836100,364.94155900
0.135203,1957,248.83415200,250.31697100
0.055614,1958,961.22497600,951.02209500
0.017509,1959,1584.04663000,1581.87280000
0.134437,1960,533.52404800,531.30127000
0.075871,1961,1567.57385000,1562.70740000
0.098925,1962,874.93768300,869.50805700
0.096517,1963,857.33941700,845.30981400
0.050931,1964,1575.79810000,1658.94055000
0.060717,1965,1043.27686000,1035.97522000
0.088480,1966,3601.05444000,3538.32080000
0.157563,1967,1532.11279000,1560.25842000
0.050719,1968,989.91015600,975.45245400
0.036992,1969,1606.49561000,1637.20569000
0.266234,1970,148.02880900,147.75546300
0.280644,1971,283.12960800,283.29858400
0.107258,1972,811.60314900,809.23620600
0.028419,1973,1809.08728000,1901.01453000
0.187713,1974,352.44201700,351.23361200
0.051233,1975,1775.76770000,1761.29297000
0.171185,1976,491.75424200,489.39666700
0.091343,1977,377.53427100,377.17153900
0.052585,1978,429.72827100,428.88586400
0.074122,1979,279.84539800,276.21762100
0.099556,1980,1290.00549000,1286.37195000
0.050912,1981,1657.96252000,1668.32605000
0.119642,1982,2081.82471000,2146.93335000
0.038547,1983,2094.30762000,1929.23938000
0.151168,1984,358.37567100,358.90951500
0.211065,1985,341.36850000,338.45370500
0.067313,1986,905.71020500,909.29950000
0.100628,1987,693.44445800,686.12762500
0.111772,1988,2185.51904000,2252.57764000
0.030845,1989,871.45275900,871.38848900
0.104391,1990,2212.60547000,2141.70605000
0.074347,1991,2438.20947000,2446.66748000
0.216747,1992,309.59530600,309.50634800
0.113347,1993,943.05853300,940.76379400
0.054940,1994,846.07849100,845.86975100
0.063867,1995,766.08361800,763.02917500
0.123931,1996,629.52392600,627.70666500
0.029175,1997,1643.01538000,1751.64771000
0.128638,1998,589.63983200,590.35736100
0.195163,1999,433.89190700,433.86639400
0.120950,2000,629.55706800,628.77661100
0.073021,2001,296.80340600,296.72610500
0.127302,2002,413.88501000,407.82894900
0.039336,2003,780.20684800,774.35192900
0.102045,2004,5772.85059000,4368.85840000
0.122769,2005,5322.06201000,5232.26562000
0.110124,2007,1547.76709000,1511.89612000
0.114609,2008,1074.78650000,1074.99390000
0.059964,2009,1565.89307000,1564.29626000
0.167529,2011,595.66900600,582.17907700
0.081933,2013,1029.97607000,1034.12158000
0.081095,2014,599.70397900,597.06127900
0.095745,2015,514.44946300,515.75738500
0.103423,2016,658.49939000,658.75848400
0.051126,2017,864.30273400,868.41406200
0.122625,2018,1785.79419000,1777.30261000
0.108553,2019,473.70538300,480.60131800
0.134983,2020,527.39929200,527.92657500
0.102222,2021,319.34747300,319.82305900
0.089890,2022,555.61761500,551.16198700
0.248149,2023,276.64547700,277.34362800
0.222573,2024,278.53381300,278.40100100
0.076568,2025,121.65099300,121.26539600
0.039601,2026,1371.33459000,1432.02637000
0.107223,2027,7824.10156000,7831.82959000
0.118836,2028,187.24362200,187.20349100
0.138006,2029,376.98999000,377.33465600
0.056685,2030,505.61828600,497.99313400
0.154497,2031,963.71679700,961.56921400
0.059640,2032,1344.05847000,1351.91760000
0.108859,2033,6448.98730000,5738.96680000
0.063590,2034,724.79522700,724.59912100
0.094794,2035,1359.75635000,1319.04565000
0.083304,2036,2011.53467000,2017.12354000
0.139187,2037,1778.26282000,1781.15454000
0.095661,2038,1882.42993000,1922.78601000
0.065735,2039,637.33551000,638.63232400
0.430820,2040,192.91404700,192.32202100
0.086933,2041,840.50585900,833.09387200
0.189472,2042,457.22433500,454.91317700
0.100814,2044,1369.45996000,1364.73938000
0.207480,2045,2628.11914000,2610.31128000
0.047255,2046,1037.01599000,1027.87720000
0.040695,2047,398.53628500,407.42907700
0.033694,2048,833.20660400,828.21148700
0.098545,2049,4196.21729000,4060.03516000
0.091512,2050,791.88281200,790.48455800
0.093378,2052,522.85339400,526.55426000
0.131583,2053,2176.24487000,2152.62524000
0.106468,2054,1104.08020000,1095.34753000
0.100011,2055,1228.23694000,1228.00134000
0.072039,2058,1723.12500000,1721.77625000
0.107020,2059,1818.37964000,1816.71277000
0.131595,2060,1747.01038000,1741.77649000
0.006024,2061,11183.83400000,9842.59570000
0.063918,2062,1753.08069000,1775.06165000
0.040212,2063,820.52710000,819.54974400
0.207225,2064,254.64746100,254.55532800
0.136371,2065,2069.78735000,2049.04297000
0.051541,2066,1916.11365000,1893.07825000
0.049567,2067,1820.42688000,1829.75684000
0.102336,2069,2178.59082000,2184.26904000
0.177623,2070,308.79614300,311.09423800
0.025875,2071,640.78424100,638.99084500
0.080950,2073,2242.95435000,2286.96265000
0.089392,2074,1897.57849000,1908.91626000
0.181200,2075,2232.61743000,2219.12988000
0.095302,2076,176.84080500,178.41473400
0.138324,2077,2124.80127000,2120.61206000
0.157151,2078,864.49261500,866.09814500
0.198692,2079,1693.99377000,1683.64001000
0.223580,2080,372.39868200,372.57043500
0.043641,2081,361.80194100,361.49255400
0.148475,2082,2442.49976000,2461.52979000
0.095010,2083,1793.60730000,1799.92261000
0.134181,2084,1661.50977000,1644.11829000
0.084990,2085,2498.28223000,2477.32007000
0.051771,2086,1531.33313000,1541.14343000
0.101662,2087,383.95742800,382.15707400
0.213057,2088,1628.44470000,1637.40808000
0.127336,2089,1767.52222000,1764.11255000
0.074843,2090,363.99993900,
0.068909,2091,1750.43970000,1756.15881000
0.111653,2092,1820.00488000,1827.15527000
0.118663,2093,975.78070100,981.05761700
0.124132,2094,244.53732300,244.86026000
0.107220,2095,889.05584700,873.99145500
0.067636,2096,1274.84668000,1270.14648000
0.162471,2097,1731.55139000,1729.19043000
0.061901,2098,2208.66821000,2190.07446000
0.128034,2099,303.61749300,303.40820300
0.160164,2100,1218.27356000,1222.43909000
0.218262,2102,907.94531200,906.11596700
0.151894,2104,1429.26233000,1422.50696000
0.129844,2105,2096.14404000,2095.46338000
0.124301,2106,784.34594700,781.38317900
0.153736,2107,344.69842500,344.41394000
0.076787,2108,772.69104000,753.43859900
0.161352,2110,575.98284900,578.02362100
0.137771,2111,474.19641100,474.73175000
0.069412,2112,501.66400100,502.30441300
0.111398,2113,2005.57312000,2016.25769000
0.164054,2114,2877.13013000,2914.56323000
0.093067,2115,699.30328400,699.70214800
0.177733,2117,237.19621300,239.89125100
0.078465,2118,1082.27698000,1110.77478000
0.015111,2120,415.30456500,413.71814000
0.119220,2121,864.01849400,862.30072000
0.117010,2122,1102.76843000,1085.92981000
0.085893,2123,2497.70142000,2142.65967000
0.189994,2124,1340.37048000,1322.89441000
0.243563,2125,488.13055400,489.62561000
0.174843,2126,322.91925000,323.16595500
0.074315,2127,714.42834500,699.37194800
0.214706,2128,128.09632900,123.79992700
0.066779,2130,2572.76074000,870.67749000
0.035650,2131,439.01049800,438.12924200
0.108482,2132,374.11923200,375.06005900
0.055804,2134,6218.41309000,6208.10205000
0.199205,2135,2536.06494000,2478.87817000
0.077495,2136,2492.17236000,2459.38477000
0.078277,2137,444.80786100,443.15863000
0.144480,2138,417.45864900,419.05499300
0.080356,2139,734.04010000,732.01171900
0.073119,2140,2403.23657000,2385.35449000
0.000603,2141,968.81561300,976.09564200
0.081695,2142,783.83752400,768.56921400
0.187980,2143,198.55880700,196.43638600
0.076386,2144,2044.12573000,2385.42383000
0.136194,2145,399.12371800,396.65045200
0.068199,2146,633.04156500,619.23345900
0.098252,2147,697.28210400,694.24578900
0.125752,2148,903.64587400,895.28314200
0.069047,2149,1205.23633000,1206.05139000
0.131878,2150,1092.88489000,1104.53223000
0.048884,2151,900.66748000,896.51434300
0.079574,2153,1190.04529000,1191.26892000
0.114155,2154,761.47613500,763.10290500
0.110517,2155,650.17211900,653.16613800
0.021768,2156,650.73449700,648.75976600
0.084547,2157,451.81185900,451.90393100
0.177472,2158,1181.16772000,1181.70850000
0.107465,2159,2826.96997000,2816.51392000
0.155350,2160,704.29992700,703.02160600
0.208184,2161,269.17758200,270.56472800
0.475470,2162,7446.63037000,7249.57812000
0.117424,2163,2981.15503000,2938.86865000
0.074117,2164,888.39965800,892.47131300
0.022766,2165,1230.63062000,1231.05933000
0.030396,2166,1656.66260000,1661.86499000
0.170593,2167,381.88458300,380.88940400
0.141843,2168,170.78968800,171.45462000
0.207940,2169,6519.35303000,6387.21875000
0.086372,2170,3494.95068000,3497.77808000
0.034786,2171,697.13366700,693.44427500
0.079951,2173,461.61077900,462.14343300
0.017232,2174,765.54919400,765.87530500
0.067546,2175,963.47747800,964.79693600
0.300606,2176,317.98745700,319.16693100
0.172603,2177,260.78118900,260.90466300
0.059456,2178,1116.23462000,1117.52979000
0.121587,2179,2010.73279000,2033.98865000
0.493022,2180,142.55171200,142.68258700
0.061812,2181,5278.93115000,5228.79004000
0.214843,2182,309.36965900,308.21585100
0.077957,2183,1975.30103000,1951.15784000
0.105375,2185,3104.12915000,3167.40918000
0.451403,2186,5488.57031000,5596.08643000
0.095344,2187,2207.76880000,2200.16357000
0.123992,2189,3749.88770000,3682.83569000
0.075297,2190,1799.06677000,1798.39722000
0.082283,2191,1419.69714000,1409.41211000
0.041951,2192,1069.96729000,1077.45276000
0.135289,2193,966.93402100,962.78125000
0.083626,2195,912.39679000,905.12597700
0.056824,2196,786.01599100,789.05419900
0.028800,2197,2314.81274000,2399.95093000
0.328465,2198,329.94653300,333.05719000
0.066191,2199,893.46502700,889.00311300
0.032994,2200,625.26672400,623.48522900
0.090459,2201,1057.87622000,1056.43896000
0.048333,2202,3991.30884000,3948.13940000
0.072059,2203,4212.19678000,4067.99731000
0.390309,2204,4974.42871000,4453.70264000
0.395421,2205,8108.45068000,6498.03223000
0.070073,2207,858.34680200,858.14154100
0.103170,2208,3002.95532000,3017.18359000
0.299754,2209,1034.87244000,1037.17383000
0.155274,2210,454.96197500,458.77221700
0.074360,2211,519.07769800,520.63104200
0.042675,2212,1883.35547000,1889.10535000
0.485824,2213,7387.70850000,7315.11621000
0.460179,2214,169.05278000,169.53732300
0.046911,2215,1984.89014000,1958.82581000
0.034278,2216,2152.25708000,2145.37646000
0.074643,2217,1534.12109000,1539.08472000
0.065920,2218,3409.34668000,3401.40186000
0.045384,2219,1484.83899000,1501.25891000
0.150004,2220,2612.09619000,2674.08301000
0.167107,2221,224.36961400,224.30955500
0.191683,2222,2819.70410000,2791.67065000
0.178922,2223,495.49975600,490.23266600
0.303650,2224,314.79245000,314.86273200
0.143799,2225,590.13311800,583.42913800
0.063620,2229,584.15905800,584.41687000
0.044375,2230,960.47802700,1005.44855000
0.192074,2231,283.54650900,285.61880500
0.131255,2233,369.21948200,365.90423600
0.357433,2234,109.71725500,109.04422000
0.111344,2235,618.38690200,618.13916000
0.134664,2236,2782.51318000,2808.73779000
0.291765,2237,123.57344800,124.06082900
0.034269,2238,561.43505900,588.43615700
0.048635,2240,743.65344200,746.40417500
0.009547,2241,573.95397900,578.89221200
0.079626,2242,2768.39282000,2748.10718000
0.110148,2243,1434.34668000,1438.08435000
0.027773,2244,1034.13220000,1033.18225000
0.020459,2245,580.51574700,582.14337200
0.482665,2246,2094.59741000,2122.10693000
0.085437,2251,3017.89673000,3028.17603000
0.259509,2252,127.62155200,127.91220900
0.065323,2253,1735.09509000,1756.69763000
0.025702,2254,984.25524900,982.56085200
0.046832,2255,1558.92908000,1522.48987000
0.059536,2256,1118.56116000,1130.53345000
0.127709,2257,1766.95569000,1757.08704000
0.090862,2258,747.66442900,746.44543500
0.040763,2259,1081.88501000,1085.79626000
0.035472,2260,742.77807600,628.85784900
0.237543,2261,383.72052000,383.82943700
0.055909,2262,523.13220200,522.97351100
0.033373,2263,3118.37158000,3124.87842000